{
    "ADM_01": {
        "1": {
            "answer": "Claire Durand"
        },
        "2": {
            "answer": "Aubert"
        },
        "3": {
            "answer": "Marc"
        },
        "4": {
            "answer": 1.1
        },
        "5": {
            "answer": "Chef de l'exploitation"
        },
        "6": {
            "answer": ""
        },
        "7": {
            "answer": "Suisse"
        },
        "8": {
            "answer": "Vaud"
        },
        "9": {
            "answer": "Morges"
        },
        "10": {
            "answer": "Pampigny"
        },
        "11": {
            "answer": ""
        },
        "12": {
            "answer": ""
        },
        "13": {
            "answer": "14.12.2017"
        },
        "14": {
            "answer": "Homme"
        },
        "15": {
            "answer": 39
        },
        "16": {
            "answer": "Elevage"
        },
        "17": {
            "answer": "Exploitation conventionnelle"
        },
        "18": {
            "answer": "31-50 ha"
        }
    },
    "PSP_02": {
        "1": [
            [
                {
                    "answer": true
                },
                {
                    "answer": true
                },
                {
                    "answer": false
                }
            ],
            [
                {
                    "answer": true
                },
                {
                    "answer": true
                },
                {
                    "answer": false
                }
            ],
            [
                {
                    "answer": true
                },
                {
                    "answer": false
                },
                {
                    "answer": true
                }
            ],
            [
                {
                    "answer": false
                },
                {
                    "answer": false
                },
                {
                    "answer": false
                }
            ],
            [
                {
                    "answer": false
                },
                {
                    "answer": false
                },
                {
                    "answer": false
                }
            ],
            [
                {
                    "answer": false
                },
                {
                    "answer": false
                },
                {
                    "answer": false
                }
            ],
            [
                {
                    "answer": false
                },
                {
                    "answer": false
                },
                {
                    "answer": false
                }
            ],
            [
                {
                    "answer": false
                },
                {
                    "answer": false
                },
                {
                    "answer": false
                }
            ],
            [
                {
                    "answer": false
                },
                {
                    "answer": false
                },
                {
                    "answer": false
                }
            ],
            [
                {
                    "answer": false
                },
                {
                    "answer": false
                },
                {
                    "answer": false
                }
            ],
            [
                {
                    "answer": false
                },
                {
                    "answer": false
                },
                {
                    "answer": false
                }
            ],
            [
                {
                    "answer": false
                },
                {
                    "answer": false
                },
                {
                    "answer": false
                }
            ]
        ],
        "2": [
            [
                {
                    "answer": true
                }
            ],
            [
                {
                    "answer": false
                }
            ],
            [
                {
                    "answer": false
                }
            ]
        ],
        "3": {
            "answer": "Beaucoup"
        },
        "4": {
            "answer": "Un peu"
        }
    },
    "PSP_01": {
        "1": [
            [
                {
                    "answer": 2
                },
                {
                    "answer": true
                },
                {
                    "answer": 1
                },
                {
                    "answer": 2
                },
                {
                    "answer": 0
                },
                {
                    "answer": 0
                },
                {
                    "answer": 1
                }
            ],
            [
                {
                    "answer": 1
                },
                {
                    "answer": false
                },
                {
                    "answer": ""
                },
                {
                    "answer": ""
                },
                {
                    "answer": ""
                },
                {
                    "answer": ""
                },
                {
                    "answer": ""
                }
            ],
            [
                {
                    "answer": ""
                },
                {
                    "answer": false
                },
                {
                    "answer": ""
                },
                {
                    "answer": ""
                },
                {
                    "answer": ""
                },
                {
                    "answer": ""
                },
                {
                    "answer": ""
                }
            ],
            [
                {
                    "answer": ""
                },
                {
                    "answer": false
                },
                {
                    "answer": ""
                },
                {
                    "answer": ""
                },
                {
                    "answer": ""
                },
                {
                    "answer": ""
                },
                {
                    "answer": ""
                }
            ],
            [
                {
                    "answer": ""
                },
                {
                    "answer": false
                },
                {
                    "answer": ""
                },
                {
                    "answer": ""
                },
                {
                    "answer": ""
                },
                {
                    "answer": ""
                },
                {
                    "answer": ""
                }
            ],
            [
                {
                    "answer": ""
                },
                {
                    "answer": false
                },
                {
                    "answer": ""
                },
                {
                    "answer": ""
                },
                {
                    "answer": ""
                },
                {
                    "answer": ""
                },
                {
                    "answer": ""
                }
            ]
        ],
        "2": {
            "answer": "Plus de 70h/semaine"
        },
        "3": {
            "answer": "Non-applicable"
        },
        "4": {
            "answer": "Oui, il a pu choisir librement"
        },
        "5": [
            [
                {
                    "answer": true
                },
                {
                    "answer": "aidé pour les repas et le ménage"
                }
            ],
            [
                {
                    "answer": false
                },
                {
                    "answer": ""
                }
            ]
        ],
        "6": {
            "answer": "Un peu"
        },
        "7": {
            "answer": "Un peu"
        }
    },
    "PSP_04": {
        "1": {
            "answer": "Oui"
        },
        "2": [
            [
                {
                    "answer": true
                },
                {
                    "answer": 1
                }
            ],
            [
                {
                    "answer": false
                },
                {
                    "answer": ""
                }
            ],
            [
                {
                    "answer": false
                },
                {
                    "answer": ""
                }
            ],
            [
                {
                    "answer": true
                },
                {
                    "answer": 1
                }
            ],
            [
                {
                    "answer": true
                },
                {
                    "answer": 1
                }
            ],
            [
                {
                    "answer": false
                },
                {
                    "answer": ""
                }
            ],
            [
                {
                    "answer": false
                },
                {
                    "answer": ""
                }
            ],
            [
                {
                    "answer": false
                },
                {
                    "answer": ""
                }
            ],
            [
                {
                    "answer": false
                },
                {
                    "answer": ""
                }
            ],
            [
                {
                    "answer": false
                },
                {
                    "answer": ""
                }
            ],
            [
                {
                    "answer": false
                },
                {
                    "answer": ""
                }
            ],
            [
                {
                    "answer": false
                },
                {
                    "answer": ""
                }
            ],
            [
                {
                    "answer": false
                },
                {
                    "answer": ""
                }
            ],
            [
                {
                    "answer": false
                },
                {
                    "answer": ""
                }
            ],
            [
                {
                    "answer": false
                },
                {
                    "answer": ""
                }
            ],
            [
                {
                    "answer": false
                },
                {
                    "answer": ""
                }
            ],
            [
                {
                    "answer": false
                },
                {
                    "answer": ""
                }
            ],
            [
                {
                    "answer": false
                },
                {
                    "answer": ""
                }
            ],
            [
                {
                    "answer": false
                },
                {
                    "answer": ""
                }
            ],
            [
                {
                    "answer": false
                },
                {
                    "answer": ""
                }
            ],
            [
                {
                    "answer": false
                },
                {
                    "answer": ""
                }
            ],
            [
                {
                    "answer": false
                },
                {
                    "answer": ""
                }
            ],
            [
                {
                    "answer": false
                },
                {
                    "answer": ""
                }
            ],
            [
                {
                    "answer": false
                },
                {
                    "answer": ""
                }
            ],
            [
                {
                    "answer": false
                },
                {
                    "answer": ""
                }
            ],
            [
                {
                    "answer": false
                },
                {
                    "answer": ""
                }
            ],
            [
                {
                    "answer": false
                },
                {
                    "answer": ""
                }
            ],
            [
                {
                    "answer": false
                },
                {
                    "answer": ""
                }
            ],
            [
                {
                    "answer": false
                },
                {
                    "answer": ""
                }
            ],
            [
                {
                    "answer": false
                },
                {
                    "answer": ""
                }
            ],
            [
                {
                    "answer": false
                },
                {
                    "answer": ""
                }
            ],
            [
                {
                    "answer": false
                },
                {
                    "answer": ""
                }
            ],
            [
                {
                    "answer": false
                },
                {
                    "answer": ""
                }
            ]
        ],
        "3": {
            "answer": "Non",
            "comment": ""
        },
        "4": [
            [
                {
                    "answer": false
                }
            ],
            [
                {
                    "answer": false
                }
            ],
            [
                {
                    "answer": false
                }
            ],
            [
                {
                    "answer": false
                }
            ]
        ],
        "5": {
            "answer": "Un peu"
        },
        "6": {
            "answer": "Moyenne"
        }
    },
    "PSP_05": {
        "1": {
            "answer": "Oui"
        },
        "2": [
            [
                {
                    "answer": ""
                },
                {
                    "answer": ""
                },
                {
                    "answer": false
                },
                {
                    "answer": false
                }
            ],
            [
                {
                    "answer": 85
                },
                {
                    "answer": 1
                },
                {
                    "answer": false
                },
                {
                    "answer": true
                }
            ],
            [
                {
                    "answer": ""
                },
                {
                    "answer": ""
                },
                {
                    "answer": false
                },
                {
                    "answer": false
                }
            ],
            [
                {
                    "answer": ""
                },
                {
                    "answer": ""
                },
                {
                    "answer": false
                },
                {
                    "answer": false
                }
            ],
            [
                {
                    "answer": ""
                },
                {
                    "answer": ""
                },
                {
                    "answer": false
                },
                {
                    "answer": false
                }
            ],
            [
                {
                    "answer": ""
                },
                {
                    "answer": ""
                },
                {
                    "answer": false
                },
                {
                    "answer": false
                }
            ],
            [
                {
                    "answer": ""
                },
                {
                    "answer": ""
                },
                {
                    "answer": false
                },
                {
                    "answer": false
                }
            ],
            [
                {
                    "answer": ""
                },
                {
                    "answer": ""
                },
                {
                    "answer": false
                },
                {
                    "answer": false
                }
            ]
        ],
        "3": {
            "answer": "Complètement"
        },
        "4": {
            "answer": "Aucune"
        }
    },
    "PSP_07": {
        "1": [
            [
                {
                    "answer": false
                }
            ],
            [
                {
                    "answer": true
                }
            ],
            [
                {
                    "answer": false
                }
            ],
            [
                {
                    "answer": false
                }
            ],
            [
                {
                    "answer": false
                }
            ],
            [
                {
                    "answer": false
                }
            ],
            [
                {
                    "answer": false
                }
            ],
            [
                {
                    "answer": false
                }
            ]
        ],
        "2": {
            "answer": "Foin, regain, bouchons de maïs plantes entières, concentrés 18% et 40%"
        },
        "3": {
            "answer": ""
        },
        "4": {
            "answer": "Non-applicable"
        },
        "5": {
            "answer": "0%"
        },
        "6": {
            "answer": "Non"
        },
        "7": {
            "answer": "Complètement"
        },
        "8": {
            "answer": "Très élevée"
        }
    },
    "PSP_03": {
        "1": {
            "answer": "Non"
        },
        "2": [
            [
                {
                    "answer": ""
                },
                {
                    "answer": ""
                },
                {
                    "answer": false
                },
                {
                    "answer": ""
                },
                {
                    "answer": ""
                }
            ],
            [
                {
                    "answer": ""
                },
                {
                    "answer": ""
                },
                {
                    "answer": false
                },
                {
                    "answer": ""
                },
                {
                    "answer": ""
                }
            ],
            [
                {
                    "answer": ""
                },
                {
                    "answer": ""
                },
                {
                    "answer": false
                },
                {
                    "answer": ""
                },
                {
                    "answer": ""
                }
            ],
            [
                {
                    "answer": ""
                },
                {
                    "answer": ""
                },
                {
                    "answer": false
                },
                {
                    "answer": ""
                },
                {
                    "answer": ""
                }
            ]
        ],
        "3": [],
        "4": []
    },
    "PSP_08": {
        "1": [
            [
                {
                    "answer": "Non"
                },
                {
                    "answer": "Non"
                }
            ],
            [
                {
                    "answer": "Oui"
                },
                {
                    "answer": "Oui"
                }
            ],
            [
                {
                    "answer": "Non"
                },
                {
                    "answer": "Non"
                }
            ],
            [
                {
                    "answer": "Non"
                },
                {
                    "answer": "Non"
                }
            ],
            [
                {
                    "answer": "Oui"
                },
                {
                    "answer": "Oui"
                }
            ],
            [
                {
                    "answer": "Oui"
                },
                {
                    "answer": "Oui"
                }
            ],
            [
                {
                    "answer": "Oui"
                },
                {
                    "answer": "Oui"
                }
            ],
            [
                [],
                []
            ]
        ],
        "2": {
            "answer": "Beaucoup"
        },
        "3": {
            "answer": "Elevée"
        },
        "4": {
            "answer": "Beaucoup"
        },
        "5": {
            "answer": "Moyenne"
        }
    },
    "PSP_09": {
        "1": {
            "answer": "Non"
        },
        "2": {
            "answer": ""
        },
        "3": {
            "answer": ""
        },
        "4": {
            "answer": ""
        },
        "5": [],
        "6": {
            "answer": "Je ne sais pas"
        },
        "7": {
            "answer": ""
        },
        "8": {
            "answer": "Non"
        },
        "9": {
            "answer": ""
        },
        "10": {
            "answer": ""
        },
        "11": {
            "answer": ""
        },
        "12": [],
        "13": {
            "answer": "Je ne sais pas"
        },
        "14": {
            "answer": "Moyennement"
        },
        "15": {
            "answer": "Moyenne"
        }
    },
    "PSP_10": {
        "1": {
            "answer": "Non"
        },
        "2": {
            "answer": ""
        },
        "3": {
            "answer": "Non"
        },
        "4": {
            "answer": []
        },
        "5": {
            "answer": "1-10 %"
        },
        "6": {
            "answer": "toutes"
        },
        "7": {
            "answer": [
                "Arbres pour l'ombre",
                "Produits alimentaires (personnes)"
            ]
        },
        "8": {
            "answer": "Un peu"
        },
        "9": {
            "answer": "Faible"
        }
    },
    "PSP_11": {
        "1": {
            "answer": "Oui"
        },
        "2": {
            "answer": [
                "Prédateurs/Animaux nuisibles",
                "Sécheresse",
                "Forte pluie"
            ]
        },
        "3": [
            [
                {
                    "answer": true
                },
                {
                    "answer": "réserve financière,réserve de fourrage"
                }
            ],
            [
                {
                    "answer": false
                },
                {
                    "answer": ""
                }
            ]
        ],
        "4": {
            "answer": "Non"
        },
        "5": {
            "answer": []
        },
        "6": [
            [
                {
                    "answer": false
                },
                {
                    "answer": ""
                }
            ],
            [
                {
                    "answer": false
                },
                {
                    "answer": ""
                }
            ]
        ],
        "7": [],
        "8": []
    },
    "PSP_12": {
        "1": [
            [
                {
                    "answer": "Oui"
                }
            ],
            [
                {
                    "answer": "Oui"
                }
            ],
            [
                {
                    "answer": "Non"
                }
            ],
            [
                {
                    "answer": "Oui"
                }
            ],
            [
                {
                    "answer": "Oui"
                }
            ],
            [
                {
                    "answer": "Non"
                }
            ],
            [
                {
                    "answer": "Oui"
                }
            ],
            [
                {
                    "answer": "Oui"
                }
            ],
            [
                {
                    "answer": "Non"
                }
            ],
            [
                {
                    "answer": "Oui"
                }
            ],
            [
                []
            ]
        ],
        "2": {
            "answer": "Moyennement"
        },
        "3": {
            "answer": "Moyennement"
        }
    },
    "PSP_13": {
        "1": [
            [
                {
                    "answer": true
                },
                {
                    "answer": false
                }
            ],
            [
                {
                    "answer": false
                },
                {
                    "answer": false
                }
            ],
            [
                {
                    "answer": true
                },
                {
                    "answer": false
                }
            ],
            [
                {
                    "answer": true
                },
                {
                    "answer": true
                }
            ],
            [
                {
                    "answer": true
                },
                {
                    "answer": false
                }
            ],
            [
                {
                    "answer": true
                },
                {
                    "answer": true
                }
            ],
            [
                {
                    "answer": true
                },
                {
                    "answer": true
                }
            ],
            [
                {
                    "answer": true
                },
                {
                    "answer": true
                }
            ],
            [
                {
                    "answer": false
                },
                {
                    "answer": false
                }
            ],
            [
                {
                    "answer": true
                },
                {
                    "answer": true
                }
            ],
            [
                {
                    "answer": false
                },
                {
                    "answer": false
                }
            ]
        ],
        "2": {
            "answer": "Beaucoup"
        },
        "3": {
            "answer": "Beaucoup"
        }
    },
    "PSP_14": {
        "1": {
            "answer": "Oui"
        },
        "2": {
            "answer": "Oui"
        },
        "3": {
            "answer": [
                "Diminution des précipitations",
                "Plus grande variabilité des précipitations",
                "Augmentation de la température",
                "Arrivée du printemps précoce",
                "Sécheresse inhabituelle"
            ]
        },
        "4": {
            "answer": "manque de fourrage pour le bétail pendant la saison estivale et pour les réserve hivernale"
        },
        "5": {
            "answer": "Non"
        },
        "6": {
            "answer": "Oui"
        },
        "7": {
            "answer": "bon"
        },
        "8": {
            "answer": "Oui"
        },
        "9": [
            [
                {
                    "answer": false
                }
            ],
            [
                {
                    "answer": true
                }
            ],
            [
                {
                    "answer": true
                }
            ],
            [
                {
                    "answer": false
                }
            ],
            [
                {
                    "answer": false
                }
            ],
            [
                {
                    "answer": true
                }
            ],
            [
                {
                    "answer": true
                }
            ],
            [
                {
                    "answer": true
                }
            ],
            [
                {
                    "answer": false
                }
            ]
        ],
        "10": {
            "answer": "Oui"
        },
        "11": {
            "answer": "Oui"
        },
        "12": {
            "answer": "Une seule source"
        },
        "13": {
            "answer": "Beaucoup"
        },
        "14": {
            "answer": "Moyenne"
        }
    },
    "PSP_15": {
        "1": [],
        "2": {
            "answer": ""
        },
        "3": [],
        "4": []
    },
    "PSP_16": {
        "1": {
            "answer": "Non"
        },
        "2": [
            [
                {
                    "answer": false
                }
            ],
            [
                {
                    "answer": false
                }
            ],
            [
                {
                    "answer": false
                }
            ],
            [
                {
                    "answer": false
                }
            ],
            [
                {
                    "answer": false
                }
            ],
            [
                {
                    "answer": false
                }
            ],
            [
                {
                    "answer": false
                }
            ],
            [
                {
                    "answer": false
                }
            ],
            [
                {
                    "answer": false
                }
            ],
            [
                {
                    "answer": false
                }
            ],
            [
                {
                    "answer": false
                }
            ]
        ],
        "3": [],
        "4": []
    },
    "PSP_17": {
        "1": [
            [
                {
                    "answer": false
                },
                {
                    "answer": false
                }
            ],
            [
                {
                    "answer": true
                },
                {
                    "answer": true
                }
            ],
            [
                {
                    "answer": true
                },
                {
                    "answer": true
                }
            ]
        ],
        "2": {
            "answer": "Quelquefois"
        },
        "3": {
            "answer": [
                "Gants"
            ]
        },
        "4": {
            "answer": [
                "Jetés à la poubelle"
            ]
        },
        "5": {
            "answer": "Moyennement"
        },
        "6": {
            "answer": "Faible"
        }
    },
    "PSP_18": {
        "1": {
            "answer": "Non",
            "comment": ""
        },
        "2": {
            "answer": ""
        },
        "3": [],
        "4": [],
        "5": []
    },
    "GOV_01": {
        "1": {
            "answer": "Oui"
        },
        "2": [
            [
                {
                    "answer": true
                }
            ],
            [
                {
                    "answer": false
                }
            ],
            [
                {
                    "answer": false
                }
            ],
            [
                {
                    "answer": false
                }
            ]
        ],
        "3": {
            "answer": "Non, elles ne sont pas flexibles"
        },
        "4": {
            "answer": "lenteur administrative "
        },
        "5": {
            "answer": "Oui"
        },
        "6": {
            "answer": "Pas du tout"
        },
        "7": {
            "answer": "Faible"
        }
    },
    "ENV_01": {
        "1": [
            [
                {
                    "answer": "Autre (mais excepté la pluie"
                },
                [],
                {
                    "answer": ""
                }
            ],
            [
                [],
                [],
                {
                    "answer": ""
                }
            ],
            [
                [],
                [],
                {
                    "answer": ""
                }
            ],
            [
                [],
                [],
                {
                    "answer": ""
                }
            ],
            [
                [],
                [],
                {
                    "answer": ""
                }
            ]
        ],
        "2": {
            "answer": "Beaucoup"
        },
        "3": {
            "answer": "Beaucoup"
        }
    },
    "ENV_02": {
        "1": {
            "answer": [
                "Citernes"
            ]
        },
        "2": {
            "answer": "Un peu"
        },
        "3": {
            "answer": "Moyenne"
        }
    },
    "ENV_03": {
        "1": [
            [
                {
                    "answer": false
                },
                {
                    "answer": ""
                }
            ],
            [
                {
                    "answer": false
                },
                {
                    "answer": ""
                }
            ],
            [
                {
                    "answer": false
                },
                {
                    "answer": ""
                }
            ],
            [
                {
                    "answer": false
                },
                {
                    "answer": ""
                }
            ],
            [
                {
                    "answer": false
                },
                {
                    "answer": ""
                }
            ],
            [
                {
                    "answer": false
                },
                {
                    "answer": ""
                }
            ]
        ],
        "2": {
            "answer": "Complètement"
        },
        "3": {
            "answer": "Complètement"
        },
        "4": {
            "answer": "Complètement"
        },
        "5": {
            "answer": "Très élevée"
        }
    },
    "ENV_04": {
        "1": [
            [
                {
                    "answer": 16
                },
                {
                    "answer": 18
                },
                {
                    "answer": ""
                },
                {
                    "answer": ""
                }
            ],
            [
                {
                    "answer": 28
                },
                {
                    "answer": ""
                },
                {
                    "answer": ""
                },
                {
                    "answer": ""
                }
            ],
            [
                {
                    "answer": 1
                },
                {
                    "answer": ""
                },
                {
                    "answer": ""
                },
                {
                    "answer": ""
                }
            ]
        ],
        "2": {
            "answer": 64
        },
        "3": {
            "answer": 7
        },
        "4": {
            "answer": "Beaucoup"
        },
        "5": {
            "answer": "Moyenne"
        }
    },
    "ENV_05": {
        "1": {
            "answer": 3
        },
        "2": {
            "answer": [
                "Limoneux?"
            ]
        },
        "3": {
            "answer": "Elevée"
        },
        "4": {
            "answer": "Oui"
        },
        "5": {
            "answer": "Moyennement"
        },
        "6": {
            "answer": "Beaucoup"
        },
        "7": {
            "answer": "Oui"
        },
        "8": {
            "answer": "poids du matériel agricole"
        },
        "9": {
            "answer": "Oui"
        },
        "10": {
            "answer": "Oui"
        }
    },
    "ENV_06": {
        "1": [
            [
                {
                    "answer": false
                },
                {
                    "answer": ""
                }
            ],
            [
                {
                    "answer": false
                },
                {
                    "answer": ""
                }
            ],
            [
                {
                    "answer": false
                },
                {
                    "answer": ""
                }
            ],
            [
                {
                    "answer": false
                },
                {
                    "answer": ""
                }
            ],
            [
                {
                    "answer": true
                },
                {
                    "answer": ""
                }
            ],
            [
                {
                    "answer": true
                },
                {
                    "answer": ""
                }
            ],
            [
                {
                    "answer": false
                },
                {
                    "answer": ""
                }
            ],
            [
                {
                    "answer": false
                },
                {
                    "answer": ""
                }
            ],
            [
                {
                    "answer": false
                },
                {
                    "answer": ""
                }
            ],
            [
                {
                    "answer": true
                },
                {
                    "answer": ""
                }
            ],
            [
                {
                    "answer": true
                },
                {
                    "answer": ""
                }
            ],
            [
                {
                    "answer": false
                },
                {
                    "answer": ""
                }
            ],
            [
                {
                    "answer": false
                },
                {
                    "answer": ""
                }
            ],
            [
                {
                    "answer": false
                },
                {
                    "answer": ""
                }
            ],
            [
                {
                    "answer": false
                },
                {
                    "answer": ""
                }
            ],
            [
                {
                    "answer": false
                },
                {
                    "answer": ""
                }
            ]
        ],
        "2": {
            "answer": "Moyennement"
        },
        "3": {
            "answer": "Moyenne"
        }
    },
    "ENV_07": {
        "1": {
            "answer": "Jamais"
        },
        "2": {
            "answer": ""
        },
        "3": [],
        "4": []
    },
    "ENV_08": {
        "1": {
            "answer": "Pas du tout"
        },
        "2": [],
        "3": []
    },
    "ENV_09": {
        "1": [
            [
                {
                    "answer": false
                },
                {
                    "answer": false
                },
                {
                    "answer": false
                }
            ],
            [
                {
                    "answer": false
                },
                {
                    "answer": false
                },
                {
                    "answer": false
                }
            ],
            [
                {
                    "answer": false
                },
                {
                    "answer": false
                },
                {
                    "answer": false
                }
            ],
            [
                {
                    "answer": false
                },
                {
                    "answer": false
                },
                {
                    "answer": false
                }
            ],
            [
                {
                    "answer": false
                },
                {
                    "answer": false
                },
                {
                    "answer": false
                }
            ],
            [
                {
                    "answer": false
                },
                {
                    "answer": false
                },
                {
                    "answer": false
                }
            ],
            [
                {
                    "answer": false
                },
                {
                    "answer": false
                },
                {
                    "answer": false
                }
            ],
            [
                {
                    "answer": false
                },
                {
                    "answer": false
                },
                {
                    "answer": false
                }
            ],
            [
                {
                    "answer": false
                },
                {
                    "answer": false
                },
                {
                    "answer": false
                }
            ],
            [
                {
                    "answer": true
                },
                {
                    "answer": true
                },
                {
                    "answer": false
                }
            ],
            [
                {
                    "answer": false
                },
                {
                    "answer": false
                },
                {
                    "answer": false
                }
            ],
            [
                {
                    "answer": true
                },
                {
                    "answer": false
                },
                {
                    "answer": true
                }
            ],
            [
                {
                    "answer": false
                },
                {
                    "answer": false
                },
                {
                    "answer": false
                }
            ],
            [
                {
                    "answer": false
                },
                {
                    "answer": false
                },
                {
                    "answer": false
                }
            ],
            [
                {
                    "answer": true
                },
                {
                    "answer": true
                },
                {
                    "answer": false
                }
            ],
            [
                {
                    "answer": false
                },
                {
                    "answer": false
                },
                {
                    "answer": false
                }
            ]
        ],
        "2": {
            "answer": "Tout ou la plupart de l'énergie dépend d'acteurs externes (0-20% viennent de votre propre exploitation)"
        },
        "3": {
            "answer": "Complètement"
        },
        "4": {
            "answer": "Elevée"
        }
    },
    "ENV_10": {
        "1": {
            "answer": "Oui"
        },
        "2": [
            [
                {
                    "answer": true
                }
            ],
            [
                {
                    "answer": false
                }
            ],
            [
                {
                    "answer": true
                }
            ],
            [
                {
                    "answer": false
                }
            ]
        ],
        "3": {
            "answer": "Fermé"
        },
        "4": {
            "answer": "Ouvert"
        },
        "5": {
            "answer": "Non"
        },
        "6": [],
        "7": {
            "answer": "Pas du tout"
        },
        "8": {
            "answer": "Moyenne"
        }
    },
    "ENV_11": {
        "1": {
            "answer": "Oui"
        },
        "2": {
            "answer": "Oui"
        },
        "3": [
            [
                {
                    "answer": false
                }
            ],
            [
                {
                    "answer": false
                }
            ],
            [
                {
                    "answer": false
                }
            ]
        ],
        "4": {
            "answer": "Beaucoup"
        },
        "5": {
            "answer": "Moyennement"
        },
        "6": [
            [
                {
                    "answer": true
                },
                {
                    "answer": ""
                },
                {
                    "answer": true
                }
            ],
            [
                {
                    "answer": true
                },
                {
                    "answer": ""
                },
                {
                    "answer": true
                }
            ],
            [
                {
                    "answer": false
                },
                {
                    "answer": ""
                },
                {
                    "answer": false
                }
            ]
        ],
        "7": {
            "answer": "Oui"
        },
        "8": {
            "answer": "Oui"
        },
        "9": [
            [
                {
                    "answer": false
                }
            ],
            [
                {
                    "answer": true
                }
            ],
            [
                {
                    "answer": false
                }
            ],
            [
                {
                    "answer": false
                }
            ],
            [
                {
                    "answer": false
                }
            ],
            [
                {
                    "answer": false
                }
            ]
        ],
        "10": {
            "answer": "Beaucoup"
        },
        "11": {
            "answer": "Moyenne"
        }
    },
    "ENV_12": {
        "1": [
            [
                {
                    "answer": false
                }
            ],
            [
                {
                    "answer": false
                }
            ],
            [
                {
                    "answer": true
                }
            ],
            [
                {
                    "answer": true
                }
            ],
            [
                {
                    "answer": false
                }
            ],
            [
                {
                    "answer": true
                }
            ],
            [
                {
                    "answer": true
                }
            ],
            [
                {
                    "answer": true
                }
            ],
            [
                {
                    "answer": false
                }
            ],
            [
                {
                    "answer": false
                }
            ]
        ],
        "2": {
            "answer": "rumex"
        },
        "3": {
            "answer": "Oui"
        },
        "4": {
            "answer": "Moyennement"
        },
        "5": {
            "answer": "Moyennement"
        }
    },
    "SOC_01": {
        "1": {
            "answer": "Oui"
        },
        "2": [
            [
                {
                    "answer": false
                },
                [],
                []
            ],
            [
                {
                    "answer": true
                },
                {
                    "answer": "Pas actif"
                },
                {
                    "answer": "Deux fois par année ou moins"
                }
            ],
            [
                {
                    "answer": false
                },
                [],
                []
            ],
            [
                {
                    "answer": false
                },
                [],
                []
            ],
            [
                {
                    "answer": false
                },
                [],
                []
            ],
            [
                {
                    "answer": false
                },
                [],
                []
            ],
            [
                {
                    "answer": false
                },
                [],
                []
            ],
            [
                {
                    "answer": false
                },
                [],
                []
            ],
            [
                {
                    "answer": false
                },
                [],
                []
            ],
            [
                {
                    "answer": true
                },
                {
                    "answer": "Assez actif"
                },
                {
                    "answer": "Deux fois par année ou moins"
                }
            ],
            [
                {
                    "answer": false
                },
                [],
                []
            ],
            [
                {
                    "answer": false
                },
                [],
                []
            ],
            [
                {
                    "answer": false
                },
                [],
                []
            ],
            [
                {
                    "answer": false
                },
                [],
                []
            ],
            [
                {
                    "answer": false
                },
                [],
                []
            ],
            [
                {
                    "answer": false
                },
                [],
                []
            ],
            [
                {
                    "answer": false
                },
                [],
                []
            ],
            [
                {
                    "answer": false
                },
                [],
                []
            ],
            [
                {
                    "answer": false
                },
                [],
                []
            ],
            [
                {
                    "answer": false
                },
                [],
                []
            ],
            [
                {
                    "answer": true
                },
                {
                    "answer": "Assez actif"
                },
                {
                    "answer": "Une fois par mois"
                }
            ]
        ],
        "3": [
            [
                {
                    "answer": false
                }
            ],
            [
                {
                    "answer": false
                }
            ],
            [
                {
                    "answer": false
                }
            ],
            [
                {
                    "answer": false
                }
            ],
            [
                {
                    "answer": true
                }
            ],
            [
                {
                    "answer": true
                }
            ],
            [
                {
                    "answer": true
                }
            ],
            [
                {
                    "answer": false
                }
            ]
        ],
        "4": {
            "answer": "Non"
        },
        "5": {
            "answer": ""
        },
        "6": {
            "answer": "Un peu"
        },
        "7": {
            "answer": "Un peu"
        },
        "8": {
            "answer": "Moyennement"
        },
        "9": {
            "answer": "Faible"
        }
    },
    "SOC_02": {
        "1": {
            "answer": "Oui"
        },
        "2": {
            "answer": "Complètement"
        },
        "3": {
            "answer": "Très élevée"
        }
    },
    "SOC_03": {
        "1": [
            [
                {
                    "answer": true
                }
            ],
            [
                {
                    "answer": false
                }
            ],
            [
                {
                    "answer": false
                }
            ],
            [
                {
                    "answer": false
                }
            ],
            [
                {
                    "answer": false
                }
            ],
            [
                {
                    "answer": false
                }
            ],
            [
                {
                    "answer": false
                }
            ],
            [
                {
                    "answer": false
                }
            ],
            [
                {
                    "answer": false
                }
            ],
            [
                {
                    "answer": true
                }
            ],
            [
                {
                    "answer": false
                }
            ]
        ],
        "2": {
            "answer": "Non"
        },
        "3": {
            "answer": ""
        },
        "4": {
            "answer": "Moyennement"
        },
        "5": {
            "answer": "Oui"
        },
        "6": {
            "answer": "Moyennement"
        },
        "7": {
            "answer": "Moyennement"
        }
    },
    "SOC_04": {
        "1": {
            "answer": "Oui et ils sont de bonne qualité"
        },
        "2": {
            "answer": "Complètement"
        },
        "3": {
            "answer": "Très élevée"
        }
    },
    "SOC_05": {
        "1": {
            "answer": "Moyennement"
        },
        "2": {
            "answer": "Oui"
        },
        "3": [
            [
                {
                    "answer": true
                }
            ],
            [
                {
                    "answer": false
                }
            ],
            [
                {
                    "answer": false
                }
            ],
            [
                {
                    "answer": false
                }
            ]
        ],
        "4": [
            [
                {
                    "answer": true
                }
            ],
            [
                {
                    "answer": true
                }
            ],
            [
                {
                    "answer": true
                }
            ],
            [
                {
                    "answer": false
                }
            ],
            [
                {
                    "answer": false
                }
            ]
        ],
        "5": {
            "answer": "Moyennement"
        },
        "6": {
            "answer": "Moyenne"
        }
    },
    "SOC_06": {
        "1": {
            "answer": "Rarement"
        },
        "2": {
            "answer": "Oui"
        },
        "3": {
            "answer": "Oui"
        },
        "4": {
            "answer": "Moyennement"
        },
        "5": {
            "answer": "Moyenne"
        }
    },
    "EC_09": {
        "1": [
            [
                {
                    "answer": 1
                },
                {
                    "answer": ""
                }
            ],
            [
                {
                    "answer": 1
                },
                {
                    "answer": ""
                }
            ],
            [
                {
                    "answer": 3
                },
                {
                    "answer": ""
                }
            ],
            [
                {
                    "answer": 1
                },
                {
                    "answer": ""
                }
            ],
            [
                {
                    "answer": 5
                },
                {
                    "answer": ""
                }
            ],
            [
                [],
                {
                    "answer": ""
                }
            ]
        ],
        "2": {
            "answer": "Beaucoup"
        },
        "3": {
            "answer": "Elevée"
        }
    },
    "EC_08": {
        "1": [
            [
                {
                    "answer": "bâtiment"
                },
                {
                    "answer": false
                },
                {
                    "answer": true
                },
                {
                    "answer": true
                },
                {
                    "answer": ""
                },
                {
                    "answer": false
                }
            ],
            [
                {
                    "answer": "bétail"
                },
                {
                    "answer": false
                },
                {
                    "answer": false
                },
                {
                    "answer": true
                },
                {
                    "answer": ""
                },
                {
                    "answer": true
                }
            ],
            [
                {
                    "answer": "ménage"
                },
                {
                    "answer": true
                },
                {
                    "answer": true
                },
                {
                    "answer": true
                },
                {
                    "answer": ""
                },
                {
                    "answer": false
                }
            ],
            [
                {
                    "answer": "véhicule machine"
                },
                {
                    "answer": false
                },
                {
                    "answer": true
                },
                {
                    "answer": true
                },
                {
                    "answer": ""
                },
                {
                    "answer": false
                }
            ],
            [
                {
                    "answer": ""
                },
                {
                    "answer": false
                },
                {
                    "answer": false
                },
                {
                    "answer": false
                },
                {
                    "answer": ""
                },
                {
                    "answer": false
                }
            ],
            [
                {
                    "answer": ""
                },
                {
                    "answer": false
                },
                {
                    "answer": false
                },
                {
                    "answer": false
                },
                {
                    "answer": ""
                },
                {
                    "answer": false
                }
            ],
            [
                {
                    "answer": ""
                },
                {
                    "answer": false
                },
                {
                    "answer": false
                },
                {
                    "answer": false
                },
                {
                    "answer": ""
                },
                {
                    "answer": false
                }
            ],
            [
                {
                    "answer": ""
                },
                {
                    "answer": false
                },
                {
                    "answer": false
                },
                {
                    "answer": false
                },
                {
                    "answer": ""
                },
                {
                    "answer": false
                }
            ],
            [
                {
                    "answer": ""
                },
                {
                    "answer": false
                },
                {
                    "answer": false
                },
                {
                    "answer": false
                },
                {
                    "answer": ""
                },
                {
                    "answer": false
                }
            ],
            [
                {
                    "answer": ""
                },
                {
                    "answer": false
                },
                {
                    "answer": false
                },
                {
                    "answer": false
                },
                {
                    "answer": ""
                },
                {
                    "answer": false
                }
            ]
        ],
        "2": {
            "answer": "Beaucoup"
        },
        "3": {
            "answer": "Elevée"
        }
    },
    "EC_11": {
        "1": {
            "answer": 1
        },
        "2": [
            [
                {
                    "answer": "Production agricoles"
                }
            ],
            [
                {
                    "answer": "Travaux agricoles pour tiers"
                }
            ],
            [
                []
            ]
        ],
        "3": {
            "answer": "Profit croissant"
        },
        "4": {
            "answer": 20
        },
        "5": {
            "answer": "Non"
        },
        "6": {
            "answer": "Beaucoup"
        },
        "7": {
            "answer": "Moyenne"
        }
    },
    "EC_12": {
        "1": {
            "answer": "Non"
        },
        "2": [],
        "3": [],
        "4": {
            "answer": "Pas du tout"
        }
    },
    "EC_14": {
        "1": {
            "answer": "Non"
        },
        "2": {
            "answer": [
                "Structure ou groupe d'épargne"
            ]
        },
        "3": {
            "answer": "Un peu"
        },
        "4": {
            "answer": "Moyennement"
        }
    },
    "EC_01": {
        "1": {
            "answer": "Moins de 45% de fonds propres"
        },
        "2": {
            "answer": "Un peu"
        },
        "3": {
            "answer": "Moyennement"
        }
    },
    "EC_15": {
        "1": {
            "answer": "J'ai un peu de 'marge de manoeuvre' (c.-à-d. ce que je peux faire/entreprendre est limité)"
        },
        "2": {
            "answer": "Oui"
        },
        "3": {
            "answer": "Moyennement"
        },
        "4": {
            "answer": "Beaucoup"
        }
    },
    "EC_10": {
        "1": [
            [
                {
                    "answer": "Autre"
                }
            ],
            [
                {
                    "answer": "intérêts d'emprunts bancaires"
                }
            ],
            [
                {
                    "answer": "engrais"
                }
            ],
            [
                {
                    "answer": "main-d'oeuvre"
                }
            ],
            [
                []
            ]
        ],
        "2": {
            "answer": "Non"
        },
        "3": {
            "answer": "Non"
        },
        "4": {
            "answer": "Beaucoup"
        },
        "5": {
            "answer": "Très"
        }
    },
    "EC_13": {
        "1": [
            [
                {
                    "answer": "Oui"
                }
            ],
            [
                {
                    "answer": "Oui"
                }
            ],
            [
                {
                    "answer": "Oui"
                }
            ],
            [
                {
                    "answer": "Oui"
                }
            ],
            [
                {
                    "answer": "Oui"
                }
            ],
            [
                {
                    "answer": "Oui"
                }
            ],
            [
                {
                    "answer": "Oui"
                }
            ],
            [
                {
                    "answer": "Oui"
                }
            ],
            [
                []
            ]
        ],
        "2": {
            "answer": ""
        },
        "3": {
            "answer": "Beaucoup"
        },
        "4": {
            "answer": "Beaucoup"
        }
    },
    "EC_07": {
        "1": [
            [
                {
                    "answer": "Oui"
                }
            ],
            [
                {
                    "answer": "Oui"
                }
            ],
            [
                {
                    "answer": "Oui"
                }
            ],
            [
                []
            ],
            [
                {
                    "answer": "Oui"
                }
            ],
            [
                {
                    "answer": "Oui"
                }
            ],
            [
                []
            ],
            [
                []
            ],
            [
                {
                    "answer": "Oui"
                }
            ],
            [
                []
            ]
        ],
        "2": {
            "answer": "Beaucoup"
        },
        "3": {
            "answer": "Beaucoup"
        }
    },
    "EC_06": {
        "1": {
            "answer": "Souvent"
        },
        "2": {
            "answer": "Beaucoup"
        },
        "3": {
            "answer": "Beaucoup"
        }
    },
    "EC_03": {
        "1": [
            [
                {
                    "answer": "Oui"
                },
                {
                    "answer": ""
                }
            ],
            [
                {
                    "answer": "Non"
                },
                {
                    "answer": ""
                }
            ],
            [
                {
                    "answer": "Non"
                },
                {
                    "answer": ""
                }
            ]
        ],
        "2": {
            "answer": [
                "Je suis satisfait"
            ]
        },
        "3": {
            "answer": "Complètement"
        },
        "4": {
            "answer": "Beaucoup"
        }
    },
    "EC_04": {
        "1": [
            [
                {
                    "answer": "lait"
                },
                {
                    "answer": true
                },
                {
                    "answer": "Je suis satisfait"
                },
                {
                    "answer": "Souvent"
                },
                {
                    "answer": false
                }
            ],
            [
                {
                    "answer": "viande"
                },
                {
                    "answer": false
                },
                {
                    "answer": "Je suis satisfait"
                },
                {
                    "answer": "Quelques fois"
                },
                {
                    "answer": false
                }
            ],
            [
                {
                    "answer": ""
                },
                {
                    "answer": false
                },
                [],
                [],
                {
                    "answer": false
                }
            ],
            [
                {
                    "answer": ""
                },
                {
                    "answer": false
                },
                [],
                [],
                {
                    "answer": false
                }
            ],
            [
                {
                    "answer": ""
                },
                {
                    "answer": false
                },
                [],
                [],
                {
                    "answer": false
                }
            ],
            [
                {
                    "answer": ""
                },
                {
                    "answer": false
                },
                [],
                [],
                {
                    "answer": false
                }
            ]
        ],
        "2": {
            "answer": "Beaucoup"
        },
        "3": {
            "answer": "Très"
        }
    },
    "EC_02": {
        "1": {
            "answer": "Oui"
        },
        "2": [
            [
                {
                    "answer": "viande"
                },
                {
                    "answer": true
                },
                {
                    "answer": "Une fois par saison"
                },
                {
                    "answer": "Non"
                }
            ],
            [
                {
                    "answer": ""
                },
                {
                    "answer": false
                },
                [],
                []
            ],
            [
                {
                    "answer": ""
                },
                {
                    "answer": false
                },
                [],
                []
            ],
            [
                {
                    "answer": ""
                },
                {
                    "answer": false
                },
                [],
                []
            ],
            [
                {
                    "answer": ""
                },
                {
                    "answer": false
                },
                [],
                []
            ],
            [
                {
                    "answer": ""
                },
                {
                    "answer": false
                },
                [],
                []
            ]
        ],
        "3": {
            "answer": 2
        },
        "4": {
            "answer": "Un peu"
        },
        "5": {
            "answer": "Un peu"
        }
    },
    "EC_16": {
        "1": [
            [
                {
                    "answer": "lait"
                },
                {
                    "answer": "Stable"
                },
                {
                    "answer": "false"
                }
            ],
            [
                {
                    "answer": "viande"
                },
                {
                    "answer": "Croissant"
                },
                {
                    "answer": "false"
                }
            ],
            [
                {
                    "answer": ""
                },
                [],
                {
                    "answer": "false"
                }
            ],
            [
                {
                    "answer": ""
                },
                [],
                {
                    "answer": "false"
                }
            ],
            [
                {
                    "answer": ""
                },
                [],
                {
                    "answer": "false"
                }
            ],
            [
                {
                    "answer": ""
                },
                [],
                {
                    "answer": "false"
                }
            ]
        ],
        "2": {
            "answer": "Moyennement"
        },
        "3": {
            "answer": "Moyennement"
        }
    },
    "meta": {
        "version": "v-1.0.6-FR",
        "filename": "uuid_46113b1f-dea3-4640-a349-479f0bdcd9ab_answer_4.json"
    }
}