{
    "PSP_10": {
        "1": {
            "answer": "Non"
        },
        "2": {
            "answer": ""
        },
        "3": [],
        "4": {
            "answer": []
        },
        "5": {
            "answer": "1-10 %"
        },
        "6": {
            "answer": "toutes"
        },
        "7": {
            "answer": [
                "Arbres pour l'ombre",
                "Produits alimentaires (personnes)"
            ]
        },
        "8": {
            "answer": "Beaucoup"
        },
        "9": {
            "answer": "Aucune"
        }
    },
    "PSP_11": {
        "1": {
            "answer": "Oui"
        },
        "2": {
            "answer": [
                "Sécheresse"
            ]
        },
        "3": [
            [
                {
                    "answer": true
                },
                {
                    "answer": "augmentation surface fourragère"
                }
            ],
            [
                {
                    "answer": true
                },
                {
                    "answer": "achat herbe sur pied"
                }
            ]
        ],
        "4": {
            "answer": "Non"
        },
        "5": {
            "answer": []
        },
        "6": [
            [
                {
                    "answer": false
                },
                {
                    "answer": ""
                }
            ],
            [
                {
                    "answer": false
                },
                {
                    "answer": ""
                }
            ]
        ],
        "7": {
            "answer": "Moyennement"
        },
        "8": {
            "answer": "Moyennement"
        }
    },
    "PSP_12": {
        "1": [
            [
                {
                    "answer": "Oui"
                }
            ],
            [
                {
                    "answer": "Non"
                }
            ],
            [
                {
                    "answer": "Non"
                }
            ],
            [
                {
                    "answer": "Non"
                }
            ],
            [
                {
                    "answer": "Oui"
                }
            ],
            [
                {
                    "answer": "Non"
                }
            ],
            [
                {
                    "answer": "Oui"
                }
            ],
            [
                {
                    "answer": "Non"
                }
            ],
            [
                {
                    "answer": "Oui"
                }
            ],
            [
                {
                    "answer": "Oui"
                }
            ],
            [
                []
            ]
        ],
        "2": {
            "answer": "Pas du tout"
        },
        "3": {
            "answer": "Pas du tout"
        }
    },
    "PSP_13": {
        "1": [
            [
                {
                    "answer": true
                },
                {
                    "answer": true
                }
            ],
            [
                {
                    "answer": true
                },
                {
                    "answer": true
                }
            ],
            [
                {
                    "answer": true
                },
                {
                    "answer": true
                }
            ],
            [
                {
                    "answer": true
                },
                {
                    "answer": true
                }
            ],
            [
                {
                    "answer": true
                },
                {
                    "answer": true
                }
            ],
            [
                {
                    "answer": true
                },
                {
                    "answer": true
                }
            ],
            [
                {
                    "answer": true
                },
                {
                    "answer": true
                }
            ],
            [
                {
                    "answer": true
                },
                {
                    "answer": true
                }
            ],
            [
                {
                    "answer": true
                },
                {
                    "answer": false
                }
            ],
            [
                {
                    "answer": true
                },
                {
                    "answer": true
                }
            ],
            [
                {
                    "answer": false
                },
                {
                    "answer": false
                }
            ]
        ],
        "2": {
            "answer": "Complètement"
        },
        "3": {
            "answer": "Beaucoup"
        }
    },
    "PSP_14": {
        "1": {
            "answer": "Oui"
        },
        "2": {
            "answer": "Oui"
        },
        "3": {
            "answer": [
                "Plus grande variabilité des précipitations",
                "Augmentation de la température",
                "Retard à l'arrivée du printemps",
                "Arrivée du printemps précoce",
                "Infestation inhabituelle d'animaux nuisibles",
                "Sécheresse inhabituelle"
            ]
        },
        "4": {
            "answer": "prévoir des réserves fourragères, semis des céréales plus tôt l automne"
        },
        "5": {
            "answer": "Non"
        },
        "6": {
            "answer": "Non"
        },
        "7": {
            "answer": ""
        },
        "8": {
            "answer": "Oui"
        },
        "9": [
            [
                {
                    "answer": false
                }
            ],
            [
                {
                    "answer": false
                }
            ],
            [
                {
                    "answer": true
                }
            ],
            [
                {
                    "answer": false
                }
            ],
            [
                {
                    "answer": false
                }
            ],
            [
                {
                    "answer": true
                }
            ],
            [
                {
                    "answer": false
                }
            ],
            [
                {
                    "answer": true
                }
            ],
            [
                {
                    "answer": false
                }
            ]
        ],
        "10": {
            "answer": "Oui"
        },
        "11": {
            "answer": "Non"
        },
        "12": [],
        "13": {
            "answer": "Beaucoup"
        },
        "14": {
            "answer": "Elevée"
        }
    },
    "PSP_15": {
        "1": [],
        "2": {
            "answer": ""
        },
        "3": [],
        "4": []
    },
    "PSP_16": {
        "1": {
            "answer": "Oui"
        },
        "2": [
            [
                {
                    "answer": false
                }
            ],
            [
                {
                    "answer": true
                }
            ],
            [
                {
                    "answer": true
                }
            ],
            [
                {
                    "answer": true
                }
            ],
            [
                {
                    "answer": false
                }
            ],
            [
                {
                    "answer": true
                }
            ],
            [
                {
                    "answer": false
                }
            ],
            [
                {
                    "answer": false
                }
            ],
            [
                {
                    "answer": false
                }
            ],
            [
                {
                    "answer": false
                }
            ],
            [
                {
                    "answer": false
                }
            ]
        ],
        "3": {
            "answer": "Beaucoup"
        },
        "4": {
            "answer": "Moyenne"
        }
    },
    "PSP_17": {
        "1": [
            [
                {
                    "answer": false
                },
                {
                    "answer": false
                }
            ],
            [
                {
                    "answer": false
                },
                {
                    "answer": false
                }
            ],
            [
                {
                    "answer": false
                },
                {
                    "answer": false
                }
            ]
        ],
        "2": [],
        "3": {
            "answer": []
        },
        "4": {
            "answer": []
        },
        "5": [],
        "6": []
    },
    "PSP_18": {
        "1": {
            "answer": "Oui",
            "comment": ""
        },
        "2": {
            "answer": "100%"
        },
        "3": {
            "answer": "Non"
        },
        "4": {
            "answer": "Beaucoup"
        },
        "5": {
            "answer": "Elevée"
        }
    },
    "GOV_01": {
        "1": {
            "answer": "Non"
        },
        "2": [
            [
                {
                    "answer": false
                }
            ],
            [
                {
                    "answer": false
                }
            ],
            [
                {
                    "answer": false
                }
            ],
            [
                {
                    "answer": false
                }
            ]
        ],
        "3": {
            "answer": "Oui, elles sont suffisamment flexibles"
        },
        "4": {
            "answer": ""
        },
        "5": {
            "answer": "Non"
        },
        "6": {
            "answer": "Moyennement"
        },
        "7": {
            "answer": "Moyenne"
        }
    },
    "ENV_01": {
        "1": [
            [
                {
                    "answer": "Réseau d'irrigation"
                },
                {
                    "answer": "Pas de changement"
                },
                {
                    "answer": ""
                }
            ],
            [
                [],
                [],
                {
                    "answer": ""
                }
            ],
            [
                [],
                [],
                {
                    "answer": ""
                }
            ],
            [
                [],
                [],
                {
                    "answer": ""
                }
            ],
            [
                [],
                [],
                {
                    "answer": ""
                }
            ]
        ],
        "2": {
            "answer": "Complètement"
        },
        "3": {
            "answer": "Très"
        }
    },
    "ENV_02": {
        "1": {
            "answer": [
                "Irrigation - canaliser l'eau"
            ]
        },
        "2": {
            "answer": "Complètement"
        },
        "3": {
            "answer": "Très élevée"
        }
    },
    "ENV_03": {
        "1": [
            [
                {
                    "answer": false
                },
                {
                    "answer": ""
                }
            ],
            [
                {
                    "answer": false
                },
                {
                    "answer": ""
                }
            ],
            [
                {
                    "answer": false
                },
                {
                    "answer": ""
                }
            ],
            [
                {
                    "answer": false
                },
                {
                    "answer": ""
                }
            ],
            [
                {
                    "answer": false
                },
                {
                    "answer": ""
                }
            ],
            [
                {
                    "answer": false
                },
                {
                    "answer": ""
                }
            ]
        ],
        "2": {
            "answer": "Complètement"
        },
        "3": {
            "answer": "Complètement"
        },
        "4": {
            "answer": "Complètement"
        },
        "5": {
            "answer": "Très élevée"
        }
    },
    "ENV_04": {
        "1": [
            [
                {
                    "answer": 36
                },
                {
                    "answer": 20
                },
                {
                    "answer": ""
                },
                {
                    "answer": ""
                }
            ],
            [
                {
                    "answer": 0
                },
                {
                    "answer": ""
                },
                {
                    "answer": ""
                },
                {
                    "answer": ""
                }
            ],
            [
                {
                    "answer": 3
                },
                {
                    "answer": ""
                },
                {
                    "answer": ""
                },
                {
                    "answer": ""
                }
            ]
        ],
        "2": {
            "answer": 56
        },
        "3": {
            "answer": 5
        },
        "4": {
            "answer": "Beaucoup"
        },
        "5": {
            "answer": "Elevée"
        }
    },
    "ENV_05": {
        "1": {
            "answer": 2
        },
        "2": {
            "answer": [
                "Limoneux?",
                "Pierreux?"
            ]
        },
        "3": {
            "answer": "Assez riche"
        },
        "4": {
            "answer": "Oui"
        },
        "5": {
            "answer": "Beaucoup"
        },
        "6": {
            "answer": "Beaucoup"
        },
        "7": {
            "answer": "Non"
        },
        "8": {
            "answer": ""
        },
        "9": {
            "answer": "Oui"
        },
        "10": {
            "answer": "Oui"
        }
    },
    "ENV_06": {
        "1": [
            [
                {
                    "answer": true
                },
                {
                    "answer": ""
                }
            ],
            [
                {
                    "answer": false
                },
                {
                    "answer": ""
                }
            ],
            [
                {
                    "answer": false
                },
                {
                    "answer": ""
                }
            ],
            [
                {
                    "answer": false
                },
                {
                    "answer": ""
                }
            ],
            [
                {
                    "answer": true
                },
                {
                    "answer": ""
                }
            ],
            [
                {
                    "answer": true
                },
                {
                    "answer": ""
                }
            ],
            [
                {
                    "answer": false
                },
                {
                    "answer": ""
                }
            ],
            [
                {
                    "answer": true
                },
                {
                    "answer": ""
                }
            ],
            [
                {
                    "answer": false
                },
                {
                    "answer": ""
                }
            ],
            [
                {
                    "answer": false
                },
                {
                    "answer": ""
                }
            ],
            [
                {
                    "answer": true
                },
                {
                    "answer": ""
                }
            ],
            [
                {
                    "answer": false
                },
                {
                    "answer": ""
                }
            ],
            [
                {
                    "answer": false
                },
                {
                    "answer": ""
                }
            ],
            [
                {
                    "answer": false
                },
                {
                    "answer": ""
                }
            ],
            [
                {
                    "answer": false
                },
                {
                    "answer": ""
                }
            ],
            [
                {
                    "answer": false
                },
                {
                    "answer": ""
                }
            ]
        ],
        "2": {
            "answer": "Moyennement"
        },
        "3": {
            "answer": "Moyenne"
        }
    },
    "ENV_07": {
        "1": {
            "answer": "Oui chaque année"
        },
        "2": {
            "answer": "luzerne trèfles"
        },
        "3": {
            "answer": "Beaucoup"
        },
        "4": {
            "answer": "Très élevée"
        }
    },
    "ENV_08": {
        "1": {
            "answer": "7% ou + mais moins de 15%"
        },
        "2": {
            "answer": "Un peu"
        },
        "3": {
            "answer": "Pas du tout"
        }
    },
    "ENV_09": {
        "1": [
            [
                {
                    "answer": false
                },
                {
                    "answer": false
                },
                {
                    "answer": false
                }
            ],
            [
                {
                    "answer": false
                },
                {
                    "answer": false
                },
                {
                    "answer": false
                }
            ],
            [
                {
                    "answer": false
                },
                {
                    "answer": false
                },
                {
                    "answer": false
                }
            ],
            [
                {
                    "answer": false
                },
                {
                    "answer": false
                },
                {
                    "answer": false
                }
            ],
            [
                {
                    "answer": false
                },
                {
                    "answer": false
                },
                {
                    "answer": false
                }
            ],
            [
                {
                    "answer": false
                },
                {
                    "answer": false
                },
                {
                    "answer": false
                }
            ],
            [
                {
                    "answer": false
                },
                {
                    "answer": false
                },
                {
                    "answer": false
                }
            ],
            [
                {
                    "answer": false
                },
                {
                    "answer": false
                },
                {
                    "answer": false
                }
            ],
            [
                {
                    "answer": false
                },
                {
                    "answer": false
                },
                {
                    "answer": false
                }
            ],
            [
                {
                    "answer": false
                },
                {
                    "answer": false
                },
                {
                    "answer": false
                }
            ],
            [
                {
                    "answer": false
                },
                {
                    "answer": false
                },
                {
                    "answer": false
                }
            ],
            [
                {
                    "answer": true
                },
                {
                    "answer": false
                },
                {
                    "answer": true
                }
            ],
            [
                {
                    "answer": false
                },
                {
                    "answer": false
                },
                {
                    "answer": false
                }
            ],
            [
                {
                    "answer": false
                },
                {
                    "answer": false
                },
                {
                    "answer": false
                }
            ],
            [
                {
                    "answer": true
                },
                {
                    "answer": true
                },
                {
                    "answer": true
                }
            ],
            [
                {
                    "answer": false
                },
                {
                    "answer": false
                },
                {
                    "answer": false
                }
            ]
        ],
        "2": {
            "answer": "Tout ou la plupart (81-100%) de l'énergie vient de votre propre exploitation"
        },
        "3": {
            "answer": "Complètement"
        },
        "4": {
            "answer": "Très élevée"
        }
    },
    "ENV_10": {
        "1": {
            "answer": "Oui"
        },
        "2": [
            [
                {
                    "answer": true
                }
            ],
            [
                {
                    "answer": false
                }
            ],
            [
                {
                    "answer": false
                }
            ],
            [
                {
                    "answer": false
                }
            ]
        ],
        "3": {
            "answer": "Fermé"
        },
        "4": {
            "answer": "Ouvert"
        },
        "5": {
            "answer": "Non"
        },
        "6": [],
        "7": {
            "answer": "Un peu"
        },
        "8": {
            "answer": "Faible"
        }
    },
    "ENV_11": {
        "1": {
            "answer": "Non"
        },
        "2": [],
        "3": [
            [
                {
                    "answer": true
                }
            ],
            [
                {
                    "answer": false
                }
            ],
            [
                {
                    "answer": false
                }
            ]
        ],
        "4": [],
        "5": [],
        "6": [
            [
                {
                    "answer": true
                },
                {
                    "answer": ""
                },
                {
                    "answer": false
                }
            ],
            [
                {
                    "answer": true
                },
                {
                    "answer": ""
                },
                {
                    "answer": true
                }
            ],
            [
                {
                    "answer": false
                },
                {
                    "answer": ""
                },
                {
                    "answer": false
                }
            ]
        ],
        "7": {
            "answer": "Oui"
        },
        "8": [],
        "9": [
            [
                {
                    "answer": false
                }
            ],
            [
                {
                    "answer": false
                }
            ],
            [
                {
                    "answer": false
                }
            ],
            [
                {
                    "answer": false
                }
            ],
            [
                {
                    "answer": false
                }
            ],
            [
                {
                    "answer": false
                }
            ]
        ],
        "10": {
            "answer": "Beaucoup"
        },
        "11": {
            "answer": "Très élevée"
        }
    },
    "ENV_12": {
        "1": [
            [
                {
                    "answer": false
                }
            ],
            [
                {
                    "answer": false
                }
            ],
            [
                {
                    "answer": true
                }
            ],
            [
                {
                    "answer": true
                }
            ],
            [
                {
                    "answer": false
                }
            ],
            [
                {
                    "answer": false
                }
            ],
            [
                {
                    "answer": true
                }
            ],
            [
                {
                    "answer": true
                }
            ],
            [
                {
                    "answer": false
                }
            ],
            [
                {
                    "answer": false
                }
            ]
        ],
        "2": {
            "answer": 2
        },
        "3": {
            "answer": "Oui"
        },
        "4": {
            "answer": "Un peu"
        },
        "5": {
            "answer": "Beaucoup"
        }
    },
    "SOC_01": {
        "1": {
            "answer": "Oui"
        },
        "2": [
            [
                {
                    "answer": false
                },
                [],
                []
            ],
            [
                {
                    "answer": true
                },
                {
                    "answer": "Assez actif"
                },
                {
                    "answer": "Deux fois par année ou moins"
                }
            ],
            [
                {
                    "answer": true
                },
                {
                    "answer": "Leader"
                },
                {
                    "answer": "Une fois par semaine"
                }
            ],
            [
                {
                    "answer": false
                },
                [],
                []
            ],
            [
                {
                    "answer": true
                },
                {
                    "answer": "Assez actif"
                },
                {
                    "answer": "Une fois par mois"
                }
            ],
            [
                {
                    "answer": false
                },
                [],
                []
            ],
            [
                {
                    "answer": false
                },
                [],
                []
            ],
            [
                {
                    "answer": false
                },
                [],
                []
            ],
            [
                {
                    "answer": true
                },
                {
                    "answer": "Leader"
                },
                {
                    "answer": "Une fois par semaine"
                }
            ],
            [
                {
                    "answer": false
                },
                [],
                []
            ],
            [
                {
                    "answer": false
                },
                [],
                []
            ],
            [
                {
                    "answer": true
                },
                {
                    "answer": "Très actif"
                },
                {
                    "answer": "Une fois par semaine"
                }
            ],
            [
                {
                    "answer": false
                },
                [],
                []
            ],
            [
                {
                    "answer": true
                },
                {
                    "answer": "Assez actif"
                },
                {
                    "answer": "Une fois par mois"
                }
            ],
            [
                {
                    "answer": false
                },
                [],
                []
            ],
            [
                {
                    "answer": false
                },
                [],
                []
            ],
            [
                {
                    "answer": false
                },
                [],
                []
            ],
            [
                {
                    "answer": false
                },
                [],
                []
            ],
            [
                {
                    "answer": false
                },
                [],
                []
            ],
            [
                {
                    "answer": false
                },
                [],
                []
            ],
            [
                {
                    "answer": false
                },
                [],
                []
            ]
        ],
        "3": [
            [
                {
                    "answer": true
                }
            ],
            [
                {
                    "answer": true
                }
            ],
            [
                {
                    "answer": false
                }
            ],
            [
                {
                    "answer": false
                }
            ],
            [
                {
                    "answer": true
                }
            ],
            [
                {
                    "answer": true
                }
            ],
            [
                {
                    "answer": false
                }
            ],
            [
                {
                    "answer": false
                }
            ]
        ],
        "4": {
            "answer": "Oui"
        },
        "5": {
            "answer": ""
        },
        "6": {
            "answer": "Beaucoup"
        },
        "7": {
            "answer": "Beaucoup"
        },
        "8": {
            "answer": "Moyennement"
        },
        "9": {
            "answer": "Elevée"
        }
    },
    "SOC_02": {
        "1": [],
        "2": [],
        "3": []
    },
    "SOC_03": {
        "1": [
            [
                {
                    "answer": false
                }
            ],
            [
                {
                    "answer": false
                }
            ],
            [
                {
                    "answer": false
                }
            ],
            [
                {
                    "answer": false
                }
            ],
            [
                {
                    "answer": false
                }
            ],
            [
                {
                    "answer": true
                }
            ],
            [
                {
                    "answer": false
                }
            ],
            [
                {
                    "answer": false
                }
            ],
            [
                {
                    "answer": false
                }
            ],
            [
                {
                    "answer": true
                }
            ],
            [
                {
                    "answer": false
                }
            ]
        ],
        "2": {
            "answer": "Oui"
        },
        "3": {
            "answer": "prévoir plus de surfaces fourragère pour réserve , mélanges fourragers plus résistants , 1ere coupe précoce "
        },
        "4": {
            "answer": "Moyennement"
        },
        "5": {
            "answer": "Oui"
        },
        "6": {
            "answer": "Beaucoup"
        },
        "7": {
            "answer": "Beaucoup"
        }
    },
    "SOC_04": {
        "1": {
            "answer": "Oui et ils sont de bonne qualité"
        },
        "2": {
            "answer": "Complètement"
        },
        "3": {
            "answer": "Très élevée"
        }
    },
    "SOC_05": {
        "1": {
            "answer": "Moyennement"
        },
        "2": {
            "answer": "Oui"
        },
        "3": [
            [
                {
                    "answer": true
                }
            ],
            [
                {
                    "answer": true
                }
            ],
            [
                {
                    "answer": false
                }
            ],
            [
                {
                    "answer": false
                }
            ]
        ],
        "4": [
            [
                {
                    "answer": false
                }
            ],
            [
                {
                    "answer": false
                }
            ],
            [
                {
                    "answer": false
                }
            ],
            [
                {
                    "answer": false
                }
            ],
            [
                {
                    "answer": false
                }
            ]
        ],
        "5": {
            "answer": "Complètement"
        },
        "6": {
            "answer": "Elevée"
        }
    },
    "SOC_06": {
        "1": {
            "answer": "Rarement"
        },
        "2": {
            "answer": "Oui"
        },
        "3": {
            "answer": "Oui"
        },
        "4": {
            "answer": "Beaucoup"
        },
        "5": {
            "answer": "Elevée"
        }
    },
    "EC_09": {
        "1": [
            [
                {
                    "answer": 2
                },
                {
                    "answer": ""
                }
            ],
            [
                {
                    "answer": 4
                },
                {
                    "answer": ""
                }
            ],
            [
                {
                    "answer": 3
                },
                {
                    "answer": ""
                }
            ],
            [
                {
                    "answer": 6
                },
                {
                    "answer": ""
                }
            ],
            [
                {
                    "answer": 3
                },
                {
                    "answer": ""
                }
            ],
            [
                [],
                {
                    "answer": ""
                }
            ]
        ],
        "2": {
            "answer": "Moyennement"
        },
        "3": {
            "answer": "Moyenne"
        }
    },
    "EC_08": {
        "1": [
            [
                {
                    "answer": ""
                },
                {
                    "answer": false
                },
                {
                    "answer": false
                },
                {
                    "answer": false
                },
                {
                    "answer": ""
                },
                {
                    "answer": false
                }
            ],
            [
                {
                    "answer": ""
                },
                {
                    "answer": false
                },
                {
                    "answer": false
                },
                {
                    "answer": false
                },
                {
                    "answer": ""
                },
                {
                    "answer": false
                }
            ],
            [
                {
                    "answer": ""
                },
                {
                    "answer": false
                },
                {
                    "answer": false
                },
                {
                    "answer": false
                },
                {
                    "answer": ""
                },
                {
                    "answer": false
                }
            ],
            [
                {
                    "answer": ""
                },
                {
                    "answer": false
                },
                {
                    "answer": false
                },
                {
                    "answer": false
                },
                {
                    "answer": ""
                },
                {
                    "answer": false
                }
            ],
            [
                {
                    "answer": ""
                },
                {
                    "answer": false
                },
                {
                    "answer": false
                },
                {
                    "answer": false
                },
                {
                    "answer": ""
                },
                {
                    "answer": false
                }
            ],
            [
                {
                    "answer": ""
                },
                {
                    "answer": false
                },
                {
                    "answer": false
                },
                {
                    "answer": false
                },
                {
                    "answer": ""
                },
                {
                    "answer": false
                }
            ],
            [
                {
                    "answer": ""
                },
                {
                    "answer": false
                },
                {
                    "answer": false
                },
                {
                    "answer": false
                },
                {
                    "answer": ""
                },
                {
                    "answer": false
                }
            ],
            [
                {
                    "answer": ""
                },
                {
                    "answer": false
                },
                {
                    "answer": false
                },
                {
                    "answer": false
                },
                {
                    "answer": ""
                },
                {
                    "answer": false
                }
            ],
            [
                {
                    "answer": ""
                },
                {
                    "answer": false
                },
                {
                    "answer": false
                },
                {
                    "answer": false
                },
                {
                    "answer": ""
                },
                {
                    "answer": false
                }
            ],
            [
                {
                    "answer": ""
                },
                {
                    "answer": false
                },
                {
                    "answer": false
                },
                {
                    "answer": false
                },
                {
                    "answer": ""
                },
                {
                    "answer": false
                }
            ]
        ],
        "2": {
            "answer": "Moyennement"
        },
        "3": {
            "answer": "Moyenne"
        }
    },
    "EC_11": {
        "1": {
            "answer": 2
        },
        "2": [
            [
                {
                    "answer": "Production agricoles"
                }
            ],
            [
                {
                    "answer": "Revenu externe à l'exploitation"
                }
            ],
            [
                []
            ]
        ],
        "3": {
            "answer": "Pas de déficit et pas de profit"
        },
        "4": {
            "answer": "40%"
        },
        "5": {
            "answer": "Non"
        },
        "6": {
            "answer": "Beaucoup"
        },
        "7": {
            "answer": "Elevée"
        }
    },
    "EC_12": {
        "1": [],
        "2": [],
        "3": [],
        "4": []
    },
    "EC_14": {
        "1": {
            "answer": "Oui"
        },
        "2": {
            "answer": [
                "Banque",
                "Structure ou groupe d'épargne"
            ]
        },
        "3": {
            "answer": "Beaucoup"
        },
        "4": {
            "answer": "Beaucoup"
        }
    },
    "EC_01": {
        "1": {
            "answer": "45-55% de fonds propres"
        },
        "2": {
            "answer": "Beaucoup"
        },
        "3": {
            "answer": "Beaucoup"
        }
    },
    "EC_15": {
        "1": {
            "answer": "J'ai un peu de 'marge de manoeuvre' (c.-à-d. ce que je peux faire/entreprendre est limité)"
        },
        "2": {
            "answer": "Oui"
        },
        "3": {
            "answer": "Un peu"
        },
        "4": {
            "answer": "Beaucoup"
        }
    },
    "EC_10": {
        "1": [
            [
                {
                    "answer": "matériel agricole"
                }
            ],
            [
                {
                    "answer": "intérêts d'emprunts bancaires"
                }
            ],
            [
                {
                    "answer": "énergie pour chauffage/éclairage/machines"
                }
            ],
            [
                {
                    "answer": "assurances"
                }
            ],
            [
                []
            ]
        ],
        "2": {
            "answer": "Oui"
        },
        "3": {
            "answer": "Non"
        },
        "4": {
            "answer": "Un peu"
        },
        "5": {
            "answer": "Beaucoup"
        }
    },
    "EC_13": {
        "1": [
            [
                {
                    "answer": "Oui"
                }
            ],
            [
                {
                    "answer": "Oui"
                }
            ],
            [
                []
            ],
            [
                {
                    "answer": "Oui"
                }
            ],
            [
                []
            ],
            [
                {
                    "answer": "Oui"
                }
            ],
            [
                {
                    "answer": "Oui"
                }
            ],
            [
                {
                    "answer": "Oui"
                }
            ],
            [
                []
            ]
        ],
        "2": {
            "answer": "80%"
        },
        "3": {
            "answer": "Complètement"
        },
        "4": {
            "answer": "Très"
        }
    },
    "EC_07": {
        "1": [
            [
                {
                    "answer": "Oui"
                }
            ],
            [
                {
                    "answer": "Oui"
                }
            ],
            [
                {
                    "answer": "Oui"
                }
            ],
            [
                {
                    "answer": "Oui"
                }
            ],
            [
                {
                    "answer": "Oui"
                }
            ],
            [
                {
                    "answer": "Oui"
                }
            ],
            [
                {
                    "answer": "Non"
                }
            ],
            [
                {
                    "answer": "Non"
                }
            ],
            [
                {
                    "answer": "Non"
                }
            ],
            [
                []
            ]
        ],
        "2": {
            "answer": "Beaucoup"
        },
        "3": {
            "answer": "Beaucoup"
        }
    },
    "EC_06": {
        "1": {
            "answer": "Souvent"
        },
        "2": {
            "answer": "Moyennement"
        },
        "3": {
            "answer": "Moyennement"
        }
    },
    "EC_03": {
        "1": [
            [
                {
                    "answer": "Non"
                },
                {
                    "answer": ""
                }
            ],
            [
                {
                    "answer": "Oui"
                },
                {
                    "answer": "semences de sélection (céréales)"
                }
            ],
            [
                {
                    "answer": "Oui"
                },
                {
                    "answer": "Fsbb (Jurabétail)"
                }
            ]
        ],
        "2": {
            "answer": [
                "Un mixte des deux"
            ]
        },
        "3": {
            "answer": "Beaucoup"
        },
        "4": {
            "answer": "Un peu"
        }
    },
    "EC_04": {
        "1": [
            [
                {
                    "answer": "lait"
                },
                {
                    "answer": true
                },
                {
                    "answer": "Ca limite la flexibilité de mon exploitation"
                },
                {
                    "answer": "Jamais"
                },
                {
                    "answer": false
                }
            ],
            [
                {
                    "answer": "céréales"
                },
                {
                    "answer": true
                },
                {
                    "answer": "Un mixte des deux"
                },
                {
                    "answer": "Jamais"
                },
                {
                    "answer": false
                }
            ],
            [
                {
                    "answer": "viande"
                },
                {
                    "answer": true
                },
                {
                    "answer": "Un mixte des deux"
                },
                {
                    "answer": "Jamais"
                },
                {
                    "answer": false
                }
            ],
            [
                {
                    "answer": ""
                },
                {
                    "answer": false
                },
                [],
                [],
                {
                    "answer": false
                }
            ],
            [
                {
                    "answer": ""
                },
                {
                    "answer": false
                },
                [],
                [],
                {
                    "answer": false
                }
            ],
            [
                {
                    "answer": ""
                },
                {
                    "answer": false
                },
                [],
                [],
                {
                    "answer": false
                }
            ]
        ],
        "2": {
            "answer": "Beaucoup"
        },
        "3": {
            "answer": "Beaucoup"
        }
    },
    "EC_02": {
        "1": {
            "answer": "Non"
        },
        "2": [
            [
                {
                    "answer": ""
                },
                {
                    "answer": false
                },
                [],
                []
            ],
            [
                {
                    "answer": ""
                },
                {
                    "answer": false
                },
                [],
                []
            ],
            [
                {
                    "answer": ""
                },
                {
                    "answer": false
                },
                [],
                []
            ],
            [
                {
                    "answer": ""
                },
                {
                    "answer": false
                },
                [],
                []
            ],
            [
                {
                    "answer": ""
                },
                {
                    "answer": false
                },
                [],
                []
            ],
            [
                {
                    "answer": ""
                },
                {
                    "answer": false
                },
                [],
                []
            ]
        ],
        "3": {
            "answer": 0
        },
        "4": [],
        "5": []
    },
    "EC_16": {
        "1": [
            [
                {
                    "answer": "lait"
                },
                {
                    "answer": "Stable"
                },
                {
                    "answer": "false"
                }
            ],
            [
                {
                    "answer": "viande"
                },
                {
                    "answer": "Stable"
                },
                {
                    "answer": "false"
                }
            ],
            [
                {
                    "answer": ""
                },
                [],
                {
                    "answer": "false"
                }
            ],
            [
                {
                    "answer": ""
                },
                [],
                {
                    "answer": "false"
                }
            ],
            [
                {
                    "answer": ""
                },
                [],
                {
                    "answer": "false"
                }
            ],
            [
                {
                    "answer": ""
                },
                [],
                {
                    "answer": "false"
                }
            ]
        ],
        "2": {
            "answer": "Un peu"
        },
        "3": {
            "answer": "Beaucoup"
        }
    },
    "ADM_01": {
        "1": {
            "answer": "Hélène"
        },
        "2": {
            "answer": "Benoit"
        },
        "3": {
            "answer": "Marc"
        },
        "4": {
            "answer": "Hélène1.11"
        },
        "5": {
            "answer": "Chef de l'exploitation"
        },
        "6": {
            "answer": ""
        },
        "7": {
            "answer": ""
        },
        "8": {
            "answer": ""
        },
        "9": {
            "answer": ""
        },
        "10": {
            "answer": "Romainmôtier"
        },
        "11": {
            "answer": ""
        },
        "12": {
            "answer": ""
        },
        "13": {
            "answer": "14.12.2017"
        },
        "14": {
            "answer": "Homme"
        },
        "15": {
            "answer": 49
        },
        "16": {
            "answer": "Elevage"
        },
        "17": {
            "answer": "Exploitation biologique certifiée"
        },
        "18": {
            "answer": "51-100 ha"
        }
    },
    "PSP_02": {
        "1": [
            [
                {
                    "answer": true
                },
                {
                    "answer": false
                },
                {
                    "answer": true
                }
            ],
            [
                {
                    "answer": false
                },
                {
                    "answer": false
                },
                {
                    "answer": false
                }
            ],
            [
                {
                    "answer": true
                },
                {
                    "answer": false
                },
                {
                    "answer": true
                }
            ],
            [
                {
                    "answer": false
                },
                {
                    "answer": false
                },
                {
                    "answer": false
                }
            ],
            [
                {
                    "answer": false
                },
                {
                    "answer": false
                },
                {
                    "answer": false
                }
            ],
            [
                {
                    "answer": false
                },
                {
                    "answer": false
                },
                {
                    "answer": false
                }
            ],
            [
                {
                    "answer": false
                },
                {
                    "answer": false
                },
                {
                    "answer": false
                }
            ],
            [
                {
                    "answer": false
                },
                {
                    "answer": false
                },
                {
                    "answer": false
                }
            ],
            [
                {
                    "answer": false
                },
                {
                    "answer": false
                },
                {
                    "answer": false
                }
            ],
            [
                {
                    "answer": false
                },
                {
                    "answer": false
                },
                {
                    "answer": false
                }
            ],
            [
                {
                    "answer": false
                },
                {
                    "answer": false
                },
                {
                    "answer": false
                }
            ],
            [
                {
                    "answer": false
                },
                {
                    "answer": false
                },
                {
                    "answer": false
                }
            ]
        ],
        "2": [
            [
                {
                    "answer": true
                }
            ],
            [
                {
                    "answer": true
                }
            ],
            [
                {
                    "answer": false
                }
            ]
        ],
        "3": {
            "answer": "Moyennement"
        },
        "4": {
            "answer": "Beaucoup"
        }
    },
    "PSP_01": {
        "1": [
            [
                {
                    "answer": 2
                },
                {
                    "answer": true
                },
                {
                    "answer": 1
                },
                {
                    "answer": 1
                },
                {
                    "answer": 1
                },
                {
                    "answer": ""
                },
                {
                    "answer": 1
                }
            ],
            [
                {
                    "answer": 3
                },
                {
                    "answer": false
                },
                {
                    "answer": ""
                },
                {
                    "answer": ""
                },
                {
                    "answer": ""
                },
                {
                    "answer": ""
                },
                {
                    "answer": ""
                }
            ],
            [
                {
                    "answer": ""
                },
                {
                    "answer": false
                },
                {
                    "answer": ""
                },
                {
                    "answer": ""
                },
                {
                    "answer": ""
                },
                {
                    "answer": ""
                },
                {
                    "answer": ""
                }
            ],
            [
                {
                    "answer": ""
                },
                {
                    "answer": false
                },
                {
                    "answer": ""
                },
                {
                    "answer": ""
                },
                {
                    "answer": ""
                },
                {
                    "answer": ""
                },
                {
                    "answer": ""
                }
            ],
            [
                {
                    "answer": ""
                },
                {
                    "answer": false
                },
                {
                    "answer": ""
                },
                {
                    "answer": ""
                },
                {
                    "answer": ""
                },
                {
                    "answer": ""
                },
                {
                    "answer": ""
                }
            ],
            [
                {
                    "answer": ""
                },
                {
                    "answer": false
                },
                {
                    "answer": ""
                },
                {
                    "answer": ""
                },
                {
                    "answer": ""
                },
                {
                    "answer": ""
                },
                {
                    "answer": ""
                }
            ]
        ],
        "2": {
            "answer": "Entre 51h et 70h/semaine"
        },
        "3": {
            "answer": "Oui"
        },
        "4": {
            "answer": "Oui, il a pu choisir librement"
        },
        "5": [
            [
                {
                    "answer": false
                },
                {
                    "answer": ""
                }
            ],
            [
                {
                    "answer": false
                },
                {
                    "answer": ""
                }
            ]
        ],
        "6": {
            "answer": "Complètement"
        },
        "7": {
            "answer": "Elevée"
        }
    },
    "PSP_04": {
        "1": {
            "answer": "Oui"
        },
        "2": [
            [
                {
                    "answer": false
                },
                {
                    "answer": ""
                }
            ],
            [
                {
                    "answer": false
                },
                {
                    "answer": ""
                }
            ],
            [
                {
                    "answer": true
                },
                {
                    "answer": 1
                }
            ],
            [
                {
                    "answer": true
                },
                {
                    "answer": 1
                }
            ],
            [
                {
                    "answer": false
                },
                {
                    "answer": ""
                }
            ],
            [
                {
                    "answer": false
                },
                {
                    "answer": ""
                }
            ],
            [
                {
                    "answer": false
                },
                {
                    "answer": ""
                }
            ],
            [
                {
                    "answer": false
                },
                {
                    "answer": ""
                }
            ],
            [
                {
                    "answer": false
                },
                {
                    "answer": ""
                }
            ],
            [
                {
                    "answer": false
                },
                {
                    "answer": ""
                }
            ],
            [
                {
                    "answer": false
                },
                {
                    "answer": ""
                }
            ],
            [
                {
                    "answer": false
                },
                {
                    "answer": ""
                }
            ],
            [
                {
                    "answer": false
                },
                {
                    "answer": ""
                }
            ],
            [
                {
                    "answer": false
                },
                {
                    "answer": ""
                }
            ],
            [
                {
                    "answer": false
                },
                {
                    "answer": ""
                }
            ],
            [
                {
                    "answer": false
                },
                {
                    "answer": ""
                }
            ],
            [
                {
                    "answer": false
                },
                {
                    "answer": ""
                }
            ],
            [
                {
                    "answer": false
                },
                {
                    "answer": ""
                }
            ],
            [
                {
                    "answer": false
                },
                {
                    "answer": ""
                }
            ],
            [
                {
                    "answer": false
                },
                {
                    "answer": ""
                }
            ],
            [
                {
                    "answer": false
                },
                {
                    "answer": ""
                }
            ],
            [
                {
                    "answer": false
                },
                {
                    "answer": ""
                }
            ],
            [
                {
                    "answer": false
                },
                {
                    "answer": ""
                }
            ],
            [
                {
                    "answer": false
                },
                {
                    "answer": ""
                }
            ],
            [
                {
                    "answer": false
                },
                {
                    "answer": ""
                }
            ],
            [
                {
                    "answer": false
                },
                {
                    "answer": ""
                }
            ],
            [
                {
                    "answer": false
                },
                {
                    "answer": ""
                }
            ],
            [
                {
                    "answer": false
                },
                {
                    "answer": ""
                }
            ],
            [
                {
                    "answer": false
                },
                {
                    "answer": ""
                }
            ],
            [
                {
                    "answer": false
                },
                {
                    "answer": ""
                }
            ],
            [
                {
                    "answer": false
                },
                {
                    "answer": ""
                }
            ],
            [
                {
                    "answer": false
                },
                {
                    "answer": ""
                }
            ],
            [
                {
                    "answer": false
                },
                {
                    "answer": ""
                }
            ]
        ],
        "3": {
            "answer": "Non",
            "comment": ""
        },
        "4": [
            [
                {
                    "answer": false
                }
            ],
            [
                {
                    "answer": false
                }
            ],
            [
                {
                    "answer": false
                }
            ],
            [
                {
                    "answer": false
                }
            ]
        ],
        "5": {
            "answer": "Beaucoup"
        },
        "6": {
            "answer": "Moyenne"
        }
    },
    "PSP_05": {
        "1": {
            "answer": "Oui"
        },
        "2": [
            [
                {
                    "answer": ""
                },
                {
                    "answer": ""
                },
                {
                    "answer": true
                },
                {
                    "answer": false
                }
            ],
            [
                {
                    "answer": 145
                },
                {
                    "answer": 1
                },
                {
                    "answer": true
                },
                {
                    "answer": true
                }
            ],
            [
                {
                    "answer": ""
                },
                {
                    "answer": ""
                },
                {
                    "answer": false
                },
                {
                    "answer": false
                }
            ],
            [
                {
                    "answer": ""
                },
                {
                    "answer": ""
                },
                {
                    "answer": false
                },
                {
                    "answer": false
                }
            ],
            [
                {
                    "answer": ""
                },
                {
                    "answer": ""
                },
                {
                    "answer": false
                },
                {
                    "answer": false
                }
            ],
            [
                {
                    "answer": ""
                },
                {
                    "answer": ""
                },
                {
                    "answer": false
                },
                {
                    "answer": false
                }
            ],
            [
                {
                    "answer": ""
                },
                {
                    "answer": ""
                },
                {
                    "answer": false
                },
                {
                    "answer": false
                }
            ],
            [
                {
                    "answer": ""
                },
                {
                    "answer": ""
                },
                {
                    "answer": false
                },
                {
                    "answer": false
                }
            ]
        ],
        "3": {
            "answer": "Complètement"
        },
        "4": {
            "answer": "Aucune"
        }
    },
    "PSP_07": {
        "1": [
            [
                {
                    "answer": false
                }
            ],
            [
                {
                    "answer": true
                }
            ],
            [
                {
                    "answer": false
                }
            ],
            [
                {
                    "answer": false
                }
            ],
            [
                {
                    "answer": false
                }
            ],
            [
                {
                    "answer": false
                }
            ],
            [
                {
                    "answer": false
                }
            ],
            [
                {
                    "answer": false
                }
            ]
        ],
        "2": {
            "answer": 2
        },
        "3": {
            "answer": ""
        },
        "4": [],
        "5": {
            "answer": "1-10%"
        },
        "6": {
            "answer": "Oui"
        },
        "7": {
            "answer": "Beaucoup"
        },
        "8": {
            "answer": "Très élevée"
        }
    },
    "PSP_03": {
        "1": [],
        "2": [
            [
                {
                    "answer": ""
                },
                {
                    "answer": ""
                },
                {
                    "answer": false
                },
                {
                    "answer": ""
                },
                {
                    "answer": ""
                }
            ],
            [
                {
                    "answer": ""
                },
                {
                    "answer": ""
                },
                {
                    "answer": false
                },
                {
                    "answer": ""
                },
                {
                    "answer": ""
                }
            ],
            [
                {
                    "answer": ""
                },
                {
                    "answer": ""
                },
                {
                    "answer": false
                },
                {
                    "answer": ""
                },
                {
                    "answer": ""
                }
            ],
            [
                {
                    "answer": ""
                },
                {
                    "answer": ""
                },
                {
                    "answer": false
                },
                {
                    "answer": ""
                },
                {
                    "answer": ""
                }
            ]
        ],
        "3": {
            "answer": "Moyennement"
        },
        "4": []
    },
    "PSP_08": {
        "1": [
            [
                [],
                []
            ],
            [
                [],
                []
            ],
            [
                [],
                []
            ],
            [
                [],
                []
            ],
            [
                [],
                {
                    "answer": "Oui"
                }
            ],
            [
                [],
                []
            ],
            [
                {
                    "answer": "Oui"
                },
                {
                    "answer": "Pas applicable"
                }
            ],
            [
                [],
                []
            ]
        ],
        "2": {
            "answer": "Complètement"
        },
        "3": {
            "answer": "Aucune"
        },
        "4": {
            "answer": "Pas du tout"
        },
        "5": {
            "answer": "Aucune"
        }
    },
    "PSP_09": {
        "1": {
            "answer": "Non"
        },
        "2": {
            "answer": ""
        },
        "3": {
            "answer": ""
        },
        "4": {
            "answer": ""
        },
        "5": {
            "answer": "Oui"
        },
        "6": {
            "answer": "Oui"
        },
        "7": {
            "answer": "Arina"
        },
        "8": {
            "answer": "Non"
        },
        "9": {
            "answer": ""
        },
        "10": {
            "answer": ""
        },
        "11": {
            "answer": ""
        },
        "12": [],
        "13": {
            "answer": "Oui"
        },
        "14": {
            "answer": "Complètement"
        },
        "15": {
            "answer": "Très élevée"
        }
    },
    "meta": {
        "version": "v-1.0.6-FR",
        "filename": "uuid_3485fe68-5891-444e-bdb2-d6b32303aaf2_answer_4.json"
    }
}