{
    "ADM_01": {
        "1": {
            "answer": "helene"
        },
        "2": {
            "answer": "blanchard"
        },
        "3": {
            "answer": "christophe"
        },
        "4": {
            "answer": "helene domicile"
        },
        "5": {
            "answer": "Chef de l'exploitation"
        },
        "6": {
            "answer": ""
        },
        "7": {
            "answer": ""
        },
        "8": {
            "answer": ""
        },
        "9": {
            "answer": ""
        },
        "10": {
            "answer": "epautheyres"
        },
        "11": {
            "answer": ""
        },
        "12": {
            "answer": ""
        },
        "13": {
            "answer": 14.12
        },
        "14": {
            "answer": "Homme"
        },
        "15": {
            "answer": 33
        },
        "16": {
            "answer": "Mixte"
        },
        "17": {
            "answer": "Exploitation conventionnelle"
        },
        "18": {
            "answer": "Plus de 100 ha"
        }
    },
    "PSP_02": {
        "1": [
            [
                {
                    "answer": true
                },
                {
                    "answer": false
                },
                {
                    "answer": true
                }
            ],
            [
                {
                    "answer": true
                },
                {
                    "answer": true
                },
                {
                    "answer": false
                }
            ],
            [
                {
                    "answer": true
                },
                {
                    "answer": false
                },
                {
                    "answer": true
                }
            ],
            [
                {
                    "answer": false
                },
                {
                    "answer": false
                },
                {
                    "answer": false
                }
            ],
            [
                {
                    "answer": false
                },
                {
                    "answer": false
                },
                {
                    "answer": false
                }
            ],
            [
                {
                    "answer": false
                },
                {
                    "answer": false
                },
                {
                    "answer": false
                }
            ],
            [
                {
                    "answer": false
                },
                {
                    "answer": false
                },
                {
                    "answer": false
                }
            ],
            [
                {
                    "answer": false
                },
                {
                    "answer": false
                },
                {
                    "answer": false
                }
            ],
            [
                {
                    "answer": false
                },
                {
                    "answer": false
                },
                {
                    "answer": false
                }
            ],
            [
                {
                    "answer": false
                },
                {
                    "answer": false
                },
                {
                    "answer": false
                }
            ],
            [
                {
                    "answer": false
                },
                {
                    "answer": false
                },
                {
                    "answer": false
                }
            ],
            [
                {
                    "answer": false
                },
                {
                    "answer": false
                },
                {
                    "answer": false
                }
            ]
        ],
        "2": [
            [
                {
                    "answer": true
                }
            ],
            [
                {
                    "answer": true
                }
            ],
            [
                {
                    "answer": false
                }
            ]
        ],
        "3": {
            "answer": "Complètement"
        },
        "4": {
            "answer": "Très"
        }
    },
    "PSP_01": {
        "1": [
            [
                {
                    "answer": 3
                },
                {
                    "answer": true
                },
                {
                    "answer": 2
                },
                {
                    "answer": 2
                },
                {
                    "answer": 0
                },
                {
                    "answer": 1
                },
                {
                    "answer": 2
                }
            ],
            [
                {
                    "answer": 1
                },
                {
                    "answer": false
                },
                {
                    "answer": ""
                },
                {
                    "answer": ""
                },
                {
                    "answer": ""
                },
                {
                    "answer": ""
                },
                {
                    "answer": ""
                }
            ],
            [
                {
                    "answer": ""
                },
                {
                    "answer": false
                },
                {
                    "answer": ""
                },
                {
                    "answer": ""
                },
                {
                    "answer": ""
                },
                {
                    "answer": ""
                },
                {
                    "answer": ""
                }
            ],
            [
                {
                    "answer": ""
                },
                {
                    "answer": false
                },
                {
                    "answer": ""
                },
                {
                    "answer": ""
                },
                {
                    "answer": ""
                },
                {
                    "answer": ""
                },
                {
                    "answer": ""
                }
            ],
            [
                {
                    "answer": ""
                },
                {
                    "answer": false
                },
                {
                    "answer": ""
                },
                {
                    "answer": ""
                },
                {
                    "answer": ""
                },
                {
                    "answer": ""
                },
                {
                    "answer": ""
                }
            ],
            [
                {
                    "answer": ""
                },
                {
                    "answer": false
                },
                {
                    "answer": ""
                },
                {
                    "answer": ""
                },
                {
                    "answer": ""
                },
                {
                    "answer": ""
                },
                {
                    "answer": ""
                }
            ]
        ],
        "2": {
            "answer": "Plus de 70h/semaine"
        },
        "3": {
            "answer": "Non"
        },
        "4": {
            "answer": "Oui, il a pu choisir librement"
        },
        "5": [
            [
                {
                    "answer": true
                },
                {
                    "answer": "ménage"
                }
            ],
            [
                {
                    "answer": true
                },
                {
                    "answer": "exploitation"
                }
            ]
        ],
        "6": {
            "answer": "Beaucoup"
        },
        "7": {
            "answer": "Elevée"
        }
    },
    "PSP_04": {
        "1": {
            "answer": "Oui"
        },
        "2": [
            [
                {
                    "answer": true
                },
                {
                    "answer": 1
                }
            ],
            [
                {
                    "answer": false
                },
                {
                    "answer": ""
                }
            ],
            [
                {
                    "answer": false
                },
                {
                    "answer": ""
                }
            ],
            [
                {
                    "answer": true
                },
                {
                    "answer": 4
                }
            ],
            [
                {
                    "answer": true
                },
                {
                    "answer": 1
                }
            ],
            [
                {
                    "answer": false
                },
                {
                    "answer": ""
                }
            ],
            [
                {
                    "answer": false
                },
                {
                    "answer": ""
                }
            ],
            [
                {
                    "answer": false
                },
                {
                    "answer": ""
                }
            ],
            [
                {
                    "answer": true
                },
                {
                    "answer": 2
                }
            ],
            [
                {
                    "answer": false
                },
                {
                    "answer": ""
                }
            ],
            [
                {
                    "answer": true
                },
                {
                    "answer": 1
                }
            ],
            [
                {
                    "answer": false
                },
                {
                    "answer": ""
                }
            ],
            [
                {
                    "answer": false
                },
                {
                    "answer": ""
                }
            ],
            [
                {
                    "answer": false
                },
                {
                    "answer": ""
                }
            ],
            [
                {
                    "answer": false
                },
                {
                    "answer": ""
                }
            ],
            [
                {
                    "answer": false
                },
                {
                    "answer": ""
                }
            ],
            [
                {
                    "answer": false
                },
                {
                    "answer": ""
                }
            ],
            [
                {
                    "answer": false
                },
                {
                    "answer": ""
                }
            ],
            [
                {
                    "answer": false
                },
                {
                    "answer": ""
                }
            ],
            [
                {
                    "answer": false
                },
                {
                    "answer": ""
                }
            ],
            [
                {
                    "answer": false
                },
                {
                    "answer": ""
                }
            ],
            [
                {
                    "answer": false
                },
                {
                    "answer": ""
                }
            ],
            [
                {
                    "answer": false
                },
                {
                    "answer": ""
                }
            ],
            [
                {
                    "answer": false
                },
                {
                    "answer": ""
                }
            ],
            [
                {
                    "answer": false
                },
                {
                    "answer": ""
                }
            ],
            [
                {
                    "answer": false
                },
                {
                    "answer": ""
                }
            ],
            [
                {
                    "answer": false
                },
                {
                    "answer": ""
                }
            ],
            [
                {
                    "answer": false
                },
                {
                    "answer": ""
                }
            ],
            [
                {
                    "answer": false
                },
                {
                    "answer": ""
                }
            ],
            [
                {
                    "answer": false
                },
                {
                    "answer": ""
                }
            ],
            [
                {
                    "answer": false
                },
                {
                    "answer": ""
                }
            ],
            [
                {
                    "answer": false
                },
                {
                    "answer": ""
                }
            ],
            [
                {
                    "answer": false
                },
                {
                    "answer": ""
                }
            ]
        ],
        "3": {
            "answer": "Non",
            "comment": ""
        },
        "4": [
            [
                {
                    "answer": false
                }
            ],
            [
                {
                    "answer": false
                }
            ],
            [
                {
                    "answer": false
                }
            ],
            [
                {
                    "answer": false
                }
            ]
        ],
        "5": {
            "answer": "Complètement"
        },
        "6": {
            "answer": "Très élevée"
        }
    },
    "PSP_05": {
        "1": {
            "answer": "Oui"
        },
        "2": [
            [
                {
                    "answer": ""
                },
                {
                    "answer": ""
                },
                {
                    "answer": false
                },
                {
                    "answer": false
                }
            ],
            [
                {
                    "answer": 50
                },
                {
                    "answer": 1
                },
                {
                    "answer": true
                },
                {
                    "answer": true
                }
            ],
            [
                {
                    "answer": ""
                },
                {
                    "answer": ""
                },
                {
                    "answer": false
                },
                {
                    "answer": false
                }
            ],
            [
                {
                    "answer": ""
                },
                {
                    "answer": ""
                },
                {
                    "answer": false
                },
                {
                    "answer": false
                }
            ],
            [
                {
                    "answer": ""
                },
                {
                    "answer": ""
                },
                {
                    "answer": false
                },
                {
                    "answer": false
                }
            ],
            [
                {
                    "answer": ""
                },
                {
                    "answer": ""
                },
                {
                    "answer": false
                },
                {
                    "answer": false
                }
            ],
            [
                {
                    "answer": ""
                },
                {
                    "answer": ""
                },
                {
                    "answer": false
                },
                {
                    "answer": false
                }
            ],
            [
                {
                    "answer": ""
                },
                {
                    "answer": ""
                },
                {
                    "answer": false
                },
                {
                    "answer": false
                }
            ]
        ],
        "3": {
            "answer": "Complètement"
        },
        "4": {
            "answer": "Aucune"
        }
    },
    "PSP_07": {
        "1": [
            [
                {
                    "answer": true
                }
            ],
            [
                {
                    "answer": true
                }
            ],
            [
                {
                    "answer": false
                }
            ],
            [
                {
                    "answer": false
                }
            ],
            [
                {
                    "answer": false
                }
            ],
            [
                {
                    "answer": false
                }
            ],
            [
                {
                    "answer": false
                }
            ],
            [
                {
                    "answer": false
                }
            ]
        ],
        "2": {
            "answer": "2 cereales et mais"
        },
        "3": {
            "answer": ""
        },
        "4": [],
        "5": {
            "answer": "0%"
        },
        "6": {
            "answer": "Oui"
        },
        "7": {
            "answer": "Complètement"
        },
        "8": {
            "answer": "Elevée"
        }
    },
    "PSP_03": {
        "1": [],
        "2": [
            [
                {
                    "answer": ""
                },
                {
                    "answer": ""
                },
                {
                    "answer": false
                },
                {
                    "answer": ""
                },
                {
                    "answer": ""
                }
            ],
            [
                {
                    "answer": ""
                },
                {
                    "answer": ""
                },
                {
                    "answer": false
                },
                {
                    "answer": ""
                },
                {
                    "answer": ""
                }
            ],
            [
                {
                    "answer": ""
                },
                {
                    "answer": ""
                },
                {
                    "answer": false
                },
                {
                    "answer": ""
                },
                {
                    "answer": ""
                }
            ],
            [
                {
                    "answer": ""
                },
                {
                    "answer": ""
                },
                {
                    "answer": false
                },
                {
                    "answer": ""
                },
                {
                    "answer": ""
                }
            ]
        ],
        "3": [],
        "4": []
    },
    "PSP_08": {
        "1": [
            [
                {
                    "answer": "Pas applicable"
                },
                []
            ],
            [
                {
                    "answer": "Oui"
                },
                {
                    "answer": "Oui"
                }
            ],
            [
                {
                    "answer": "Non"
                },
                {
                    "answer": "Non"
                }
            ],
            [
                {
                    "answer": "Oui"
                },
                {
                    "answer": "Oui"
                }
            ],
            [
                {
                    "answer": "Oui"
                },
                {
                    "answer": "Oui"
                }
            ],
            [
                {
                    "answer": "Non"
                },
                {
                    "answer": "Non"
                }
            ],
            [
                {
                    "answer": "Non"
                },
                {
                    "answer": "Non"
                }
            ],
            [
                [],
                []
            ]
        ],
        "2": {
            "answer": "Beaucoup"
        },
        "3": {
            "answer": "Elevée"
        },
        "4": {
            "answer": "Complètement"
        },
        "5": {
            "answer": "Aucune"
        }
    },
    "PSP_09": {
        "1": {
            "answer": "Oui"
        },
        "2": {
            "answer": "simano, nara,montaldo,hanswin,tonic,avatar"
        },
        "3": {
            "answer": 100
        },
        "4": {
            "answer": "resistance aux maladies , les rendements"
        },
        "5": {
            "answer": "Oui"
        },
        "6": {
            "answer": "Non"
        },
        "7": {
            "answer": ""
        },
        "8": {
            "answer": "Non"
        },
        "9": {
            "answer": ""
        },
        "10": {
            "answer": 100
        },
        "11": {
            "answer": "race mixte production lait viande et je fais toute l'insemination artificiellemoi meme et les taureaux changent tous les 3 ans"
        },
        "12": {
            "answer": "Oui"
        },
        "13": {
            "answer": "Non"
        },
        "14": {
            "answer": "Complètement"
        },
        "15": {
            "answer": "Elevée"
        }
    },
    "PSP_10": {
        "1": [],
        "2": {
            "answer": ""
        },
        "3": [],
        "4": {
            "answer": []
        },
        "5": [],
        "6": {
            "answer": ""
        },
        "7": {
            "answer": []
        },
        "8": [],
        "9": []
    },
    "PSP_11": {
        "1": {
            "answer": "Oui"
        },
        "2": {
            "answer": [
                "Maladies (bactéries, virus, champignons, etc.)",
                "Sécheresse",
                "Forte pluie",
                "Grêle"
            ]
        },
        "3": [
            [
                {
                    "answer": true
                },
                {
                    "answer": "choix de varietes resistantes"
                }
            ],
            [
                {
                    "answer": false
                },
                {
                    "answer": ""
                }
            ]
        ],
        "4": {
            "answer": "Oui"
        },
        "5": {
            "answer": [
                "Maladies",
                "Autre (précisez)"
            ]
        },
        "6": [
            [
                {
                    "answer": false
                },
                {
                    "answer": ""
                }
            ],
            [
                {
                    "answer": true
                },
                {
                    "answer": "assistance renforcée du vétérinaire"
                }
            ]
        ],
        "7": {
            "answer": "Moyennement"
        },
        "8": {
            "answer": "Moyennement"
        }
    },
    "PSP_12": {
        "1": [
            [
                {
                    "answer": "Oui"
                }
            ],
            [
                {
                    "answer": "Non"
                }
            ],
            [
                {
                    "answer": "Non"
                }
            ],
            [
                {
                    "answer": "Oui"
                }
            ],
            [
                {
                    "answer": "Oui"
                }
            ],
            [
                {
                    "answer": "Pas applicable"
                }
            ],
            [
                {
                    "answer": "Oui"
                }
            ],
            [
                {
                    "answer": "Oui"
                }
            ],
            [
                {
                    "answer": "Oui"
                }
            ],
            [
                {
                    "answer": "Oui"
                }
            ],
            [
                []
            ]
        ],
        "2": {
            "answer": "Beaucoup"
        },
        "3": {
            "answer": "Très"
        }
    },
    "PSP_13": {
        "1": [
            [
                {
                    "answer": true
                },
                {
                    "answer": false
                }
            ],
            [
                {
                    "answer": true
                },
                {
                    "answer": true
                }
            ],
            [
                {
                    "answer": true
                },
                {
                    "answer": false
                }
            ],
            [
                {
                    "answer": true
                },
                {
                    "answer": true
                }
            ],
            [
                {
                    "answer": true
                },
                {
                    "answer": false
                }
            ],
            [
                {
                    "answer": true
                },
                {
                    "answer": false
                }
            ],
            [
                {
                    "answer": true
                },
                {
                    "answer": true
                }
            ],
            [
                {
                    "answer": true
                },
                {
                    "answer": true
                }
            ],
            [
                {
                    "answer": true
                },
                {
                    "answer": true
                }
            ],
            [
                {
                    "answer": true
                },
                {
                    "answer": true
                }
            ],
            [
                {
                    "answer": false
                },
                {
                    "answer": false
                }
            ]
        ],
        "2": {
            "answer": "Complètement"
        },
        "3": {
            "answer": "Beaucoup"
        }
    },
    "PSP_14": {
        "1": {
            "answer": "Oui"
        },
        "2": {
            "answer": "Oui"
        },
        "3": {
            "answer": [
                "Plus grande variabilité des précipitations",
                "Augmentation de la température",
                "Retard à l'arrivée du printemps",
                "Arrivée du printemps précoce",
                null,
                "Sécheresse inhabituelle"
            ]
        },
        "4": {
            "answer": "aucun vrai impact"
        },
        "5": {
            "answer": "Non"
        },
        "6": {
            "answer": "Oui"
        },
        "7": {
            "answer": "variable"
        },
        "8": {
            "answer": "Oui"
        },
        "9": [
            [
                {
                    "answer": false
                }
            ],
            [
                {
                    "answer": false
                }
            ],
            [
                {
                    "answer": true
                }
            ],
            [
                {
                    "answer": false
                }
            ],
            [
                {
                    "answer": true
                }
            ],
            [
                {
                    "answer": false
                }
            ],
            [
                {
                    "answer": false
                }
            ],
            [
                {
                    "answer": true
                }
            ],
            [
                {
                    "answer": false
                }
            ]
        ],
        "10": {
            "answer": "Non"
        },
        "11": {
            "answer": "Oui"
        },
        "12": {
            "answer": "Une seule source"
        },
        "13": {
            "answer": "Beaucoup"
        },
        "14": {
            "answer": "Elevée"
        }
    },
    "PSP_15": {
        "1": {
            "answer": "Oui"
        },
        "2": {
            "answer": "1 médicamenteux"
        },
        "3": {
            "answer": "Beaucoup"
        },
        "4": {
            "answer": "Très élevée"
        }
    },
    "PSP_16": {
        "1": {
            "answer": "Non"
        },
        "2": [
            [
                {
                    "answer": false
                }
            ],
            [
                {
                    "answer": true
                }
            ],
            [
                {
                    "answer": false
                }
            ],
            [
                {
                    "answer": false
                }
            ],
            [
                {
                    "answer": false
                }
            ],
            [
                {
                    "answer": true
                }
            ],
            [
                {
                    "answer": false
                }
            ],
            [
                {
                    "answer": false
                }
            ],
            [
                {
                    "answer": false
                }
            ],
            [
                {
                    "answer": false
                }
            ],
            [
                {
                    "answer": false
                }
            ]
        ],
        "3": {
            "answer": "Beaucoup"
        },
        "4": {
            "answer": "Moyenne"
        }
    },
    "PSP_17": {
        "1": [
            [
                {
                    "answer": false
                },
                {
                    "answer": false
                }
            ],
            [
                {
                    "answer": true
                },
                {
                    "answer": false
                }
            ],
            [
                {
                    "answer": false
                },
                {
                    "answer": false
                }
            ]
        ],
        "2": {
            "answer": "Jamais"
        },
        "3": {
            "answer": []
        },
        "4": {
            "answer": [
                null,
                "Jetés à la poubelle"
            ]
        },
        "5": {
            "answer": "Pas du tout"
        },
        "6": {
            "answer": "Aucune"
        }
    },
    "PSP_18": {
        "1": {
            "answer": "Non",
            "comment": ""
        },
        "2": {
            "answer": ""
        },
        "3": [],
        "4": [],
        "5": []
    },
    "GOV_01": {
        "1": {
            "answer": "Oui"
        },
        "2": [
            [
                {
                    "answer": false
                }
            ],
            [
                {
                    "answer": true
                }
            ],
            [
                {
                    "answer": true
                }
            ],
            [
                {
                    "answer": false
                }
            ]
        ],
        "3": {
            "answer": "Oui, elles sont suffisamment flexibles"
        },
        "4": {
            "answer": ""
        },
        "5": {
            "answer": "Non"
        },
        "6": {
            "answer": "Moyennement"
        },
        "7": {
            "answer": "Très élevée"
        }
    },
    "ENV_01": {
        "1": [
            [
                {
                    "answer": "Réseau d'irrigation"
                },
                {
                    "answer": "Pas de changement"
                },
                {
                    "answer": ""
                }
            ],
            [
                {
                    "answer": "Puit"
                },
                {
                    "answer": "Changement négatif"
                },
                {
                    "answer": ""
                }
            ],
            [
                [],
                [],
                {
                    "answer": ""
                }
            ],
            [
                [],
                [],
                {
                    "answer": ""
                }
            ],
            [
                [],
                [],
                {
                    "answer": ""
                }
            ]
        ],
        "2": {
            "answer": "Complètement"
        },
        "3": {
            "answer": "Très"
        }
    },
    "ENV_02": {
        "1": {
            "answer": [
                "Citernes"
            ]
        },
        "2": {
            "answer": "Beaucoup"
        },
        "3": {
            "answer": "Très élevée"
        }
    },
    "ENV_03": {
        "1": [
            [
                {
                    "answer": false
                },
                {
                    "answer": ""
                }
            ],
            [
                {
                    "answer": true
                },
                {
                    "answer": "forte pluie"
                }
            ],
            [
                {
                    "answer": false
                },
                {
                    "answer": ""
                }
            ],
            [
                {
                    "answer": false
                },
                {
                    "answer": ""
                }
            ],
            [
                {
                    "answer": false
                },
                {
                    "answer": ""
                }
            ],
            [
                {
                    "answer": false
                },
                {
                    "answer": ""
                }
            ]
        ],
        "2": {
            "answer": "Complètement"
        },
        "3": {
            "answer": "Complètement"
        },
        "4": {
            "answer": "Complètement"
        },
        "5": {
            "answer": "Très élevée"
        }
    },
    "ENV_04": {
        "1": [
            [
                {
                    "answer": 65
                },
                {
                    "answer": 27
                },
                {
                    "answer": ""
                },
                {
                    "answer": ""
                }
            ],
            [
                {
                    "answer": 44
                },
                {
                    "answer": ""
                },
                {
                    "answer": ""
                },
                {
                    "answer": ""
                }
            ],
            [
                {
                    "answer": ""
                },
                {
                    "answer": ""
                },
                {
                    "answer": ""
                },
                {
                    "answer": ""
                }
            ]
        ],
        "2": {
            "answer": 126
        },
        "3": {
            "answer": 8
        },
        "4": {
            "answer": "Beaucoup"
        },
        "5": {
            "answer": "Très élevée"
        }
    },
    "ENV_05": {
        "1": {
            "answer": 2
        },
        "2": {
            "answer": [
                "Argileux?",
                "Pierreux?"
            ]
        },
        "3": {
            "answer": "Assez riche"
        },
        "4": {
            "answer": "Oui"
        },
        "5": {
            "answer": "Complètement"
        },
        "6": {
            "answer": "Un peu"
        },
        "7": {
            "answer": "Non"
        },
        "8": {
            "answer": ""
        },
        "9": {
            "answer": "Oui"
        },
        "10": {
            "answer": "Oui"
        }
    },
    "ENV_06": {
        "1": [
            [
                {
                    "answer": true
                },
                {
                    "answer": "pour la betterave "
                }
            ],
            [
                {
                    "answer": false
                },
                {
                    "answer": ""
                }
            ],
            [
                {
                    "answer": false
                },
                {
                    "answer": ""
                }
            ],
            [
                {
                    "answer": true
                },
                {
                    "answer": ""
                }
            ],
            [
                {
                    "answer": true
                },
                {
                    "answer": ""
                }
            ],
            [
                {
                    "answer": true
                },
                {
                    "answer": ""
                }
            ],
            [
                {
                    "answer": false
                },
                {
                    "answer": ""
                }
            ],
            [
                {
                    "answer": false
                },
                {
                    "answer": ""
                }
            ],
            [
                {
                    "answer": false
                },
                {
                    "answer": ""
                }
            ],
            [
                {
                    "answer": true
                },
                {
                    "answer": ""
                }
            ],
            [
                {
                    "answer": true
                },
                {
                    "answer": ""
                }
            ],
            [
                {
                    "answer": false
                },
                {
                    "answer": ""
                }
            ],
            [
                {
                    "answer": false
                },
                {
                    "answer": ""
                }
            ],
            [
                {
                    "answer": false
                },
                {
                    "answer": ""
                }
            ],
            [
                {
                    "answer": false
                },
                {
                    "answer": ""
                }
            ],
            [
                {
                    "answer": false
                },
                {
                    "answer": ""
                }
            ]
        ],
        "2": {
            "answer": "Beaucoup"
        },
        "3": {
            "answer": "Elevée"
        }
    },
    "ENV_07": {
        "1": {
            "answer": "Oui chaque année"
        },
        "2": {
            "answer": "trèfle blanc violet alexandrie"
        },
        "3": {
            "answer": "Complètement"
        },
        "4": {
            "answer": "Très élevée"
        }
    },
    "ENV_08": {
        "1": {
            "answer": "Pas du tout"
        },
        "2": {
            "answer": "Un peu"
        },
        "3": {
            "answer": "Un peu"
        }
    },
    "ENV_09": {
        "1": [
            [
                {
                    "answer": true
                },
                {
                    "answer": false
                },
                {
                    "answer": false
                }
            ],
            [
                {
                    "answer": false
                },
                {
                    "answer": false
                },
                {
                    "answer": false
                }
            ],
            [
                {
                    "answer": false
                },
                {
                    "answer": false
                },
                {
                    "answer": false
                }
            ],
            [
                {
                    "answer": true
                },
                {
                    "answer": false
                },
                {
                    "answer": false
                }
            ],
            [
                {
                    "answer": false
                },
                {
                    "answer": false
                },
                {
                    "answer": false
                }
            ],
            [
                {
                    "answer": false
                },
                {
                    "answer": false
                },
                {
                    "answer": false
                }
            ],
            [
                {
                    "answer": false
                },
                {
                    "answer": false
                },
                {
                    "answer": false
                }
            ],
            [
                {
                    "answer": false
                },
                {
                    "answer": false
                },
                {
                    "answer": false
                }
            ],
            [
                {
                    "answer": false
                },
                {
                    "answer": false
                },
                {
                    "answer": false
                }
            ],
            [
                {
                    "answer": false
                },
                {
                    "answer": false
                },
                {
                    "answer": false
                }
            ],
            [
                {
                    "answer": false
                },
                {
                    "answer": false
                },
                {
                    "answer": false
                }
            ],
            [
                {
                    "answer": true
                },
                {
                    "answer": false
                },
                {
                    "answer": true
                }
            ],
            [
                {
                    "answer": false
                },
                {
                    "answer": false
                },
                {
                    "answer": false
                }
            ],
            [
                {
                    "answer": false
                },
                {
                    "answer": false
                },
                {
                    "answer": false
                }
            ],
            [
                {
                    "answer": true
                },
                {
                    "answer": true
                },
                {
                    "answer": false
                }
            ],
            [
                {
                    "answer": false
                },
                {
                    "answer": false
                },
                {
                    "answer": false
                }
            ]
        ],
        "2": {
            "answer": "Tout ou la plupart de l'énergie dépend d'acteurs externes (0-20% viennent de votre propre exploitation)"
        },
        "3": {
            "answer": "Complètement"
        },
        "4": {
            "answer": "Très élevée"
        }
    },
    "ENV_10": {
        "1": {
            "answer": "Oui"
        },
        "2": [
            [
                {
                    "answer": true
                }
            ],
            [
                {
                    "answer": false
                }
            ],
            [
                {
                    "answer": true
                }
            ],
            [
                {
                    "answer": false
                }
            ]
        ],
        "3": {
            "answer": "Fermé"
        },
        "4": {
            "answer": "Ouvert"
        },
        "5": {
            "answer": "Non"
        },
        "6": [],
        "7": {
            "answer": "Pas du tout"
        },
        "8": {
            "answer": "Très élevée"
        }
    },
    "ENV_11": {
        "1": {
            "answer": "Oui"
        },
        "2": {
            "answer": "Non"
        },
        "3": [
            [
                {
                    "answer": false
                }
            ],
            [
                {
                    "answer": false
                }
            ],
            [
                {
                    "answer": true
                }
            ]
        ],
        "4": {
            "answer": "Complètement"
        },
        "5": {
            "answer": "Très"
        },
        "6": [
            [
                {
                    "answer": false
                },
                {
                    "answer": ""
                },
                {
                    "answer": false
                }
            ],
            [
                {
                    "answer": true
                },
                {
                    "answer": ""
                },
                {
                    "answer": true
                }
            ],
            [
                {
                    "answer": false
                },
                {
                    "answer": ""
                },
                {
                    "answer": false
                }
            ]
        ],
        "7": {
            "answer": "Non"
        },
        "8": {
            "answer": "Oui"
        },
        "9": [
            [
                {
                    "answer": true
                }
            ],
            [
                {
                    "answer": true
                }
            ],
            [
                {
                    "answer": false
                }
            ],
            [
                {
                    "answer": true
                }
            ],
            [
                {
                    "answer": false
                }
            ],
            [
                {
                    "answer": false
                }
            ]
        ],
        "10": {
            "answer": "Complètement"
        },
        "11": {
            "answer": "Elevée"
        }
    },
    "ENV_12": {
        "1": [
            [
                {
                    "answer": true
                }
            ],
            [
                {
                    "answer": false
                }
            ],
            [
                {
                    "answer": false
                }
            ],
            [
                {
                    "answer": false
                }
            ],
            [
                {
                    "answer": false
                }
            ],
            [
                {
                    "answer": true
                }
            ],
            [
                {
                    "answer": true
                }
            ],
            [
                {
                    "answer": true
                }
            ],
            [
                {
                    "answer": true
                }
            ],
            [
                {
                    "answer": false
                }
            ]
        ],
        "2": {
            "answer": "1 rumex"
        },
        "3": {
            "answer": "Non"
        },
        "4": {
            "answer": "Moyennement"
        },
        "5": {
            "answer": "Beaucoup"
        }
    },
    "SOC_01": {
        "1": {
            "answer": "Oui"
        },
        "2": [
            [
                {
                    "answer": false
                },
                [],
                []
            ],
            [
                {
                    "answer": true
                },
                {
                    "answer": "Pas actif"
                },
                {
                    "answer": "Deux fois par année ou moins"
                }
            ],
            [
                {
                    "answer": false
                },
                [],
                []
            ],
            [
                {
                    "answer": true
                },
                {
                    "answer": "Assez actif"
                },
                {
                    "answer": "Une fois par mois"
                }
            ],
            [
                {
                    "answer": false
                },
                [],
                []
            ],
            [
                {
                    "answer": false
                },
                [],
                []
            ],
            [
                {
                    "answer": false
                },
                [],
                []
            ],
            [
                {
                    "answer": false
                },
                [],
                []
            ],
            [
                {
                    "answer": true
                },
                {
                    "answer": "Assez actif"
                },
                {
                    "answer": "Deux fois par année ou moins"
                }
            ],
            [
                {
                    "answer": false
                },
                [],
                []
            ],
            [
                {
                    "answer": true
                },
                {
                    "answer": "Très actif"
                },
                {
                    "answer": "Une fois par mois"
                }
            ],
            [
                {
                    "answer": false
                },
                [],
                []
            ],
            [
                {
                    "answer": false
                },
                [],
                []
            ],
            [
                {
                    "answer": false
                },
                [],
                []
            ],
            [
                {
                    "answer": false
                },
                [],
                []
            ],
            [
                {
                    "answer": false
                },
                [],
                []
            ],
            [
                {
                    "answer": false
                },
                [],
                []
            ],
            [
                {
                    "answer": false
                },
                [],
                []
            ],
            [
                {
                    "answer": false
                },
                [],
                []
            ],
            [
                {
                    "answer": false
                },
                [],
                []
            ],
            [
                {
                    "answer": false
                },
                [],
                []
            ]
        ],
        "3": [
            [
                {
                    "answer": false
                }
            ],
            [
                {
                    "answer": false
                }
            ],
            [
                {
                    "answer": true
                }
            ],
            [
                {
                    "answer": true
                }
            ],
            [
                {
                    "answer": true
                }
            ],
            [
                {
                    "answer": true
                }
            ],
            [
                {
                    "answer": false
                }
            ],
            [
                {
                    "answer": false
                }
            ]
        ],
        "4": {
            "answer": "Non"
        },
        "5": {
            "answer": ""
        },
        "6": {
            "answer": "Moyennement"
        },
        "7": {
            "answer": "Un peu"
        },
        "8": {
            "answer": "Moyennement"
        },
        "9": {
            "answer": "Moyenne"
        }
    },
    "SOC_02": {
        "1": {
            "answer": "Oui"
        },
        "2": {
            "answer": "Complètement"
        },
        "3": {
            "answer": "Elevée"
        }
    },
    "SOC_03": {
        "1": [
            [
                {
                    "answer": false
                }
            ],
            [
                {
                    "answer": false
                }
            ],
            [
                {
                    "answer": false
                }
            ],
            [
                {
                    "answer": true
                }
            ],
            [
                {
                    "answer": false
                }
            ],
            [
                {
                    "answer": true
                }
            ],
            [
                {
                    "answer": false
                }
            ],
            [
                {
                    "answer": true
                }
            ],
            [
                {
                    "answer": true
                }
            ],
            [
                {
                    "answer": true
                }
            ],
            [
                {
                    "answer": false
                }
            ]
        ],
        "2": {
            "answer": "Non"
        },
        "3": {
            "answer": ""
        },
        "4": {
            "answer": "Moyennement"
        },
        "5": {
            "answer": "Oui"
        },
        "6": {
            "answer": "Moyennement"
        },
        "7": {
            "answer": "Beaucoup"
        }
    },
    "SOC_04": {
        "1": {
            "answer": "Oui et ils sont de bonne qualité"
        },
        "2": {
            "answer": "Complètement"
        },
        "3": {
            "answer": "Très élevée"
        }
    },
    "SOC_05": {
        "1": {
            "answer": "Moyennement"
        },
        "2": {
            "answer": "Non"
        },
        "3": [
            [
                {
                    "answer": true
                }
            ],
            [
                {
                    "answer": false
                }
            ],
            [
                {
                    "answer": false
                }
            ],
            [
                {
                    "answer": false
                }
            ]
        ],
        "4": [
            [
                {
                    "answer": true
                }
            ],
            [
                {
                    "answer": true
                }
            ],
            [
                {
                    "answer": true
                }
            ],
            [
                {
                    "answer": false
                }
            ],
            [
                {
                    "answer": false
                }
            ]
        ],
        "5": {
            "answer": "Moyennement"
        },
        "6": {
            "answer": "Faible"
        }
    },
    "SOC_06": {
        "1": {
            "answer": "Rarement"
        },
        "2": {
            "answer": "Oui"
        },
        "3": {
            "answer": "Non"
        },
        "4": [],
        "5": {
            "answer": "Faible"
        }
    },
    "EC_09": {
        "1": [
            [
                {
                    "answer": 2
                },
                {
                    "answer": ""
                }
            ],
            [
                {
                    "answer": 3
                },
                {
                    "answer": ""
                }
            ],
            [
                {
                    "answer": 5
                },
                {
                    "answer": ""
                }
            ],
            [
                {
                    "answer": 1
                },
                {
                    "answer": ""
                }
            ],
            [
                {
                    "answer": 4
                },
                {
                    "answer": ""
                }
            ],
            [
                [],
                {
                    "answer": ""
                }
            ]
        ],
        "2": {
            "answer": "Complètement"
        },
        "3": {
            "answer": "Elevée"
        }
    },
    "EC_08": {
        "1": [
            [
                {
                    "answer": "batiment"
                },
                {
                    "answer": true
                },
                {
                    "answer": true
                },
                {
                    "answer": false
                },
                {
                    "answer": ""
                },
                {
                    "answer": false
                }
            ],
            [
                {
                    "answer": "betail"
                },
                {
                    "answer": false
                },
                {
                    "answer": true
                },
                {
                    "answer": false
                },
                {
                    "answer": ""
                },
                {
                    "answer": false
                }
            ],
            [
                {
                    "answer": "culture"
                },
                {
                    "answer": true
                },
                {
                    "answer": false
                },
                {
                    "answer": false
                },
                {
                    "answer": ""
                },
                {
                    "answer": true
                }
            ],
            [
                {
                    "answer": "machines"
                },
                {
                    "answer": false
                },
                {
                    "answer": true
                },
                {
                    "answer": true
                },
                {
                    "answer": "vol,accident"
                },
                {
                    "answer": true
                }
            ],
            [
                {
                    "answer": ""
                },
                {
                    "answer": false
                },
                {
                    "answer": false
                },
                {
                    "answer": false
                },
                {
                    "answer": ""
                },
                {
                    "answer": false
                }
            ],
            [
                {
                    "answer": ""
                },
                {
                    "answer": false
                },
                {
                    "answer": false
                },
                {
                    "answer": false
                },
                {
                    "answer": ""
                },
                {
                    "answer": false
                }
            ],
            [
                {
                    "answer": ""
                },
                {
                    "answer": false
                },
                {
                    "answer": false
                },
                {
                    "answer": false
                },
                {
                    "answer": ""
                },
                {
                    "answer": false
                }
            ],
            [
                {
                    "answer": ""
                },
                {
                    "answer": false
                },
                {
                    "answer": false
                },
                {
                    "answer": false
                },
                {
                    "answer": ""
                },
                {
                    "answer": false
                }
            ],
            [
                {
                    "answer": ""
                },
                {
                    "answer": false
                },
                {
                    "answer": false
                },
                {
                    "answer": false
                },
                {
                    "answer": ""
                },
                {
                    "answer": false
                }
            ],
            [
                {
                    "answer": ""
                },
                {
                    "answer": false
                },
                {
                    "answer": false
                },
                {
                    "answer": false
                },
                {
                    "answer": ""
                },
                {
                    "answer": false
                }
            ]
        ],
        "2": {
            "answer": "Beaucoup"
        },
        "3": {
            "answer": "Très élevée"
        }
    },
    "EC_11": {
        "1": {
            "answer": 1
        },
        "2": [
            [
                {
                    "answer": "Production agricoles"
                }
            ],
            [
                []
            ],
            [
                []
            ]
        ],
        "3": {
            "answer": "Profit stable"
        },
        "4": {
            "answer": 30
        },
        "5": {
            "answer": "Non"
        },
        "6": {
            "answer": "Pas du tout"
        },
        "7": {
            "answer": "Aucune"
        }
    },
    "EC_12": {
        "1": {
            "answer": "Non"
        },
        "2": [],
        "3": [],
        "4": []
    },
    "EC_14": {
        "1": {
            "answer": "Non"
        },
        "2": {
            "answer": [
                "Banque",
                "Achat de biens d'investissement (terrain, immobilier, etc.)"
            ]
        },
        "3": {
            "answer": "Beaucoup"
        },
        "4": {
            "answer": "Très"
        }
    },
    "EC_01": {
        "1": {
            "answer": "Moins de 45% de fonds propres"
        },
        "2": {
            "answer": "Un peu"
        },
        "3": {
            "answer": "Très"
        }
    },
    "EC_15": {
        "1": {
            "answer": "J'ai un peu de 'marge de manoeuvre' (c.-à-d. ce que je peux faire/entreprendre est limité)"
        },
        "2": {
            "answer": "Non"
        },
        "3": {
            "answer": "Moyennement"
        },
        "4": {
            "answer": "Très"
        }
    },
    "EC_10": {
        "1": [
            [
                {
                    "answer": "intérêts d'emprunts bancaires"
                }
            ],
            [
                {
                    "answer": "assurances"
                }
            ],
            [
                {
                    "answer": "bail/loyer"
                }
            ],
            [
                {
                    "answer": "engrais"
                }
            ],
            [
                {
                    "answer": "matériel agricole"
                }
            ]
        ],
        "2": {
            "answer": "Oui"
        },
        "3": {
            "answer": "Non"
        },
        "4": {
            "answer": "Moyennement"
        },
        "5": {
            "answer": "Beaucoup"
        }
    },
    "EC_13": {
        "1": [
            [
                {
                    "answer": "Oui"
                }
            ],
            [
                {
                    "answer": "Oui"
                }
            ],
            [
                {
                    "answer": "Oui"
                }
            ],
            [
                {
                    "answer": "Oui"
                }
            ],
            [
                {
                    "answer": "Oui"
                }
            ],
            [
                {
                    "answer": "Oui"
                }
            ],
            [
                {
                    "answer": "Oui"
                }
            ],
            [
                {
                    "answer": "Oui"
                }
            ],
            [
                []
            ]
        ],
        "2": {
            "answer": 20
        },
        "3": {
            "answer": "Complètement"
        },
        "4": {
            "answer": "Très"
        }
    },
    "EC_07": {
        "1": [
            [
                {
                    "answer": "Oui"
                }
            ],
            [
                {
                    "answer": "Oui"
                }
            ],
            [
                {
                    "answer": "Oui"
                }
            ],
            [
                {
                    "answer": "Non"
                }
            ],
            [
                {
                    "answer": "Oui"
                }
            ],
            [
                {
                    "answer": "Oui"
                }
            ],
            [
                {
                    "answer": "Non"
                }
            ],
            [
                {
                    "answer": "Non"
                }
            ],
            [
                {
                    "answer": "Oui"
                }
            ],
            [
                []
            ]
        ],
        "2": {
            "answer": "Beaucoup"
        },
        "3": {
            "answer": "Beaucoup"
        }
    },
    "EC_06": {
        "1": {
            "answer": "Quelques fois "
        },
        "2": {
            "answer": "Moyennement"
        },
        "3": {
            "answer": "Moyennement"
        }
    },
    "EC_03": {
        "1": [
            [
                {
                    "answer": "Non"
                },
                {
                    "answer": ""
                }
            ],
            [
                {
                    "answer": "Non"
                },
                {
                    "answer": ""
                }
            ],
            [
                {
                    "answer": "Non"
                },
                {
                    "answer": ""
                }
            ]
        ],
        "2": {
            "answer": [
                "Je suis satisfait"
            ]
        },
        "3": {
            "answer": "Beaucoup"
        },
        "4": {
            "answer": "Beaucoup"
        }
    },
    "EC_04": {
        "1": [
            [
                {
                    "answer": "lait"
                },
                {
                    "answer": true
                },
                {
                    "answer": "Je suis satisfait"
                },
                {
                    "answer": "Jamais"
                },
                {
                    "answer": true
                }
            ],
            [
                {
                    "answer": "blé"
                },
                {
                    "answer": true
                },
                {
                    "answer": "Je suis satisfait"
                },
                {
                    "answer": "Jamais"
                },
                {
                    "answer": true
                }
            ],
            [
                {
                    "answer": "viande"
                },
                {
                    "answer": false
                },
                {
                    "answer": "Je suis satisfait"
                },
                {
                    "answer": "Très rarement"
                },
                {
                    "answer": true
                }
            ],
            [
                {
                    "answer": "colza"
                },
                {
                    "answer": true
                },
                {
                    "answer": "Je suis satisfait"
                },
                {
                    "answer": "Jamais"
                },
                {
                    "answer": true
                }
            ],
            [
                {
                    "answer": "betteraves"
                },
                {
                    "answer": true
                },
                {
                    "answer": "Ca limite la flexibilité de mon exploitation"
                },
                {
                    "answer": "Jamais"
                },
                {
                    "answer": true
                }
            ],
            [
                {
                    "answer": ""
                },
                {
                    "answer": false
                },
                [],
                [],
                {
                    "answer": false
                }
            ]
        ],
        "2": {
            "answer": "Beaucoup"
        },
        "3": {
            "answer": "Beaucoup"
        }
    },
    "EC_02": {
        "1": {
            "answer": "Non"
        },
        "2": [
            [
                {
                    "answer": ""
                },
                {
                    "answer": false
                },
                [],
                []
            ],
            [
                {
                    "answer": ""
                },
                {
                    "answer": false
                },
                [],
                []
            ],
            [
                {
                    "answer": ""
                },
                {
                    "answer": false
                },
                [],
                []
            ],
            [
                {
                    "answer": ""
                },
                {
                    "answer": false
                },
                [],
                []
            ],
            [
                {
                    "answer": ""
                },
                {
                    "answer": false
                },
                [],
                []
            ],
            [
                {
                    "answer": ""
                },
                {
                    "answer": false
                },
                [],
                []
            ]
        ],
        "3": {
            "answer": ""
        },
        "4": [],
        "5": []
    },
    "EC_16": {
        "1": [
            [
                {
                    "answer": "lait"
                },
                {
                    "answer": "Stable"
                },
                {
                    "answer": "false"
                }
            ],
            [
                {
                    "answer": "blé"
                },
                {
                    "answer": "Imprévisible"
                },
                {
                    "answer": "false"
                }
            ],
            [
                {
                    "answer": "viande"
                },
                {
                    "answer": "Stable"
                },
                {
                    "answer": "false"
                }
            ],
            [
                {
                    "answer": "colza"
                },
                {
                    "answer": "Décroissant"
                },
                {
                    "answer": "false"
                }
            ],
            [
                {
                    "answer": ""
                },
                [],
                {
                    "answer": "false"
                }
            ],
            [
                {
                    "answer": ""
                },
                [],
                {
                    "answer": "false"
                }
            ]
        ],
        "2": {
            "answer": "Un peu"
        },
        "3": {
            "answer": "Beaucoup"
        }
    },
    "meta": {
        "version": "v-1.0.6-FR",
        "filename": "uuid_faba9a3f-9af3-4490-8515-469a6d1153e5_answer_5.json"
    }
}