{
    "ADM_01": {
        "1": {
            "answer": "helene"
        },
        "2": {
            "answer": "bouzon"
        },
        "3": {
            "answer": "marcel"
        },
        "4": {
            "answer": "helenedomicile5"
        },
        "5": {
            "answer": "Chef de l'exploitation"
        },
        "6": {
            "answer": ""
        },
        "7": {
            "answer": ""
        },
        "8": {
            "answer": ""
        },
        "9": {
            "answer": ""
        },
        "10": {
            "answer": "aigle"
        },
        "11": {
            "answer": ""
        },
        "12": {
            "answer": ""
        },
        "13": {
            "answer": 14.12
        },
        "14": {
            "answer": "Homme"
        },
        "15": {
            "answer": 61
        },
        "16": {
            "answer": "Mixte"
        },
        "17": {
            "answer": "Exploitation conventionnelle"
        },
        "18": {
            "answer": "31-50 ha"
        }
    },
    "PSP_02": {
        "1": [
            [
                {
                    "answer": true
                },
                {
                    "answer": false
                },
                {
                    "answer": true
                }
            ],
            [
                {
                    "answer": false
                },
                {
                    "answer": false
                },
                {
                    "answer": false
                }
            ],
            [
                {
                    "answer": false
                },
                {
                    "answer": false
                },
                {
                    "answer": false
                }
            ],
            [
                {
                    "answer": false
                },
                {
                    "answer": false
                },
                {
                    "answer": false
                }
            ],
            [
                {
                    "answer": false
                },
                {
                    "answer": false
                },
                {
                    "answer": false
                }
            ],
            [
                {
                    "answer": false
                },
                {
                    "answer": false
                },
                {
                    "answer": false
                }
            ],
            [
                {
                    "answer": false
                },
                {
                    "answer": false
                },
                {
                    "answer": false
                }
            ],
            [
                {
                    "answer": false
                },
                {
                    "answer": false
                },
                {
                    "answer": false
                }
            ],
            [
                {
                    "answer": false
                },
                {
                    "answer": false
                },
                {
                    "answer": false
                }
            ],
            [
                {
                    "answer": false
                },
                {
                    "answer": false
                },
                {
                    "answer": false
                }
            ],
            [
                {
                    "answer": false
                },
                {
                    "answer": false
                },
                {
                    "answer": false
                }
            ],
            [
                {
                    "answer": true
                },
                {
                    "answer": false
                },
                {
                    "answer": true
                }
            ]
        ],
        "2": [
            [
                {
                    "answer": true
                }
            ],
            [
                {
                    "answer": false
                }
            ],
            [
                {
                    "answer": false
                }
            ]
        ],
        "3": {
            "answer": "Moyennement"
        },
        "4": {
            "answer": "Beaucoup"
        }
    },
    "PSP_01": {
        "1": [
            [
                {
                    "answer": 3
                },
                {
                    "answer": true
                },
                {
                    "answer": 2
                },
                {
                    "answer": 2
                },
                {
                    "answer": 2
                },
                {
                    "answer": 0
                },
                {
                    "answer": 1
                }
            ],
            [
                {
                    "answer": 1
                },
                {
                    "answer": false
                },
                {
                    "answer": ""
                },
                {
                    "answer": ""
                },
                {
                    "answer": ""
                },
                {
                    "answer": 1
                },
                {
                    "answer": ""
                }
            ],
            [
                {
                    "answer": 2
                },
                {
                    "answer": false
                },
                {
                    "answer": ""
                },
                {
                    "answer": ""
                },
                {
                    "answer": ""
                },
                {
                    "answer": ""
                },
                {
                    "answer": ""
                }
            ],
            [
                {
                    "answer": 1
                },
                {
                    "answer": false
                },
                {
                    "answer": ""
                },
                {
                    "answer": ""
                },
                {
                    "answer": ""
                },
                {
                    "answer": ""
                },
                {
                    "answer": ""
                }
            ],
            [
                {
                    "answer": ""
                },
                {
                    "answer": false
                },
                {
                    "answer": ""
                },
                {
                    "answer": ""
                },
                {
                    "answer": ""
                },
                {
                    "answer": ""
                },
                {
                    "answer": ""
                }
            ],
            [
                {
                    "answer": ""
                },
                {
                    "answer": false
                },
                {
                    "answer": ""
                },
                {
                    "answer": ""
                },
                {
                    "answer": ""
                },
                {
                    "answer": ""
                },
                {
                    "answer": ""
                }
            ]
        ],
        "2": {
            "answer": "Entre 42h et 50h/semaine"
        },
        "3": {
            "answer": "Non-applicable"
        },
        "4": {
            "answer": "Oui, il a pu choisir librement"
        },
        "5": [
            [
                {
                    "answer": false
                },
                {
                    "answer": ""
                }
            ],
            [
                {
                    "answer": false
                },
                {
                    "answer": ""
                }
            ]
        ],
        "6": {
            "answer": "Beaucoup"
        },
        "7": {
            "answer": "Très élevée"
        }
    },
    "PSP_04": {
        "1": {
            "answer": "Oui"
        },
        "2": [
            [
                {
                    "answer": false
                },
                {
                    "answer": ""
                }
            ],
            [
                {
                    "answer": false
                },
                {
                    "answer": ""
                }
            ],
            [
                {
                    "answer": true
                },
                {
                    "answer": 1
                }
            ],
            [
                {
                    "answer": true
                },
                {
                    "answer": 1
                }
            ],
            [
                {
                    "answer": true
                },
                {
                    "answer": 2
                }
            ],
            [
                {
                    "answer": false
                },
                {
                    "answer": ""
                }
            ],
            [
                {
                    "answer": false
                },
                {
                    "answer": ""
                }
            ],
            [
                {
                    "answer": false
                },
                {
                    "answer": ""
                }
            ],
            [
                {
                    "answer": false
                },
                {
                    "answer": ""
                }
            ],
            [
                {
                    "answer": false
                },
                {
                    "answer": ""
                }
            ],
            [
                {
                    "answer": false
                },
                {
                    "answer": ""
                }
            ],
            [
                {
                    "answer": false
                },
                {
                    "answer": ""
                }
            ],
            [
                {
                    "answer": false
                },
                {
                    "answer": ""
                }
            ],
            [
                {
                    "answer": false
                },
                {
                    "answer": ""
                }
            ],
            [
                {
                    "answer": false
                },
                {
                    "answer": ""
                }
            ],
            [
                {
                    "answer": false
                },
                {
                    "answer": ""
                }
            ],
            [
                {
                    "answer": false
                },
                {
                    "answer": ""
                }
            ],
            [
                {
                    "answer": false
                },
                {
                    "answer": ""
                }
            ],
            [
                {
                    "answer": false
                },
                {
                    "answer": ""
                }
            ],
            [
                {
                    "answer": false
                },
                {
                    "answer": ""
                }
            ],
            [
                {
                    "answer": false
                },
                {
                    "answer": ""
                }
            ],
            [
                {
                    "answer": false
                },
                {
                    "answer": ""
                }
            ],
            [
                {
                    "answer": false
                },
                {
                    "answer": ""
                }
            ],
            [
                {
                    "answer": false
                },
                {
                    "answer": ""
                }
            ],
            [
                {
                    "answer": false
                },
                {
                    "answer": ""
                }
            ],
            [
                {
                    "answer": false
                },
                {
                    "answer": ""
                }
            ],
            [
                {
                    "answer": false
                },
                {
                    "answer": ""
                }
            ],
            [
                {
                    "answer": false
                },
                {
                    "answer": ""
                }
            ],
            [
                {
                    "answer": false
                },
                {
                    "answer": ""
                }
            ],
            [
                {
                    "answer": false
                },
                {
                    "answer": ""
                }
            ],
            [
                {
                    "answer": false
                },
                {
                    "answer": ""
                }
            ],
            [
                {
                    "answer": false
                },
                {
                    "answer": ""
                }
            ],
            [
                {
                    "answer": true
                },
                {
                    "answer": ""
                }
            ]
        ],
        "3": {
            "answer": "Non",
            "comment": ""
        },
        "4": [
            [
                {
                    "answer": false
                }
            ],
            [
                {
                    "answer": false
                }
            ],
            [
                {
                    "answer": false
                }
            ],
            [
                {
                    "answer": false
                }
            ]
        ],
        "5": {
            "answer": "Complètement"
        },
        "6": {
            "answer": "Faible"
        }
    },
    "PSP_05": {
        "1": {
            "answer": "Oui"
        },
        "2": [
            [
                {
                    "answer": ""
                },
                {
                    "answer": ""
                },
                {
                    "answer": false
                },
                {
                    "answer": false
                }
            ],
            [
                {
                    "answer": ""
                },
                {
                    "answer": ""
                },
                {
                    "answer": false
                },
                {
                    "answer": false
                }
            ],
            [
                {
                    "answer": ""
                },
                {
                    "answer": ""
                },
                {
                    "answer": false
                },
                {
                    "answer": false
                }
            ],
            [
                {
                    "answer": ""
                },
                {
                    "answer": ""
                },
                {
                    "answer": false
                },
                {
                    "answer": false
                }
            ],
            [
                {
                    "answer": ""
                },
                {
                    "answer": ""
                },
                {
                    "answer": false
                },
                {
                    "answer": false
                }
            ],
            [
                {
                    "answer": ""
                },
                {
                    "answer": ""
                },
                {
                    "answer": false
                },
                {
                    "answer": false
                }
            ],
            [
                {
                    "answer": 5
                },
                {
                    "answer": ""
                },
                {
                    "answer": false
                },
                {
                    "answer": false
                }
            ],
            [
                {
                    "answer": ""
                },
                {
                    "answer": ""
                },
                {
                    "answer": false
                },
                {
                    "answer": false
                }
            ]
        ],
        "3": {
            "answer": "Moyennement"
        },
        "4": {
            "answer": "Aucune"
        }
    },
    "PSP_07": {
        "1": [
            [
                {
                    "answer": false
                }
            ],
            [
                {
                    "answer": false
                }
            ],
            [
                {
                    "answer": false
                }
            ],
            [
                {
                    "answer": false
                }
            ],
            [
                {
                    "answer": false
                }
            ],
            [
                {
                    "answer": false
                }
            ],
            [
                {
                    "answer": true
                }
            ],
            [
                {
                    "answer": false
                }
            ]
        ],
        "2": {
            "answer": ""
        },
        "3": {
            "answer": ""
        },
        "4": [],
        "5": {
            "answer": "0%"
        },
        "6": {
            "answer": "Non"
        },
        "7": {
            "answer": "Complètement"
        },
        "8": {
            "answer": "Elevée"
        }
    },
    "PSP_03": {
        "1": {
            "answer": "Non"
        },
        "2": [
            [
                {
                    "answer": ""
                },
                {
                    "answer": ""
                },
                {
                    "answer": false
                },
                {
                    "answer": ""
                },
                {
                    "answer": ""
                }
            ],
            [
                {
                    "answer": ""
                },
                {
                    "answer": ""
                },
                {
                    "answer": false
                },
                {
                    "answer": ""
                },
                {
                    "answer": ""
                }
            ],
            [
                {
                    "answer": ""
                },
                {
                    "answer": ""
                },
                {
                    "answer": false
                },
                {
                    "answer": ""
                },
                {
                    "answer": ""
                }
            ],
            [
                {
                    "answer": ""
                },
                {
                    "answer": ""
                },
                {
                    "answer": false
                },
                {
                    "answer": ""
                },
                {
                    "answer": ""
                }
            ]
        ],
        "3": [],
        "4": []
    },
    "PSP_08": {
        "1": [
            [
                {
                    "answer": "Pas applicable"
                },
                {
                    "answer": "Pas applicable"
                }
            ],
            [
                {
                    "answer": "Oui"
                },
                []
            ],
            [
                [],
                []
            ],
            [
                [],
                []
            ],
            [
                {
                    "answer": "Oui"
                },
                []
            ],
            [
                [],
                []
            ],
            [
                [],
                []
            ],
            [
                [],
                []
            ]
        ],
        "2": {
            "answer": "Complètement"
        },
        "3": {
            "answer": "Moyenne"
        },
        "4": [],
        "5": []
    },
    "PSP_09": {
        "1": {
            "answer": "Oui"
        },
        "2": {
            "answer": "mais dkc 3939 et 3945, triticale tarzan"
        },
        "3": {
            "answer": 70
        },
        "4": {
            "answer": "suivre l'évolution des marchés et puis pour l'adaptation des rendements à la région"
        },
        "5": {
            "answer": "Oui"
        },
        "6": {
            "answer": "Non"
        },
        "7": {
            "answer": ""
        },
        "8": [],
        "9": {
            "answer": ""
        },
        "10": {
            "answer": ""
        },
        "11": {
            "answer": ""
        },
        "12": [],
        "13": [],
        "14": {
            "answer": "Complètement"
        },
        "15": {
            "answer": "Très élevée"
        }
    },
    "PSP_10": {
        "1": {
            "answer": "Non"
        },
        "2": {
            "answer": ""
        },
        "3": [],
        "4": {
            "answer": []
        },
        "5": [],
        "6": {
            "answer": ""
        },
        "7": {
            "answer": []
        },
        "8": [],
        "9": []
    },
    "PSP_11": {
        "1": {
            "answer": "Oui"
        },
        "2": {
            "answer": [
                "Sécheresse",
                "Gel"
            ]
        },
        "3": [
            [
                {
                    "answer": false
                },
                {
                    "answer": ""
                }
            ],
            [
                {
                    "answer": false
                },
                {
                    "answer": ""
                }
            ]
        ],
        "4": {
            "answer": "Non"
        },
        "5": {
            "answer": []
        },
        "6": [
            [
                {
                    "answer": false
                },
                {
                    "answer": ""
                }
            ],
            [
                {
                    "answer": false
                },
                {
                    "answer": ""
                }
            ]
        ],
        "7": {
            "answer": "Pas du tout"
        },
        "8": {
            "answer": "Moyennement"
        }
    },
    "PSP_12": {
        "1": [
            [
                {
                    "answer": "Oui"
                }
            ],
            [
                {
                    "answer": "Oui"
                }
            ],
            [
                {
                    "answer": "Non"
                }
            ],
            [
                {
                    "answer": "Oui"
                }
            ],
            [
                {
                    "answer": "Oui"
                }
            ],
            [
                {
                    "answer": "Pas applicable"
                }
            ],
            [
                {
                    "answer": "Oui"
                }
            ],
            [
                {
                    "answer": "Oui"
                }
            ],
            [
                {
                    "answer": "Oui"
                }
            ],
            [
                {
                    "answer": "Oui"
                }
            ],
            [
                []
            ]
        ],
        "2": {
            "answer": "Complètement"
        },
        "3": {
            "answer": "Beaucoup"
        }
    },
    "PSP_13": {
        "1": [
            [
                {
                    "answer": true
                },
                {
                    "answer": false
                }
            ],
            [
                {
                    "answer": true
                },
                {
                    "answer": false
                }
            ],
            [
                {
                    "answer": true
                },
                {
                    "answer": false
                }
            ],
            [
                {
                    "answer": true
                },
                {
                    "answer": true
                }
            ],
            [
                {
                    "answer": true
                },
                {
                    "answer": true
                }
            ],
            [
                {
                    "answer": true
                },
                {
                    "answer": true
                }
            ],
            [
                {
                    "answer": true
                },
                {
                    "answer": true
                }
            ],
            [
                {
                    "answer": true
                },
                {
                    "answer": true
                }
            ],
            [
                {
                    "answer": false
                },
                {
                    "answer": false
                }
            ],
            [
                {
                    "answer": false
                },
                {
                    "answer": false
                }
            ],
            [
                {
                    "answer": false
                },
                {
                    "answer": false
                }
            ]
        ],
        "2": {
            "answer": "Beaucoup"
        },
        "3": {
            "answer": "Beaucoup"
        }
    },
    "PSP_14": {
        "1": {
            "answer": "Oui"
        },
        "2": {
            "answer": "Oui"
        },
        "3": {
            "answer": [
                "Plus grande variabilité des précipitations",
                "Augmentation de la température",
                "Retard à l'arrivée du printemps",
                "Arrivée du printemps précoce",
                "Infestation inhabituelle d'animaux nuisibles",
                "Sécheresse inhabituelle"
            ]
        },
        "4": {
            "answer": "baisse de rendements et difficultés pour les récoltes, maladies plus fréquentes notamment des betteraves"
        },
        "5": {
            "answer": "Oui"
        },
        "6": {
            "answer": "Oui"
        },
        "7": {
            "answer": "fiables"
        },
        "8": {
            "answer": "Oui"
        },
        "9": [
            [
                {
                    "answer": true
                }
            ],
            [
                {
                    "answer": true
                }
            ],
            [
                {
                    "answer": true
                }
            ],
            [
                {
                    "answer": true
                }
            ],
            [
                {
                    "answer": true
                }
            ],
            [
                {
                    "answer": true
                }
            ],
            [
                {
                    "answer": false
                }
            ],
            [
                {
                    "answer": true
                }
            ],
            [
                {
                    "answer": false
                }
            ]
        ],
        "10": {
            "answer": "Non"
        },
        "11": {
            "answer": "Oui"
        },
        "12": {
            "answer": "Trois sources ou +"
        },
        "13": {
            "answer": "Beaucoup"
        },
        "14": {
            "answer": "Elevée"
        }
    },
    "PSP_15": {
        "1": {
            "answer": "Oui"
        },
        "2": {
            "answer": "observations, ajouts de compléments selon les besoins des chevaux : adapter l'alimentation"
        },
        "3": {
            "answer": "Complètement"
        },
        "4": {
            "answer": "Très élevée"
        }
    },
    "PSP_16": {
        "1": {
            "answer": "Oui"
        },
        "2": [
            [
                {
                    "answer": false
                }
            ],
            [
                {
                    "answer": false
                }
            ],
            [
                {
                    "answer": false
                }
            ],
            [
                {
                    "answer": false
                }
            ],
            [
                {
                    "answer": true
                }
            ],
            [
                {
                    "answer": true
                }
            ],
            [
                {
                    "answer": false
                }
            ],
            [
                {
                    "answer": false
                }
            ],
            [
                {
                    "answer": false
                }
            ],
            [
                {
                    "answer": false
                }
            ],
            [
                {
                    "answer": false
                }
            ]
        ],
        "3": {
            "answer": "Beaucoup"
        },
        "4": {
            "answer": "Elevée"
        }
    },
    "PSP_17": {
        "1": [
            [
                {
                    "answer": true
                },
                {
                    "answer": true
                }
            ],
            [
                {
                    "answer": true
                },
                {
                    "answer": true
                }
            ],
            [
                {
                    "answer": true
                },
                {
                    "answer": true
                }
            ]
        ],
        "2": {
            "answer": "Toujours"
        },
        "3": {
            "answer": [
                "Lunettes de protection",
                "Gants",
                "Masque",
                "Veste"
            ]
        },
        "4": {
            "answer": [
                "Donnés à des collecteurs"
            ]
        },
        "5": {
            "answer": "Complètement"
        },
        "6": {
            "answer": "Très élevée"
        }
    },
    "PSP_18": {
        "1": {
            "answer": "Non",
            "comment": ""
        },
        "2": {
            "answer": ""
        },
        "3": [],
        "4": [],
        "5": []
    },
    "GOV_01": {
        "1": {
            "answer": "Oui"
        },
        "2": [
            [
                {
                    "answer": false
                }
            ],
            [
                {
                    "answer": true
                }
            ],
            [
                {
                    "answer": false
                }
            ],
            [
                {
                    "answer": false
                }
            ]
        ],
        "3": {
            "answer": "Oui, elles sont suffisamment flexibles"
        },
        "4": {
            "answer": ""
        },
        "5": {
            "answer": "Oui"
        },
        "6": {
            "answer": "Moyennement"
        },
        "7": {
            "answer": "Moyenne"
        }
    },
    "ENV_01": {
        "1": [
            [
                {
                    "answer": "Puit"
                },
                {
                    "answer": "Pas de changement"
                },
                {
                    "answer": ""
                }
            ],
            [
                [],
                [],
                {
                    "answer": ""
                }
            ],
            [
                [],
                [],
                {
                    "answer": ""
                }
            ],
            [
                [],
                [],
                {
                    "answer": ""
                }
            ],
            [
                [],
                [],
                {
                    "answer": ""
                }
            ]
        ],
        "2": {
            "answer": "Complètement"
        },
        "3": {
            "answer": "Beaucoup"
        }
    },
    "ENV_02": {
        "1": {
            "answer": []
        },
        "2": [],
        "3": []
    },
    "ENV_03": {
        "1": [
            [
                {
                    "answer": false
                },
                {
                    "answer": ""
                }
            ],
            [
                {
                    "answer": false
                },
                {
                    "answer": ""
                }
            ],
            [
                {
                    "answer": false
                },
                {
                    "answer": ""
                }
            ],
            [
                {
                    "answer": false
                },
                {
                    "answer": ""
                }
            ],
            [
                {
                    "answer": false
                },
                {
                    "answer": ""
                }
            ],
            [
                {
                    "answer": false
                },
                {
                    "answer": ""
                }
            ]
        ],
        "2": {
            "answer": "Complètement"
        },
        "3": {
            "answer": "Complètement"
        },
        "4": {
            "answer": "Complètement"
        },
        "5": {
            "answer": "Très élevée"
        }
    },
    "ENV_04": {
        "1": [
            [
                {
                    "answer": 13
                },
                {
                    "answer": 8
                },
                {
                    "answer": 17
                },
                {
                    "answer": ""
                }
            ],
            [
                {
                    "answer": ""
                },
                {
                    "answer": ""
                },
                {
                    "answer": ""
                },
                {
                    "answer": ""
                }
            ],
            [
                {
                    "answer": ""
                },
                {
                    "answer": ""
                },
                {
                    "answer": ""
                },
                {
                    "answer": ""
                }
            ]
        ],
        "2": {
            "answer": 38
        },
        "3": {
            "answer": 17
        },
        "4": {
            "answer": "Complètement"
        },
        "5": {
            "answer": "Elevée"
        }
    },
    "ENV_05": {
        "1": {
            "answer": 3
        },
        "2": {
            "answer": [
                "Limoneux?",
                "Argileux?"
            ]
        },
        "3": {
            "answer": "Assez riche"
        },
        "4": {
            "answer": "Oui"
        },
        "5": {
            "answer": "Beaucoup"
        },
        "6": {
            "answer": "Beaucoup"
        },
        "7": {
            "answer": "Non"
        },
        "8": {
            "answer": ""
        },
        "9": {
            "answer": "Oui"
        },
        "10": {
            "answer": "Oui"
        }
    },
    "ENV_06": {
        "1": [
            [
                {
                    "answer": false
                },
                {
                    "answer": ""
                }
            ],
            [
                {
                    "answer": false
                },
                {
                    "answer": ""
                }
            ],
            [
                {
                    "answer": false
                },
                {
                    "answer": ""
                }
            ],
            [
                {
                    "answer": false
                },
                {
                    "answer": ""
                }
            ],
            [
                {
                    "answer": true
                },
                {
                    "answer": ""
                }
            ],
            [
                {
                    "answer": true
                },
                {
                    "answer": ""
                }
            ],
            [
                {
                    "answer": false
                },
                {
                    "answer": ""
                }
            ],
            [
                {
                    "answer": false
                },
                {
                    "answer": ""
                }
            ],
            [
                {
                    "answer": false
                },
                {
                    "answer": ""
                }
            ],
            [
                {
                    "answer": false
                },
                {
                    "answer": ""
                }
            ],
            [
                {
                    "answer": false
                },
                {
                    "answer": ""
                }
            ],
            [
                {
                    "answer": false
                },
                {
                    "answer": ""
                }
            ],
            [
                {
                    "answer": false
                },
                {
                    "answer": ""
                }
            ],
            [
                {
                    "answer": false
                },
                {
                    "answer": ""
                }
            ],
            [
                {
                    "answer": false
                },
                {
                    "answer": ""
                }
            ],
            [
                {
                    "answer": false
                },
                {
                    "answer": ""
                }
            ]
        ],
        "2": {
            "answer": "Beaucoup"
        },
        "3": {
            "answer": "Elevée"
        }
    },
    "ENV_07": {
        "1": {
            "answer": "Jamais"
        },
        "2": {
            "answer": ""
        },
        "3": [],
        "4": []
    },
    "ENV_08": {
        "1": {
            "answer": "Pas du tout"
        },
        "2": [],
        "3": []
    },
    "ENV_09": {
        "1": [
            [
                {
                    "answer": false
                },
                {
                    "answer": false
                },
                {
                    "answer": false
                }
            ],
            [
                {
                    "answer": false
                },
                {
                    "answer": false
                },
                {
                    "answer": false
                }
            ],
            [
                {
                    "answer": false
                },
                {
                    "answer": false
                },
                {
                    "answer": false
                }
            ],
            [
                {
                    "answer": true
                },
                {
                    "answer": false
                },
                {
                    "answer": false
                }
            ],
            [
                {
                    "answer": false
                },
                {
                    "answer": false
                },
                {
                    "answer": false
                }
            ],
            [
                {
                    "answer": false
                },
                {
                    "answer": false
                },
                {
                    "answer": false
                }
            ],
            [
                {
                    "answer": false
                },
                {
                    "answer": false
                },
                {
                    "answer": false
                }
            ],
            [
                {
                    "answer": false
                },
                {
                    "answer": false
                },
                {
                    "answer": false
                }
            ],
            [
                {
                    "answer": false
                },
                {
                    "answer": false
                },
                {
                    "answer": false
                }
            ],
            [
                {
                    "answer": true
                },
                {
                    "answer": false
                },
                {
                    "answer": true
                }
            ],
            [
                {
                    "answer": false
                },
                {
                    "answer": false
                },
                {
                    "answer": false
                }
            ],
            [
                {
                    "answer": true
                },
                {
                    "answer": false
                },
                {
                    "answer": true
                }
            ],
            [
                {
                    "answer": false
                },
                {
                    "answer": false
                },
                {
                    "answer": false
                }
            ],
            [
                {
                    "answer": false
                },
                {
                    "answer": false
                },
                {
                    "answer": false
                }
            ],
            [
                {
                    "answer": true
                },
                {
                    "answer": true
                },
                {
                    "answer": false
                }
            ],
            [
                {
                    "answer": false
                },
                {
                    "answer": false
                },
                {
                    "answer": false
                }
            ]
        ],
        "2": {
            "answer": "Tout ou la plupart de l'énergie dépend d'acteurs externes (0-20% viennent de votre propre exploitation)"
        },
        "3": {
            "answer": "Complètement"
        },
        "4": {
            "answer": "Très élevée"
        }
    },
    "ENV_10": {
        "1": {
            "answer": "Non"
        },
        "2": [
            [
                {
                    "answer": true
                }
            ],
            [
                {
                    "answer": false
                }
            ],
            [
                {
                    "answer": true
                }
            ],
            [
                {
                    "answer": false
                }
            ]
        ],
        "3": {
            "answer": "Fermé"
        },
        "4": {
            "answer": "Ouvert"
        },
        "5": {
            "answer": "Non"
        },
        "6": [],
        "7": {
            "answer": "Moyennement"
        },
        "8": {
            "answer": "Elevée"
        }
    },
    "ENV_11": {
        "1": {
            "answer": "Oui"
        },
        "2": {
            "answer": "Oui"
        },
        "3": [
            [
                {
                    "answer": false
                }
            ],
            [
                {
                    "answer": false
                }
            ],
            [
                {
                    "answer": false
                }
            ]
        ],
        "4": {
            "answer": "Complètement"
        },
        "5": {
            "answer": "Très"
        },
        "6": [
            [
                {
                    "answer": false
                },
                {
                    "answer": ""
                },
                {
                    "answer": false
                }
            ],
            [
                {
                    "answer": true
                },
                {
                    "answer": ""
                },
                {
                    "answer": true
                }
            ],
            [
                {
                    "answer": false
                },
                {
                    "answer": ""
                },
                {
                    "answer": false
                }
            ]
        ],
        "7": {
            "answer": "Oui"
        },
        "8": {
            "answer": "Oui"
        },
        "9": [
            [
                {
                    "answer": true
                }
            ],
            [
                {
                    "answer": true
                }
            ],
            [
                {
                    "answer": false
                }
            ],
            [
                {
                    "answer": false
                }
            ],
            [
                {
                    "answer": false
                }
            ],
            [
                {
                    "answer": false
                }
            ]
        ],
        "10": {
            "answer": "Beaucoup"
        },
        "11": {
            "answer": "Elevée"
        }
    },
    "ENV_12": {
        "1": [
            [
                {
                    "answer": false
                }
            ],
            [
                {
                    "answer": false
                }
            ],
            [
                {
                    "answer": false
                }
            ],
            [
                {
                    "answer": false
                }
            ],
            [
                {
                    "answer": false
                }
            ],
            [
                {
                    "answer": true
                }
            ],
            [
                {
                    "answer": true
                }
            ],
            [
                {
                    "answer": false
                }
            ],
            [
                {
                    "answer": false
                }
            ],
            [
                {
                    "answer": false
                }
            ]
        ],
        "2": {
            "answer": ""
        },
        "3": {
            "answer": "Non"
        },
        "4": {
            "answer": "Beaucoup"
        },
        "5": {
            "answer": "Beaucoup"
        }
    },
    "SOC_01": {
        "1": {
            "answer": "Oui"
        },
        "2": [
            [
                {
                    "answer": false
                },
                [],
                []
            ],
            [
                {
                    "answer": true
                },
                {
                    "answer": "Assez actif"
                },
                {
                    "answer": "Deux fois par année ou moins"
                }
            ],
            [
                {
                    "answer": false
                },
                [],
                []
            ],
            [
                {
                    "answer": false
                },
                [],
                []
            ],
            [
                {
                    "answer": false
                },
                [],
                []
            ],
            [
                {
                    "answer": false
                },
                [],
                []
            ],
            [
                {
                    "answer": false
                },
                [],
                []
            ],
            [
                {
                    "answer": false
                },
                [],
                []
            ],
            [
                {
                    "answer": false
                },
                [],
                []
            ],
            [
                {
                    "answer": false
                },
                [],
                []
            ],
            [
                {
                    "answer": false
                },
                [],
                []
            ],
            [
                {
                    "answer": false
                },
                [],
                []
            ],
            [
                {
                    "answer": false
                },
                [],
                []
            ],
            [
                {
                    "answer": false
                },
                [],
                []
            ],
            [
                {
                    "answer": false
                },
                [],
                []
            ],
            [
                {
                    "answer": false
                },
                [],
                []
            ],
            [
                {
                    "answer": false
                },
                [],
                []
            ],
            [
                {
                    "answer": false
                },
                [],
                []
            ],
            [
                {
                    "answer": false
                },
                [],
                []
            ],
            [
                {
                    "answer": true
                },
                {
                    "answer": "Assez actif"
                },
                {
                    "answer": "Deux fois par année ou moins"
                }
            ],
            [
                {
                    "answer": false
                },
                [],
                []
            ]
        ],
        "3": [
            [
                {
                    "answer": false
                }
            ],
            [
                {
                    "answer": false
                }
            ],
            [
                {
                    "answer": false
                }
            ],
            [
                {
                    "answer": true
                }
            ],
            [
                {
                    "answer": false
                }
            ],
            [
                {
                    "answer": true
                }
            ],
            [
                {
                    "answer": false
                }
            ],
            [
                {
                    "answer": false
                }
            ]
        ],
        "4": [],
        "5": {
            "answer": ""
        },
        "6": {
            "answer": "Beaucoup"
        },
        "7": {
            "answer": "Beaucoup"
        },
        "8": {
            "answer": "Beaucoup"
        },
        "9": {
            "answer": "Elevée"
        }
    },
    "SOC_02": {
        "1": {
            "answer": "Oui"
        },
        "2": {
            "answer": "Complètement"
        },
        "3": {
            "answer": "Elevée"
        }
    },
    "SOC_03": {
        "1": [
            [
                {
                    "answer": false
                }
            ],
            [
                {
                    "answer": false
                }
            ],
            [
                {
                    "answer": false
                }
            ],
            [
                {
                    "answer": true
                }
            ],
            [
                {
                    "answer": false
                }
            ],
            [
                {
                    "answer": false
                }
            ],
            [
                {
                    "answer": false
                }
            ],
            [
                {
                    "answer": false
                }
            ],
            [
                {
                    "answer": false
                }
            ],
            [
                {
                    "answer": true
                }
            ],
            [
                {
                    "answer": false
                }
            ]
        ],
        "2": {
            "answer": "Non"
        },
        "3": {
            "answer": ""
        },
        "4": {
            "answer": "Moyennement"
        },
        "5": {
            "answer": "Oui"
        },
        "6": {
            "answer": "Moyennement"
        },
        "7": {
            "answer": "Beaucoup"
        }
    },
    "SOC_04": {
        "1": {
            "answer": "Oui et ils sont de bonne qualité"
        },
        "2": {
            "answer": "Complètement"
        },
        "3": {
            "answer": "Elevée"
        }
    },
    "SOC_05": {
        "1": {
            "answer": "Moyennement"
        },
        "2": {
            "answer": "Non"
        },
        "3": [
            [
                {
                    "answer": false
                }
            ],
            [
                {
                    "answer": false
                }
            ],
            [
                {
                    "answer": true
                }
            ],
            [
                {
                    "answer": false
                }
            ]
        ],
        "4": [
            [
                {
                    "answer": true
                }
            ],
            [
                {
                    "answer": true
                }
            ],
            [
                {
                    "answer": true
                }
            ],
            [
                {
                    "answer": true
                }
            ],
            [
                {
                    "answer": false
                }
            ]
        ],
        "5": {
            "answer": "Moyennement"
        },
        "6": {
            "answer": "Moyenne"
        }
    },
    "SOC_06": {
        "1": {
            "answer": "Pas applicable"
        },
        "2": {
            "answer": "Non"
        },
        "3": {
            "answer": "Non"
        },
        "4": [],
        "5": {
            "answer": "Aucune"
        }
    },
    "EC_09": {
        "1": [
            [
                {
                    "answer": 2
                },
                {
                    "answer": "bail à loyer"
                }
            ],
            [
                {
                    "answer": 6
                },
                {
                    "answer": ""
                }
            ],
            [
                {
                    "answer": 3
                },
                {
                    "answer": ""
                }
            ],
            [
                {
                    "answer": 4
                },
                {
                    "answer": ""
                }
            ],
            [
                {
                    "answer": 5
                },
                {
                    "answer": ""
                }
            ],
            [
                {
                    "answer": 1
                },
                {
                    "answer": ""
                }
            ]
        ],
        "2": {
            "answer": "Beaucoup"
        },
        "3": {
            "answer": "Elevée"
        }
    },
    "EC_08": {
        "1": [
            [
                {
                    "answer": "culture"
                },
                {
                    "answer": true
                },
                {
                    "answer": true
                },
                {
                    "answer": false
                },
                {
                    "answer": ""
                },
                {
                    "answer": false
                }
            ],
            [
                {
                    "answer": "machine"
                },
                {
                    "answer": true
                },
                {
                    "answer": true
                },
                {
                    "answer": true
                },
                {
                    "answer": "vol"
                },
                {
                    "answer": false
                }
            ],
            [
                {
                    "answer": "batiment"
                },
                {
                    "answer": true
                },
                {
                    "answer": true
                },
                {
                    "answer": true
                },
                {
                    "answer": "vol"
                },
                {
                    "answer": false
                }
            ],
            [
                {
                    "answer": "bétail"
                },
                {
                    "answer": false
                },
                {
                    "answer": false
                },
                {
                    "answer": true
                },
                {
                    "answer": "rc speciale chevaux"
                },
                {
                    "answer": false
                }
            ],
            [
                {
                    "answer": ""
                },
                {
                    "answer": false
                },
                {
                    "answer": false
                },
                {
                    "answer": false
                },
                {
                    "answer": ""
                },
                {
                    "answer": false
                }
            ],
            [
                {
                    "answer": ""
                },
                {
                    "answer": false
                },
                {
                    "answer": false
                },
                {
                    "answer": false
                },
                {
                    "answer": ""
                },
                {
                    "answer": false
                }
            ],
            [
                {
                    "answer": ""
                },
                {
                    "answer": false
                },
                {
                    "answer": false
                },
                {
                    "answer": false
                },
                {
                    "answer": ""
                },
                {
                    "answer": false
                }
            ],
            [
                {
                    "answer": ""
                },
                {
                    "answer": false
                },
                {
                    "answer": false
                },
                {
                    "answer": false
                },
                {
                    "answer": ""
                },
                {
                    "answer": false
                }
            ],
            [
                {
                    "answer": ""
                },
                {
                    "answer": false
                },
                {
                    "answer": false
                },
                {
                    "answer": false
                },
                {
                    "answer": ""
                },
                {
                    "answer": false
                }
            ],
            [
                {
                    "answer": ""
                },
                {
                    "answer": false
                },
                {
                    "answer": false
                },
                {
                    "answer": false
                },
                {
                    "answer": ""
                },
                {
                    "answer": false
                }
            ]
        ],
        "2": {
            "answer": "Complètement"
        },
        "3": {
            "answer": "Elevée"
        }
    },
    "EC_11": {
        "1": {
            "answer": 3
        },
        "2": [
            [
                {
                    "answer": "Production agricoles"
                }
            ],
            [
                {
                    "answer": "Revenu externe à l'exploitation"
                }
            ],
            [
                {
                    "answer": "Revenu externe à l'exploitation"
                }
            ]
        ],
        "3": {
            "answer": "Profit stable"
        },
        "4": {
            "answer": 25
        },
        "5": {
            "answer": "Non"
        },
        "6": {
            "answer": "Beaucoup"
        },
        "7": {
            "answer": "Elevée"
        }
    },
    "EC_12": {
        "1": {
            "answer": "Oui, toute l'année"
        },
        "2": {
            "answer": "Non"
        },
        "3": {
            "answer": "Beaucoup"
        },
        "4": {
            "answer": "Beaucoup"
        }
    },
    "EC_14": {
        "1": {
            "answer": "Non"
        },
        "2": {
            "answer": [
                "Banque"
            ]
        },
        "3": {
            "answer": "Moyennement"
        },
        "4": {
            "answer": "Moyennement"
        }
    },
    "EC_01": {
        "1": {
            "answer": "Moins de 45% de fonds propres"
        },
        "2": {
            "answer": "Moyennement"
        },
        "3": {
            "answer": "Moyennement"
        }
    },
    "EC_15": {
        "1": {
            "answer": "J'ai un peu de 'marge de manoeuvre' (c.-à-d. ce que je peux faire/entreprendre est limité)"
        },
        "2": {
            "answer": "Oui"
        },
        "3": {
            "answer": "Moyennement"
        },
        "4": {
            "answer": "Beaucoup"
        }
    },
    "EC_10": {
        "1": [
            [
                {
                    "answer": "pesticides"
                }
            ],
            [
                {
                    "answer": "engrais"
                }
            ],
            [
                {
                    "answer": "bail/loyer"
                }
            ],
            [
                {
                    "answer": "énergie pour chauffage/éclairage/machines"
                }
            ],
            [
                {
                    "answer": "main-d'oeuvre"
                }
            ]
        ],
        "2": {
            "answer": "Oui"
        },
        "3": {
            "answer": "Non"
        },
        "4": {
            "answer": "Moyennement"
        },
        "5": {
            "answer": "Moyennement"
        }
    },
    "EC_13": {
        "1": [
            [
                {
                    "answer": "Oui"
                }
            ],
            [
                {
                    "answer": "Pas applicable"
                }
            ],
            [
                {
                    "answer": "Oui"
                }
            ],
            [
                {
                    "answer": "Oui"
                }
            ],
            [
                {
                    "answer": "Oui"
                }
            ],
            [
                {
                    "answer": "Oui"
                }
            ],
            [
                {
                    "answer": "Pas applicable"
                }
            ],
            [
                {
                    "answer": "Oui"
                }
            ],
            [
                []
            ]
        ],
        "2": {
            "answer": 20
        },
        "3": {
            "answer": "Beaucoup"
        },
        "4": {
            "answer": "Beaucoup"
        }
    },
    "EC_07": {
        "1": [
            [
                {
                    "answer": "Oui"
                }
            ],
            [
                {
                    "answer": "Oui"
                }
            ],
            [
                {
                    "answer": "Oui"
                }
            ],
            [
                {
                    "answer": "Oui"
                }
            ],
            [
                {
                    "answer": "Oui"
                }
            ],
            [
                {
                    "answer": "Oui"
                }
            ],
            [
                {
                    "answer": "Non"
                }
            ],
            [
                {
                    "answer": "Non"
                }
            ],
            [
                {
                    "answer": "Non"
                }
            ],
            [
                []
            ]
        ],
        "2": {
            "answer": "Complètement"
        },
        "3": {
            "answer": "Beaucoup"
        }
    },
    "EC_06": {
        "1": {
            "answer": "Souvent"
        },
        "2": {
            "answer": "Beaucoup"
        },
        "3": {
            "answer": "Beaucoup"
        }
    },
    "EC_03": {
        "1": [
            [
                {
                    "answer": "Non"
                },
                {
                    "answer": ""
                }
            ],
            [
                {
                    "answer": "Oui"
                },
                {
                    "answer": ""
                }
            ],
            [
                {
                    "answer": "Oui"
                },
                {
                    "answer": ""
                }
            ]
        ],
        "2": {
            "answer": [
                "Je suis satisfait"
            ]
        },
        "3": {
            "answer": "Beaucoup"
        },
        "4": {
            "answer": "Moyennement"
        }
    },
    "EC_04": {
        "1": [
            [
                {
                    "answer": "mais"
                },
                {
                    "answer": true
                },
                {
                    "answer": "Je suis satisfait"
                },
                {
                    "answer": "Jamais"
                },
                {
                    "answer": true
                }
            ],
            [
                {
                    "answer": "blé"
                },
                {
                    "answer": true
                },
                {
                    "answer": "Je suis satisfait"
                },
                {
                    "answer": "Jamais"
                },
                {
                    "answer": true
                }
            ],
            [
                {
                    "answer": "triticale"
                },
                {
                    "answer": true
                },
                {
                    "answer": "Je suis satisfait"
                },
                {
                    "answer": "Jamais"
                },
                {
                    "answer": true
                }
            ],
            [
                {
                    "answer": "pension de chevaux"
                },
                {
                    "answer": false
                },
                {
                    "answer": "Je suis satisfait"
                },
                {
                    "answer": "Jamais"
                },
                {
                    "answer": false
                }
            ],
            [
                {
                    "answer": ""
                },
                {
                    "answer": false
                },
                [],
                [],
                {
                    "answer": false
                }
            ],
            [
                {
                    "answer": ""
                },
                {
                    "answer": false
                },
                [],
                [],
                {
                    "answer": false
                }
            ]
        ],
        "2": {
            "answer": "Beaucoup"
        },
        "3": {
            "answer": "Beaucoup"
        }
    },
    "EC_02": {
        "1": {
            "answer": "Non"
        },
        "2": [
            [
                {
                    "answer": ""
                },
                {
                    "answer": false
                },
                [],
                []
            ],
            [
                {
                    "answer": ""
                },
                {
                    "answer": false
                },
                [],
                []
            ],
            [
                {
                    "answer": ""
                },
                {
                    "answer": false
                },
                [],
                []
            ],
            [
                {
                    "answer": ""
                },
                {
                    "answer": false
                },
                [],
                []
            ],
            [
                {
                    "answer": ""
                },
                {
                    "answer": false
                },
                [],
                []
            ],
            [
                {
                    "answer": ""
                },
                {
                    "answer": false
                },
                [],
                []
            ]
        ],
        "3": {
            "answer": ""
        },
        "4": [],
        "5": []
    },
    "EC_16": {
        "1": [
            [
                {
                    "answer": "mais"
                },
                {
                    "answer": "Décroissant"
                },
                {
                    "answer": "true"
                }
            ],
            [
                {
                    "answer": "blé"
                },
                {
                    "answer": "Stable"
                },
                {
                    "answer": "true"
                }
            ],
            [
                {
                    "answer": "triticale"
                },
                {
                    "answer": "Stable"
                },
                {
                    "answer": "true"
                }
            ],
            [
                {
                    "answer": "pension de chevaux"
                },
                {
                    "answer": "Stable"
                },
                {
                    "answer": "true"
                }
            ],
            [
                {
                    "answer": ""
                },
                [],
                {
                    "answer": "false"
                }
            ],
            [
                {
                    "answer": ""
                },
                [],
                {
                    "answer": "false"
                }
            ]
        ],
        "2": {
            "answer": "Moyennement"
        },
        "3": {
            "answer": "Moyennement"
        }
    },
    "meta": {
        "version": "v-1.0.6-FR",
        "filename": "uuid_2a71fc4f-08d8-4cb3-aa4e-c558c26f59a4_answer_5.json"
    }
}