{
    "ADM_01": {
        "1": {
            "answer": "Adelaide"
        },
        "2": {
            "answer": "Brauchle"
        },
        "3": {
            "answer": "josef und sohn"
        },
        "4": {
            "answer": 1.11
        },
        "5": {
            "answer": "Betriebsleiter*in"
        },
        "6": {
            "answer": ""
        },
        "7": {
            "answer": "deutschland"
        },
        "8": {
            "answer": "bawù"
        },
        "9": {
            "answer": "bodenseekreis"
        },
        "10": {
            "answer": "tettnang"
        },
        "11": {
            "answer": ""
        },
        "12": {
            "answer": ""
        },
        "13": {
            "answer": ""
        },
        "14": {
            "answer": "Mann"
        },
        "15": {
            "answer": "60 und 28"
        },
        "16": {
            "answer": "Viehbetrieb"
        },
        "17": {
            "answer": "Konventionell"
        },
        "18": {
            "answer": "31-50 ha"
        }
    },
    "PSP_02": {
        "1": [
            [
                {
                    "answer": false
                },
                {
                    "answer": false
                },
                {
                    "answer": false
                }
            ],
            [
                {
                    "answer": false
                },
                {
                    "answer": false
                },
                {
                    "answer": false
                }
            ],
            [
                {
                    "answer": true
                },
                {
                    "answer": false
                },
                {
                    "answer": true
                }
            ],
            [
                {
                    "answer": false
                },
                {
                    "answer": false
                },
                {
                    "answer": false
                }
            ],
            [
                {
                    "answer": false
                },
                {
                    "answer": false
                },
                {
                    "answer": false
                }
            ],
            [
                {
                    "answer": false
                },
                {
                    "answer": false
                },
                {
                    "answer": false
                }
            ],
            [
                {
                    "answer": false
                },
                {
                    "answer": false
                },
                {
                    "answer": false
                }
            ],
            [
                {
                    "answer": false
                },
                {
                    "answer": false
                },
                {
                    "answer": false
                }
            ],
            [
                {
                    "answer": false
                },
                {
                    "answer": false
                },
                {
                    "answer": false
                }
            ],
            [
                {
                    "answer": false
                },
                {
                    "answer": false
                },
                {
                    "answer": false
                }
            ],
            [
                {
                    "answer": false
                },
                {
                    "answer": false
                },
                {
                    "answer": false
                }
            ],
            [
                {
                    "answer": true
                },
                {
                    "answer": false
                },
                {
                    "answer": true
                }
            ]
        ],
        "2": [
            [
                {
                    "answer": true
                }
            ],
            [
                {
                    "answer": false
                }
            ],
            [
                {
                    "answer": false
                }
            ]
        ],
        "3": {
            "answer": "Ausreichend"
        },
        "4": {
            "answer": "Sehr"
        }
    },
    "PSP_01": {
        "1": [
            [
                {
                    "answer": 2
                },
                {
                    "answer": true
                },
                {
                    "answer": 2
                },
                {
                    "answer": 2
                },
                {
                    "answer": ""
                },
                {
                    "answer": 1
                },
                {
                    "answer": 2
                }
            ],
            [
                {
                    "answer": 1
                },
                {
                    "answer": false
                },
                {
                    "answer": ""
                },
                {
                    "answer": 1
                },
                {
                    "answer": ""
                },
                {
                    "answer": ""
                },
                {
                    "answer": ""
                }
            ],
            [
                {
                    "answer": ""
                },
                {
                    "answer": false
                },
                {
                    "answer": ""
                },
                {
                    "answer": ""
                },
                {
                    "answer": ""
                },
                {
                    "answer": ""
                },
                {
                    "answer": ""
                }
            ],
            [
                {
                    "answer": ""
                },
                {
                    "answer": false
                },
                {
                    "answer": ""
                },
                {
                    "answer": ""
                },
                {
                    "answer": ""
                },
                {
                    "answer": ""
                },
                {
                    "answer": ""
                }
            ],
            [
                {
                    "answer": ""
                },
                {
                    "answer": false
                },
                {
                    "answer": ""
                },
                {
                    "answer": ""
                },
                {
                    "answer": ""
                },
                {
                    "answer": ""
                },
                {
                    "answer": ""
                }
            ],
            [
                {
                    "answer": ""
                },
                {
                    "answer": false
                },
                {
                    "answer": ""
                },
                {
                    "answer": ""
                },
                {
                    "answer": ""
                },
                {
                    "answer": ""
                },
                {
                    "answer": ""
                }
            ]
        ],
        "2": {
            "answer": "Zwischen 49h und 70h/Woche"
        },
        "3": {
            "answer": "Nicht anwendbar"
        },
        "4": {
            "answer": "Er/Sie konnte sich nicht frei entscheiden, aber ist glücklich mit dem Beruf."
        },
        "5": [
            [
                {
                    "answer": false
                },
                {
                    "answer": ""
                }
            ],
            [
                {
                    "answer": false
                },
                {
                    "answer": ""
                }
            ]
        ],
        "6": {
            "answer": "Sehr"
        },
        "7": {
            "answer": "Mittelmäßig"
        }
    },
    "PSP_04": {
        "1": {
            "answer": "Ja"
        },
        "2": [
            [
                {
                    "answer": false
                },
                {
                    "answer": ""
                }
            ],
            [
                {
                    "answer": false
                },
                {
                    "answer": ""
                }
            ],
            [
                {
                    "answer": false
                },
                {
                    "answer": ""
                }
            ],
            [
                {
                    "answer": false
                },
                {
                    "answer": ""
                }
            ],
            [
                {
                    "answer": true
                },
                {
                    "answer": ""
                }
            ],
            [
                {
                    "answer": false
                },
                {
                    "answer": ""
                }
            ],
            [
                {
                    "answer": false
                },
                {
                    "answer": ""
                }
            ],
            [
                {
                    "answer": false
                },
                {
                    "answer": ""
                }
            ],
            [
                {
                    "answer": false
                },
                {
                    "answer": ""
                }
            ],
            [
                {
                    "answer": false
                },
                {
                    "answer": ""
                }
            ],
            [
                {
                    "answer": false
                },
                {
                    "answer": ""
                }
            ],
            [
                {
                    "answer": false
                },
                {
                    "answer": ""
                }
            ],
            [
                {
                    "answer": false
                },
                {
                    "answer": ""
                }
            ],
            [
                {
                    "answer": false
                },
                {
                    "answer": ""
                }
            ],
            [
                {
                    "answer": false
                },
                {
                    "answer": ""
                }
            ],
            [
                {
                    "answer": false
                },
                {
                    "answer": ""
                }
            ],
            [
                {
                    "answer": false
                },
                {
                    "answer": ""
                }
            ],
            [
                {
                    "answer": false
                },
                {
                    "answer": ""
                }
            ],
            [
                {
                    "answer": false
                },
                {
                    "answer": ""
                }
            ],
            [
                {
                    "answer": false
                },
                {
                    "answer": ""
                }
            ],
            [
                {
                    "answer": false
                },
                {
                    "answer": ""
                }
            ],
            [
                {
                    "answer": false
                },
                {
                    "answer": ""
                }
            ],
            [
                {
                    "answer": false
                },
                {
                    "answer": ""
                }
            ],
            [
                {
                    "answer": false
                },
                {
                    "answer": ""
                }
            ],
            [
                {
                    "answer": false
                },
                {
                    "answer": ""
                }
            ],
            [
                {
                    "answer": false
                },
                {
                    "answer": ""
                }
            ],
            [
                {
                    "answer": false
                },
                {
                    "answer": ""
                }
            ],
            [
                {
                    "answer": false
                },
                {
                    "answer": ""
                }
            ],
            [
                {
                    "answer": false
                },
                {
                    "answer": ""
                }
            ],
            [
                {
                    "answer": false
                },
                {
                    "answer": ""
                }
            ],
            [
                {
                    "answer": false
                },
                {
                    "answer": ""
                }
            ],
            [
                {
                    "answer": false
                },
                {
                    "answer": ""
                }
            ]
        ],
        "3": {
            "answer": "Ja",
            "comment": ""
        },
        "4": [
            [
                {
                    "answer": false
                }
            ],
            [
                {
                    "answer": true
                }
            ],
            [
                {
                    "answer": true
                }
            ],
            [
                {
                    "answer": true
                }
            ]
        ],
        "5": {
            "answer": "Beinahe völlig"
        },
        "6": {
            "answer": "Sehr"
        }
    },
    "PSP_05": {
        "1": {
            "answer": "Ja"
        },
        "2": [
            [
                {
                    "answer": ""
                },
                {
                    "answer": ""
                },
                {
                    "answer": false
                }
            ],
            [
                {
                    "answer": 65
                },
                {
                    "answer": 1
                },
                {
                    "answer": false
                }
            ],
            [
                {
                    "answer": ""
                },
                {
                    "answer": ""
                },
                {
                    "answer": false
                }
            ],
            [
                {
                    "answer": ""
                },
                {
                    "answer": ""
                },
                {
                    "answer": false
                }
            ],
            [
                {
                    "answer": ""
                },
                {
                    "answer": ""
                },
                {
                    "answer": false
                }
            ],
            [
                {
                    "answer": ""
                },
                {
                    "answer": ""
                },
                {
                    "answer": false
                }
            ],
            [
                {
                    "answer": ""
                },
                {
                    "answer": ""
                },
                {
                    "answer": false
                }
            ],
            [
                {
                    "answer": ""
                },
                {
                    "answer": ""
                },
                {
                    "answer": false
                }
            ]
        ],
        "3": {
            "answer": "Vollständig"
        },
        "4": {
            "answer": "Überhaupt nicht"
        }
    },
    "PSP_07": {
        "1": [
            [
                {
                    "answer": false
                }
            ],
            [
                {
                    "answer": false
                }
            ],
            [
                {
                    "answer": false
                }
            ],
            [
                {
                    "answer": false
                }
            ],
            [
                {
                    "answer": false
                }
            ],
            [
                {
                    "answer": false
                }
            ],
            [
                {
                    "answer": false
                }
            ],
            [
                {
                    "answer": false
                }
            ]
        ],
        "2": {
            "answer": "maissilage, kraftfutter"
        },
        "3": {
            "answer": ""
        },
        "4": [],
        "5": {
            "answer": "1-10%"
        },
        "6": {
            "answer": "Ja"
        },
        "7": {
            "answer": "Beinahe völlig"
        },
        "8": {
            "answer": "Sehr"
        }
    },
    "PSP_03": {
        "1": {
            "answer": "Nein"
        },
        "2": [
            [
                {
                    "answer": ""
                },
                {
                    "answer": ""
                },
                {
                    "answer": false
                },
                {
                    "answer": ""
                },
                {
                    "answer": ""
                }
            ],
            [
                {
                    "answer": ""
                },
                {
                    "answer": ""
                },
                {
                    "answer": false
                },
                {
                    "answer": ""
                },
                {
                    "answer": ""
                }
            ],
            [
                {
                    "answer": ""
                },
                {
                    "answer": ""
                },
                {
                    "answer": false
                },
                {
                    "answer": ""
                },
                {
                    "answer": ""
                }
            ],
            [
                {
                    "answer": ""
                },
                {
                    "answer": ""
                },
                {
                    "answer": false
                },
                {
                    "answer": ""
                },
                {
                    "answer": ""
                }
            ]
        ],
        "3": [],
        "4": []
    },
    "PSP_08": {
        "1": [
            [
                {
                    "answer": "Nein"
                },
                {
                    "answer": "Nein"
                }
            ],
            [
                {
                    "answer": "Nein"
                },
                {
                    "answer": "Nein"
                }
            ],
            [
                {
                    "answer": "Nein"
                },
                {
                    "answer": "Nein"
                }
            ],
            [
                {
                    "answer": "Nein"
                },
                {
                    "answer": "Nein"
                }
            ],
            [
                {
                    "answer": "Ja"
                },
                {
                    "answer": "Nein"
                }
            ],
            [
                {
                    "answer": "Nein"
                },
                {
                    "answer": "Nein"
                }
            ],
            [
                {
                    "answer": "Nein"
                },
                {
                    "answer": "Nein"
                }
            ],
            [
                {
                    "answer": "Nein"
                },
                {
                    "answer": "Nein"
                }
            ]
        ],
        "2": {
            "answer": "Vollständig"
        },
        "3": {
            "answer": "Sehr"
        },
        "4": {
            "answer": "Beinahe völlig"
        },
        "5": {
            "answer": "Sehr"
        }
    },
    "PSP_09": {
        "1": {
            "answer": "Nein"
        },
        "2": {
            "answer": ""
        },
        "3": {
            "answer": ""
        },
        "4": {
            "answer": ""
        },
        "5": [],
        "6": {
            "answer": "Nein"
        },
        "7": {
            "answer": ""
        },
        "8": {
            "answer": "Nein"
        },
        "9": {
            "answer": ""
        },
        "10": {
            "answer": ""
        },
        "11": {
            "answer": ""
        },
        "12": [],
        "13": {
            "answer": "Nein"
        },
        "14": [],
        "15": {
            "answer": "Überhaupt nicht"
        }
    },
    "PSP_10": {
        "1": {
            "answer": "Ja"
        },
        "2": {
            "answer": "15 àpfel und 3-4 birnen, kirschen "
        },
        "3": {
            "answer": "Ja"
        },
        "4": {
            "answer": [
                "Lebensmittel (Menschen)"
            ]
        },
        "5": {
            "answer": "11-20 %"
        },
        "6": {
            "answer": "keine"
        },
        "7": {
            "answer": []
        },
        "8": {
            "answer": "Beinahe völlig"
        },
        "9": {
            "answer": "Sehr"
        }
    },
    "PSP_11": {
        "1": {
            "answer": "Ja"
        },
        "2": {
            "answer": [
                "Schädlinge",
                "Krankheiten (Bakterien, Viren, Pilze etc.)",
                "Frost",
                "Starker Regen",
                "Anderes (Bitte spezifizieren):"
            ]
        },
        "3": [
            [
                {
                    "answer": true
                },
                {
                    "answer": ""
                }
            ],
            [
                {
                    "answer": false
                },
                {
                    "answer": ""
                }
            ]
        ],
        "4": {
            "answer": "Nein"
        },
        "5": {
            "answer": []
        },
        "6": [
            [
                {
                    "answer": false
                },
                {
                    "answer": ""
                }
            ],
            [
                {
                    "answer": false
                },
                {
                    "answer": ""
                }
            ]
        ],
        "7": {
            "answer": "Beinahe völlig"
        },
        "8": {
            "answer": "Ein wenig"
        }
    },
    "PSP_12": {
        "1": [
            [
                {
                    "answer": "Ja"
                }
            ],
            [
                {
                    "answer": "Nein"
                }
            ],
            [
                {
                    "answer": "Nein"
                }
            ],
            [
                {
                    "answer": "Ja"
                }
            ],
            [
                {
                    "answer": "Ja"
                }
            ],
            [
                {
                    "answer": "Nicht anwendbar"
                }
            ],
            [
                {
                    "answer": "Ja"
                }
            ],
            [
                {
                    "answer": "Ja"
                }
            ],
            [
                {
                    "answer": "Ja"
                }
            ],
            [
                {
                    "answer": "Ja"
                }
            ],
            [
                []
            ]
        ],
        "2": {
            "answer": "Vollständig"
        },
        "3": {
            "answer": "Sehr"
        }
    },
    "PSP_13": {
        "1": [
            [
                {
                    "answer": true
                },
                {
                    "answer": true
                }
            ],
            [
                {
                    "answer": true
                },
                {
                    "answer": true
                }
            ],
            [
                {
                    "answer": true
                },
                {
                    "answer": false
                }
            ],
            [
                {
                    "answer": true
                },
                {
                    "answer": true
                }
            ],
            [
                {
                    "answer": true
                },
                {
                    "answer": false
                }
            ],
            [
                {
                    "answer": true
                },
                {
                    "answer": true
                }
            ],
            [
                {
                    "answer": true
                },
                {
                    "answer": false
                }
            ],
            [
                {
                    "answer": true
                },
                {
                    "answer": true
                }
            ],
            [
                {
                    "answer": false
                },
                {
                    "answer": false
                }
            ],
            [
                {
                    "answer": false
                },
                {
                    "answer": false
                }
            ]
        ],
        "2": {
            "answer": "Beinahe völlig"
        },
        "3": {
            "answer": "Sehr"
        }
    },
    "PSP_14": {
        "1": {
            "answer": "Ja"
        },
        "2": {
            "answer": "Ja"
        },
        "3": {
            "answer": [
                "Mehr Variabilität des Niederschlags",
                "Höhere Temperaturen",
                "Früherer Frühlingsbeginn"
            ]
        },
        "4": {
            "answer": "bis jetzt nicht gravierend"
        },
        "5": {
            "answer": "Ja"
        },
        "6": {
            "answer": "Ja"
        },
        "7": {
            "answer": "meteo schweiz ist gut"
        },
        "8": {
            "answer": "Ja"
        },
        "9": [
            [
                {
                    "answer": false
                }
            ],
            [
                {
                    "answer": false
                }
            ],
            [
                {
                    "answer": true
                }
            ],
            [
                {
                    "answer": false
                }
            ],
            [
                {
                    "answer": false
                }
            ],
            [
                {
                    "answer": true
                }
            ],
            [
                {
                    "answer": false
                }
            ],
            [
                {
                    "answer": true
                }
            ],
            [
                {
                    "answer": false
                }
            ]
        ],
        "10": {
            "answer": "Ja"
        },
        "11": {
            "answer": "Ja"
        },
        "12": {
            "answer": "Drei Quellen oder mehr"
        },
        "13": {
            "answer": "Vollständig"
        },
        "14": {
            "answer": "Sehr"
        }
    },
    "PSP_15": {
        "1": {
            "answer": "Ja"
        },
        "2": {
            "answer": ""
        },
        "3": {
            "answer": "Beinahe völlig"
        },
        "4": {
            "answer": "Sehr"
        }
    },
    "PSP_16": {
        "1": {
            "answer": "Ja"
        },
        "2": [
            [
                {
                    "answer": false
                }
            ],
            [
                {
                    "answer": false
                }
            ],
            [
                {
                    "answer": false
                }
            ],
            [
                {
                    "answer": true
                }
            ],
            [
                {
                    "answer": false
                }
            ],
            [
                {
                    "answer": false
                }
            ],
            [
                {
                    "answer": true
                }
            ],
            [
                {
                    "answer": true
                }
            ],
            [
                {
                    "answer": false
                }
            ],
            [
                {
                    "answer": false
                }
            ]
        ],
        "3": {
            "answer": "Beinahe völlig"
        },
        "4": {
            "answer": "Sehr"
        }
    },
    "PSP_17": {
        "1": [
            [
                {
                    "answer": true
                },
                {
                    "answer": true
                }
            ],
            [
                {
                    "answer": true
                },
                {
                    "answer": true
                }
            ],
            [
                {
                    "answer": true
                },
                {
                    "answer": true
                }
            ]
        ],
        "2": {
            "answer": "Immer"
        },
        "3": {
            "answer": [
                "Handschuhe",
                "Jacke"
            ]
        },
        "4": {
            "answer": [
                "Rücknahmestation (z.B. Pamira)"
            ]
        },
        "5": {
            "answer": "Beinahe völlig"
        },
        "6": {
            "answer": "Sehr"
        }
    },
    "PSP_18": {
        "1": {
            "answer": "Nein",
            "comment": ""
        },
        "2": {
            "answer": ""
        },
        "3": [],
        "4": [],
        "5": []
    },
    "GOV_01": {
        "1": {
            "answer": "Ja"
        },
        "2": [
            [
                {
                    "answer": true
                }
            ],
            [
                {
                    "answer": false
                }
            ],
            [
                {
                    "answer": false
                }
            ],
            [
                {
                    "answer": false
                }
            ]
        ],
        "3": {
            "answer": "Ja, sie sind flexibel genug."
        },
        "4": {
            "answer": ""
        },
        "5": {
            "answer": "Ja"
        },
        "6": {
            "answer": "Ein wenig"
        },
        "7": {
            "answer": "Mittelmäßig"
        }
    },
    "ENV_01": {
        "1": [
            [
                {
                    "answer": "Bewässerungssystem"
                },
                {
                    "answer": "Keine Veränderung"
                },
                {
                    "answer": ""
                }
            ],
            [
                [],
                [],
                {
                    "answer": ""
                }
            ],
            [
                [],
                [],
                {
                    "answer": ""
                }
            ],
            [
                [],
                [],
                {
                    "answer": ""
                }
            ],
            [
                [],
                [],
                {
                    "answer": ""
                }
            ]
        ],
        "2": {
            "answer": "Vollständig"
        },
        "3": {
            "answer": "Sehr"
        }
    },
    "ENV_02": {
        "1": {
            "answer": []
        },
        "2": [],
        "3": []
    },
    "ENV_03": {
        "1": [
            [
                {
                    "answer": false
                },
                {
                    "answer": ""
                }
            ],
            [
                {
                    "answer": false
                },
                {
                    "answer": ""
                }
            ],
            [
                {
                    "answer": false
                },
                {
                    "answer": ""
                }
            ],
            [
                {
                    "answer": false
                },
                {
                    "answer": ""
                }
            ],
            [
                {
                    "answer": false
                },
                {
                    "answer": ""
                }
            ],
            [
                {
                    "answer": false
                },
                {
                    "answer": ""
                }
            ]
        ],
        "2": [],
        "3": [],
        "4": [],
        "5": []
    },
    "ENV_04": {
        "1": [
            [
                {
                    "answer": 14
                },
                {
                    "answer": 26
                },
                {
                    "answer": ""
                },
                {
                    "answer": ""
                }
            ],
            [
                {
                    "answer": ""
                },
                {
                    "answer": ""
                },
                {
                    "answer": ""
                },
                {
                    "answer": ""
                }
            ],
            [
                {
                    "answer": 104
                },
                {
                    "answer": ""
                },
                {
                    "answer": ""
                },
                {
                    "answer": ""
                }
            ]
        ],
        "2": {
            "answer": 41
        },
        "3": {
            "answer": ""
        },
        "4": {
            "answer": "Beinahe völlig"
        },
        "5": {
            "answer": "Ziemlich"
        }
    },
    "ENV_05": {
        "1": {
            "answer": "moor"
        },
        "2": {
            "answer": [
                "Sandig",
                "Lehmig"
            ]
        },
        "3": {
            "answer": "Sehr"
        },
        "4": {
            "answer": "Ja"
        },
        "5": {
            "answer": "Vollständig"
        },
        "6": {
            "answer": "Sehr"
        },
        "7": {
            "answer": "Ja"
        },
        "8": {
            "answer": ""
        },
        "9": {
            "answer": "Ja"
        },
        "10": {
            "answer": "Nein"
        }
    },
    "ENV_06": {
        "1": [
            [
                {
                    "answer": true
                },
                {
                    "answer": ""
                }
            ],
            [
                {
                    "answer": false
                },
                {
                    "answer": ""
                }
            ],
            [
                {
                    "answer": false
                },
                {
                    "answer": ""
                }
            ],
            [
                {
                    "answer": false
                },
                {
                    "answer": ""
                }
            ],
            [
                {
                    "answer": false
                },
                {
                    "answer": ""
                }
            ],
            [
                {
                    "answer": true
                },
                {
                    "answer": ""
                }
            ],
            [
                {
                    "answer": false
                },
                {
                    "answer": ""
                }
            ],
            [
                {
                    "answer": false
                },
                {
                    "answer": ""
                }
            ],
            [
                {
                    "answer": false
                },
                {
                    "answer": ""
                }
            ],
            [
                {
                    "answer": true
                },
                {
                    "answer": ""
                }
            ],
            [
                {
                    "answer": true
                },
                {
                    "answer": ""
                }
            ],
            [
                {
                    "answer": false
                },
                {
                    "answer": ""
                }
            ],
            [
                {
                    "answer": true
                },
                {
                    "answer": ""
                }
            ],
            [
                {
                    "answer": false
                },
                {
                    "answer": ""
                }
            ],
            [
                {
                    "answer": false
                },
                {
                    "answer": ""
                }
            ],
            [
                {
                    "answer": false
                },
                {
                    "answer": ""
                }
            ]
        ],
        "2": {
            "answer": "Beinahe völlig"
        },
        "3": {
            "answer": "Sehr"
        }
    },
    "ENV_07": {
        "1": {
            "answer": "Ja, aber nicht jedes Jahr"
        },
        "2": {
            "answer": "klee"
        },
        "3": {
            "answer": "Sehr"
        },
        "4": {
            "answer": "Sehr"
        }
    },
    "ENV_08": {
        "1": {
            "answer": "Überhaupt nicht"
        },
        "2": {
            "answer": "Überhaupt nicht"
        },
        "3": {
            "answer": "Überhaupt nicht"
        }
    },
    "ENV_09": {
        "1": [
            [
                {
                    "answer": false
                },
                {
                    "answer": false
                },
                {
                    "answer": false
                }
            ],
            [
                {
                    "answer": false
                },
                {
                    "answer": false
                },
                {
                    "answer": false
                }
            ],
            [
                {
                    "answer": false
                },
                {
                    "answer": false
                },
                {
                    "answer": false
                }
            ],
            [
                {
                    "answer": false
                },
                {
                    "answer": false
                },
                {
                    "answer": false
                }
            ],
            [
                {
                    "answer": false
                },
                {
                    "answer": false
                },
                {
                    "answer": false
                }
            ],
            [
                {
                    "answer": false
                },
                {
                    "answer": false
                },
                {
                    "answer": false
                }
            ],
            [
                {
                    "answer": false
                },
                {
                    "answer": false
                },
                {
                    "answer": false
                }
            ],
            [
                {
                    "answer": true
                },
                {
                    "answer": false
                },
                {
                    "answer": false
                }
            ],
            [
                {
                    "answer": false
                },
                {
                    "answer": false
                },
                {
                    "answer": false
                }
            ],
            [
                {
                    "answer": false
                },
                {
                    "answer": false
                },
                {
                    "answer": false
                }
            ],
            [
                {
                    "answer": false
                },
                {
                    "answer": false
                },
                {
                    "answer": false
                }
            ],
            [
                {
                    "answer": false
                },
                {
                    "answer": false
                },
                {
                    "answer": true
                }
            ],
            [
                {
                    "answer": false
                },
                {
                    "answer": false
                },
                {
                    "answer": false
                }
            ],
            [
                {
                    "answer": false
                },
                {
                    "answer": false
                },
                {
                    "answer": false
                }
            ],
            [
                {
                    "answer": true
                },
                {
                    "answer": true
                },
                {
                    "answer": true
                }
            ],
            [
                {
                    "answer": false
                },
                {
                    "answer": false
                },
                {
                    "answer": false
                }
            ]
        ],
        "2": {
            "answer": "Die gesamte oder die meiste Energie kommt von externen Akteuren, 0-20% stammen aus dem eigenen Betrieb."
        },
        "3": {
            "answer": "Vollständig"
        },
        "4": {
            "answer": "Sehr"
        }
    },
    "ENV_10": {
        "1": {
            "answer": "Ja"
        },
        "2": [
            [
                {
                    "answer": true
                }
            ],
            [
                {
                    "answer": false
                }
            ],
            [
                {
                    "answer": false
                }
            ],
            [
                {
                    "answer": true
                }
            ]
        ],
        "3": {
            "answer": "Offen"
        },
        "4": {
            "answer": "Offen"
        },
        "5": {
            "answer": "Nein"
        },
        "6": {
            "answer": "Nein"
        },
        "7": {
            "answer": "Vollständig"
        },
        "8": {
            "answer": "Sehr"
        }
    },
    "ENV_11": {
        "1": {
            "answer": "Ja"
        },
        "2": {
            "answer": "Ja"
        },
        "3": [
            [
                {
                    "answer": false
                }
            ],
            [
                {
                    "answer": false
                }
            ],
            [
                {
                    "answer": false
                }
            ]
        ],
        "4": {
            "answer": "Beinahe völlig"
        },
        "5": {
            "answer": "Sehr"
        },
        "6": [
            [
                {
                    "answer": false
                },
                {
                    "answer": ""
                },
                {
                    "answer": false
                }
            ],
            [
                {
                    "answer": true
                },
                {
                    "answer": ""
                },
                {
                    "answer": true
                }
            ],
            [
                {
                    "answer": false
                },
                {
                    "answer": ""
                },
                {
                    "answer": false
                }
            ]
        ],
        "7": {
            "answer": "Ja"
        },
        "8": {
            "answer": "Ja"
        },
        "9": [
            [
                {
                    "answer": false
                }
            ],
            [
                {
                    "answer": false
                }
            ],
            [
                {
                    "answer": true
                }
            ],
            [
                {
                    "answer": false
                }
            ],
            [
                {
                    "answer": false
                }
            ],
            [
                {
                    "answer": false
                }
            ]
        ],
        "10": {
            "answer": "Vollständig"
        },
        "11": {
            "answer": "Sehr"
        }
    },
    "ENV_12": {
        "1": [
            [
                {
                    "answer": false
                }
            ],
            [
                {
                    "answer": false
                }
            ],
            [
                {
                    "answer": true
                }
            ],
            [
                {
                    "answer": false
                }
            ],
            [
                {
                    "answer": false
                }
            ],
            [
                {
                    "answer": true
                }
            ],
            [
                {
                    "answer": false
                }
            ],
            [
                {
                    "answer": false
                }
            ],
            [
                {
                    "answer": false
                }
            ],
            [
                {
                    "answer": false
                }
            ]
        ],
        "2": {
            "answer": ""
        },
        "3": {
            "answer": "Neinn"
        },
        "4": {
            "answer": "Sehr"
        },
        "5": {
            "answer": "Mittelmäßig"
        }
    },
    "SOC_01": {
        "1": {
            "answer": "Ja"
        },
        "2": [
            [
                {
                    "answer": false
                },
                [],
                []
            ],
            [
                {
                    "answer": false
                },
                [],
                []
            ],
            [
                {
                    "answer": true
                },
                {
                    "answer": "Nicht aktiv"
                },
                {
                    "answer": "Zweimal im Jahr oder weniger"
                }
            ],
            [
                {
                    "answer": false
                },
                [],
                []
            ],
            [
                {
                    "answer": false
                },
                [],
                []
            ],
            [
                {
                    "answer": false
                },
                [],
                []
            ],
            [
                {
                    "answer": false
                },
                [],
                []
            ],
            [
                {
                    "answer": false
                },
                [],
                []
            ],
            [
                {
                    "answer": false
                },
                [],
                []
            ],
            [
                {
                    "answer": false
                },
                [],
                []
            ],
            [
                {
                    "answer": true
                },
                {
                    "answer": "Ziemlich aktiv"
                },
                {
                    "answer": "Einmal im Monat"
                }
            ],
            [
                {
                    "answer": true
                },
                {
                    "answer": "Sehr aktiv"
                },
                {
                    "answer": "Einmal die Woche"
                }
            ],
            [
                {
                    "answer": false
                },
                [],
                []
            ],
            [
                {
                    "answer": false
                },
                [],
                []
            ],
            [
                {
                    "answer": false
                },
                [],
                []
            ],
            [
                {
                    "answer": false
                },
                [],
                []
            ],
            [
                {
                    "answer": false
                },
                [],
                []
            ],
            [
                {
                    "answer": false
                },
                [],
                []
            ],
            [
                {
                    "answer": false
                },
                [],
                []
            ],
            [
                {
                    "answer": false
                },
                [],
                []
            ],
            [
                {
                    "answer": false
                },
                [],
                []
            ]
        ],
        "3": [
            [
                {
                    "answer": true
                }
            ],
            [
                {
                    "answer": false
                }
            ],
            [
                {
                    "answer": false
                }
            ],
            [
                {
                    "answer": false
                }
            ],
            [
                {
                    "answer": true
                }
            ],
            [
                {
                    "answer": true
                }
            ],
            [
                {
                    "answer": true
                }
            ],
            [
                {
                    "answer": false
                }
            ]
        ],
        "4": {
            "answer": "Nein"
        },
        "5": {
            "answer": ""
        },
        "6": {
            "answer": "Ziemlich"
        },
        "7": {
            "answer": "Mittelmäßig"
        },
        "8": {
            "answer": "Ziemlich"
        },
        "9": {
            "answer": "Ziemlich"
        }
    },
    "SOC_02": {
        "1": {
            "answer": "Ja"
        },
        "2": {
            "answer": "Vollständig"
        },
        "3": {
            "answer": "Sehr"
        }
    },
    "SOC_03": {
        "1": [
            [
                {
                    "answer": true
                }
            ],
            [
                {
                    "answer": false
                }
            ],
            [
                {
                    "answer": false
                }
            ],
            [
                {
                    "answer": true
                }
            ],
            [
                {
                    "answer": false
                }
            ],
            [
                {
                    "answer": false
                }
            ],
            [
                {
                    "answer": false
                }
            ],
            [
                {
                    "answer": false
                }
            ],
            [
                {
                    "answer": false
                }
            ],
            [
                {
                    "answer": false
                }
            ],
            [
                {
                    "answer": false
                }
            ]
        ],
        "2": [],
        "3": {
            "answer": ""
        },
        "4": {
            "answer": "Vollständig"
        },
        "5": {
            "answer": "Ja"
        },
        "6": {
            "answer": "Mittelmäßig"
        },
        "7": {
            "answer": "Ein wenig"
        }
    },
    "SOC_04": {
        "1": {
            "answer": "Ja, und mit hoher Qualität "
        },
        "2": {
            "answer": "Beinahe völlig"
        },
        "3": {
            "answer": "Sehr"
        }
    },
    "SOC_05": {
        "1": {
            "answer": "Einigermaßen"
        },
        "2": {
            "answer": "Nein"
        },
        "3": [
            [
                {
                    "answer": true
                }
            ],
            [
                {
                    "answer": true
                }
            ],
            [
                {
                    "answer": false
                }
            ],
            [
                {
                    "answer": false
                }
            ]
        ],
        "4": [
            [
                {
                    "answer": true
                }
            ],
            [
                {
                    "answer": true
                }
            ],
            [
                {
                    "answer": true
                }
            ],
            [
                {
                    "answer": false
                }
            ],
            [
                {
                    "answer": false
                }
            ]
        ],
        "5": {
            "answer": "Beinahe völlig"
        },
        "6": {
            "answer": "Sehr"
        }
    },
    "SOC_06": {
        "1": {
            "answer": "Manchmal"
        },
        "2": {
            "answer": "Nein"
        },
        "3": {
            "answer": "Ja"
        },
        "4": {
            "answer": "Beinahe völlig"
        },
        "5": {
            "answer": "Ziemlich"
        }
    },
    "EC_09": {
        "1": [
            [
                {
                    "answer": 1
                },
                {
                    "answer": ""
                }
            ],
            [
                {
                    "answer": 2
                },
                {
                    "answer": ""
                }
            ],
            [
                {
                    "answer": 2
                },
                {
                    "answer": ""
                }
            ],
            [
                {
                    "answer": 4
                },
                {
                    "answer": ""
                }
            ],
            [
                {
                    "answer": 2
                },
                {
                    "answer": ""
                }
            ],
            [
                {
                    "answer": 2
                },
                {
                    "answer": ""
                }
            ],
            [
                [],
                {
                    "answer": ""
                }
            ]
        ],
        "2": {
            "answer": "Mittelmäßig"
        },
        "3": {
            "answer": "Mittelmäßig"
        }
    },
    "EC_08": {
        "1": [
            [
                {
                    "answer": "gebàude"
                },
                {
                    "answer": true
                },
                {
                    "answer": true
                },
                {
                    "answer": false
                },
                {
                    "answer": "kleine schaden"
                },
                {
                    "answer": true
                }
            ],
            [
                {
                    "answer": "inhalt"
                },
                {
                    "answer": false
                },
                {
                    "answer": false
                },
                {
                    "answer": false
                },
                {
                    "answer": ""
                },
                {
                    "answer": false
                }
            ],
            [
                {
                    "answer": "haftpflicht"
                },
                {
                    "answer": false
                },
                {
                    "answer": false
                },
                {
                    "answer": false
                },
                {
                    "answer": ""
                },
                {
                    "answer": true
                }
            ],
            [
                {
                    "answer": "hausrat"
                },
                {
                    "answer": false
                },
                {
                    "answer": false
                },
                {
                    "answer": false
                },
                {
                    "answer": ""
                },
                {
                    "answer": true
                }
            ],
            [
                {
                    "answer": "maschinen"
                },
                {
                    "answer": false
                },
                {
                    "answer": false
                },
                {
                    "answer": false
                },
                {
                    "answer": ""
                },
                {
                    "answer": true
                }
            ],
            [
                {
                    "answer": "ertragsausfall"
                },
                {
                    "answer": false
                },
                {
                    "answer": false
                },
                {
                    "answer": false
                },
                {
                    "answer": ""
                },
                {
                    "answer": false
                }
            ],
            [
                {
                    "answer": ""
                },
                {
                    "answer": false
                },
                {
                    "answer": false
                },
                {
                    "answer": false
                },
                {
                    "answer": ""
                },
                {
                    "answer": false
                }
            ],
            [
                {
                    "answer": ""
                },
                {
                    "answer": false
                },
                {
                    "answer": false
                },
                {
                    "answer": false
                },
                {
                    "answer": ""
                },
                {
                    "answer": false
                }
            ],
            [
                {
                    "answer": ""
                },
                {
                    "answer": false
                },
                {
                    "answer": false
                },
                {
                    "answer": false
                },
                {
                    "answer": ""
                },
                {
                    "answer": false
                }
            ],
            [
                {
                    "answer": ""
                },
                {
                    "answer": false
                },
                {
                    "answer": false
                },
                {
                    "answer": false
                },
                {
                    "answer": ""
                },
                {
                    "answer": false
                }
            ]
        ],
        "2": {
            "answer": "Beinahe völlig"
        },
        "3": {
            "answer": "Sehr"
        }
    },
    "EC_11": {
        "1": {
            "answer": 1
        },
        "2": [
            [
                {
                    "answer": "Landwirtschaftliche Produktion"
                }
            ],
            [
                []
            ],
            [
                []
            ]
        ],
        "3": [],
        "4": {
            "answer": "weniger als 10"
        },
        "5": {
            "answer": "Ja"
        },
        "6": {
            "answer": "Überhaupt nicht"
        },
        "7": {
            "answer": "Überhaupt nicht"
        }
    },
    "EC_12": {
        "1": {
            "answer": "Nein"
        },
        "2": [],
        "3": [],
        "4": []
    },
    "EC_14": {
        "1": {
            "answer": "Ja"
        },
        "2": {
            "answer": [
                " auf der BBank"
            ]
        },
        "3": {
            "answer": "Vollständig"
        },
        "4": {
            "answer": "Sehr"
        }
    },
    "EC_01": {
        "1": {
            "answer": "Mehr als 55% Eigenkapital"
        },
        "2": {
            "answer": "Vollständig"
        },
        "3": {
            "answer": "Sehr"
        }
    },
    "EC_15": {
        "1": {
            "answer": "Etwas Handlungsspielraum (Es gibt aber Limits)."
        },
        "2": {
            "answer": "Ja"
        },
        "3": {
            "answer": "Beinahe völlig"
        },
        "4": {
            "answer": "Sehr"
        }
    },
    "EC_10": {
        "1": [
            [
                {
                    "answer": "Betriebsequipment"
                }
            ],
            [
                {
                    "answer": "Anderes"
                }
            ],
            [
                {
                    "answer": "Energie fürs Heizen/Beleuchtung/Maschinen"
                }
            ],
            [
                {
                    "answer": "Versicherungen"
                }
            ],
            [
                []
            ]
        ],
        "2": {
            "answer": "Nein"
        },
        "3": [],
        "4": {
            "answer": "Vollständig"
        },
        "5": {
            "answer": "Sehr"
        }
    },
    "EC_13": {
        "1": [
            [
                {
                    "answer": "Ja"
                }
            ],
            [
                {
                    "answer": "Ja"
                }
            ],
            [
                {
                    "answer": "Ja"
                }
            ],
            [
                {
                    "answer": "Ja"
                }
            ],
            [
                {
                    "answer": "Ja"
                }
            ],
            [
                {
                    "answer": "Ja"
                }
            ],
            [
                {
                    "answer": "Ja"
                }
            ],
            [
                {
                    "answer": "Ja"
                }
            ],
            [
                []
            ]
        ],
        "2": {
            "answer": "futter: 60"
        },
        "3": {
            "answer": "Vollständig"
        },
        "4": {
            "answer": "Sehr"
        }
    },
    "EC_07": {
        "1": [
            [
                {
                    "answer": "Ja"
                }
            ],
            [
                {
                    "answer": "Ja"
                }
            ],
            [
                {
                    "answer": "Ja"
                }
            ],
            [
                {
                    "answer": "Nein"
                }
            ],
            [
                {
                    "answer": "Ja"
                }
            ],
            [
                {
                    "answer": "Ja"
                }
            ],
            [
                {
                    "answer": "Nein"
                }
            ],
            [
                {
                    "answer": "Nein"
                }
            ],
            [
                {
                    "answer": "Nein"
                }
            ],
            [
                []
            ]
        ],
        "2": {
            "answer": "Vollständig"
        },
        "3": {
            "answer": "Sehr"
        }
    },
    "EC_06": {
        "1": {
            "answer": "Oft"
        },
        "2": {
            "answer": "Beinahe völlig"
        },
        "3": {
            "answer": "Ziemlich"
        }
    },
    "EC_03": {
        "1": [
            [
                {
                    "answer": "Nein"
                },
                {
                    "answer": ""
                }
            ],
            [
                {
                    "answer": "Nein"
                },
                {
                    "answer": ""
                }
            ],
            [
                {
                    "answer": "Nein"
                },
                {
                    "answer": ""
                }
            ]
        ],
        "2": {
            "answer": [
                "Es beschränkt meine Flexibilität."
            ]
        },
        "3": {
            "answer": "Mittelmäßig"
        },
        "4": {
            "answer": "Sehr"
        }
    },
    "EC_04": {
        "1": [
            [
                {
                    "answer": "milch"
                },
                {
                    "answer": true
                },
                {
                    "answer": "Meine Flexibilität ist eingeschränkt"
                },
                {
                    "answer": "Nie"
                },
                {
                    "answer": true
                }
            ],
            [
                {
                    "answer": "schnaps"
                },
                {
                    "answer": false
                },
                {
                    "answer": "Ich bin zufrieden"
                },
                {
                    "answer": "Oft"
                },
                {
                    "answer": true
                }
            ],
            [
                {
                    "answer": ""
                },
                {
                    "answer": false
                },
                [],
                [],
                {
                    "answer": false
                }
            ],
            [
                {
                    "answer": ""
                },
                {
                    "answer": false
                },
                [],
                [],
                {
                    "answer": false
                }
            ],
            [
                {
                    "answer": ""
                },
                {
                    "answer": false
                },
                [],
                [],
                {
                    "answer": false
                }
            ],
            [
                {
                    "answer": ""
                },
                {
                    "answer": false
                },
                [],
                [],
                {
                    "answer": false
                }
            ]
        ],
        "2": [],
        "3": []
    },
    "EC_02": {
        "1": {
            "answer": "Nein"
        },
        "2": [
            [
                {
                    "answer": ""
                },
                [],
                []
            ],
            [
                {
                    "answer": ""
                },
                [],
                []
            ],
            [
                {
                    "answer": ""
                },
                [],
                []
            ],
            [
                {
                    "answer": ""
                },
                [],
                []
            ],
            [
                {
                    "answer": ""
                },
                [],
                []
            ],
            [
                {
                    "answer": ""
                },
                [],
                []
            ]
        ],
        "3": {
            "answer": ""
        },
        "4": {
            "answer": "Überhaupt nicht"
        },
        "5": {
            "answer": "Überhaupt nicht"
        }
    },
    "EC_05": {
        "1": [
            [
                {
                    "answer": "milch"
                },
                {
                    "answer": "Unberechenbar"
                },
                {
                    "answer": "seit milchquote weg"
                }
            ],
            [
                {
                    "answer": "schnaps"
                },
                {
                    "answer": "Stabil"
                },
                {
                    "answer": ""
                }
            ],
            [
                {
                    "answer": ""
                },
                [],
                {
                    "answer": ""
                }
            ],
            [
                {
                    "answer": ""
                },
                [],
                {
                    "answer": ""
                }
            ],
            [
                {
                    "answer": ""
                },
                [],
                {
                    "answer": ""
                }
            ],
            [
                {
                    "answer": ""
                },
                [],
                {
                    "answer": ""
                }
            ]
        ],
        "2": {
            "answer": "Mittelmäßig"
        },
        "3": {
            "answer": "Ziemlich"
        }
    },
    "EC_16": {
        "1": [
            [
                {
                    "answer": "milch"
                },
                {
                    "answer": "Agrarindustrie"
                },
                {
                    "answer": false
                },
                {
                    "answer": "Individuelle Produktionseinheit"
                },
                {
                    "answer": "Ich"
                },
                {
                    "answer": "Nein"
                },
                {
                    "answer": "Nein"
                },
                {
                    "answer": "Nein"
                }
            ],
            [
                {
                    "answer": "schnaps"
                },
                {
                    "answer": "Verkauf an Einzelhändler ohne Vermittlung durch Zwischenhändler"
                },
                {
                    "answer": false
                },
                {
                    "answer": "Individuelle Produktionseinheit"
                },
                {
                    "answer": "Ich"
                },
                {
                    "answer": "Nein"
                },
                {
                    "answer": "Nein"
                },
                {
                    "answer": "Nein"
                }
            ],
            [
                {
                    "answer": ""
                },
                [],
                {
                    "answer": false
                },
                [],
                [],
                [],
                [],
                []
            ],
            [
                {
                    "answer": ""
                },
                [],
                {
                    "answer": false
                },
                [],
                [],
                [],
                [],
                []
            ],
            [
                {
                    "answer": ""
                },
                [],
                {
                    "answer": false
                },
                [],
                [],
                [],
                [],
                []
            ],
            [
                {
                    "answer": ""
                },
                [],
                {
                    "answer": false
                },
                [],
                [],
                [],
                [],
                []
            ]
        ],
        "2": {
            "answer": "Nein"
        },
        "3": {
            "answer": "Mittelmäßig"
        },
        "4": {
            "answer": "Sehr"
        }
    },
    "meta": {
        "version": "v-1.0.4-DE",
        "filename": "uuid_b14bcbc4-954d-42fc-aace-e2e9742decfc_answer_21.json"
    }
}