{
    "ADM_01": {
        "1": {
            "answer": "Dominique Leroduit"
        },
        "2": {
            "answer": "Freymond"
        },
        "3": {
            "answer": "Elodie"
        },
        "4": {
            "answer": "Famillefreymond "
        },
        "5": {
            "answer": "Enfant"
        },
        "6": {
            "answer": "Freymond Jean-Marc"
        },
        "7": {
            "answer": "Suisse"
        },
        "8": {
            "answer": "Vaud"
        },
        "9": {
            "answer": "Morges"
        },
        "10": {
            "answer": "Montricher"
        },
        "11": {
            "answer": ""
        },
        "12": {
            "answer": ""
        },
        "13": {
            "answer": "2018-04-25"
        },
        "14": {
            "answer": "Homme"
        },
        "15": {
            "answer": 59
        },
        "16": {
            "answer": "Mixte"
        },
        "17": {
            "answer": "Exploitation conventionnelle"
        },
        "18": {
            "answer": "51-100 ha"
        }
    },
    "meta": {
        "filename": "c476030a11587ac8703414ce2dc7acf40bddd0bc.json",
        "version": "v-1.0.6-FR",
        "creation-date": 1524637415,
        "client-ip": "178.197.237.24",
        "pid": 982
    },
    "PSP_02": {
        "1": [
            [
                {
                    "answer": 1
                },
                {
                    "answer": 0
                },
                {
                    "answer": ""
                }
            ],
            [
                {
                    "answer": 1
                },
                {
                    "answer": 0
                },
                {
                    "answer": 1
                }
            ],
            [
                {
                    "answer": 0
                },
                {
                    "answer": 0
                },
                {
                    "answer": ""
                }
            ],
            [
                {
                    "answer": 0
                },
                {
                    "answer": 0
                },
                {
                    "answer": ""
                }
            ],
            [
                {
                    "answer": 0
                },
                {
                    "answer": 0
                },
                {
                    "answer": ""
                }
            ],
            [
                {
                    "answer": 0
                },
                {
                    "answer": 0
                },
                {
                    "answer": ""
                }
            ],
            [
                {
                    "answer": 0
                },
                {
                    "answer": 0
                },
                {
                    "answer": ""
                }
            ],
            [
                {
                    "answer": 0
                },
                {
                    "answer": 0
                },
                {
                    "answer": ""
                }
            ],
            [
                {
                    "answer": 0
                },
                {
                    "answer": 0
                },
                {
                    "answer": ""
                }
            ],
            [
                {
                    "answer": 0
                },
                {
                    "answer": 0
                },
                {
                    "answer": ""
                }
            ],
            [
                {
                    "answer": 0
                },
                {
                    "answer": 0
                },
                {
                    "answer": ""
                }
            ],
            {
                "0": {
                    "answer": 0
                },
                "1": {
                    "answer": 0
                },
                "2": {
                    "answer": ""
                },
                "comment": ""
            }
        ],
        "2": [
            [
                {
                    "answer": 1
                }
            ],
            [
                {
                    "answer": 0
                }
            ],
            {
                "0": {
                    "answer": 0
                },
                "comment": ""
            }
        ],
        "3": {
            "answer": "Moyennement"
        },
        "4": {
            "answer": "Beaucoup"
        }
    },
    "PSP_01": {
        "1": [
            [
                {
                    "answer": 1
                },
                {
                    "answer": ""
                },
                {
                    "answer": ""
                },
                {
                    "answer": ""
                },
                {
                    "answer": ""
                },
                {
                    "answer": ""
                },
                {
                    "answer": ""
                }
            ],
            [
                {
                    "answer": 1
                },
                {
                    "answer": ""
                },
                {
                    "answer": ""
                },
                {
                    "answer": ""
                },
                {
                    "answer": ""
                },
                {
                    "answer": ""
                },
                {
                    "answer": ""
                }
            ],
            [
                {
                    "answer": ""
                },
                {
                    "answer": ""
                },
                {
                    "answer": ""
                },
                {
                    "answer": ""
                },
                {
                    "answer": ""
                },
                {
                    "answer": ""
                },
                {
                    "answer": ""
                }
            ],
            [
                {
                    "answer": ""
                },
                {
                    "answer": ""
                },
                {
                    "answer": ""
                },
                {
                    "answer": ""
                },
                {
                    "answer": ""
                },
                {
                    "answer": ""
                },
                {
                    "answer": ""
                }
            ],
            [
                {
                    "answer": ""
                },
                {
                    "answer": ""
                },
                {
                    "answer": ""
                },
                {
                    "answer": ""
                },
                {
                    "answer": ""
                },
                {
                    "answer": ""
                },
                {
                    "answer": ""
                }
            ],
            [
                {
                    "answer": ""
                },
                {
                    "answer": ""
                },
                {
                    "answer": ""
                },
                {
                    "answer": ""
                },
                {
                    "answer": ""
                },
                {
                    "answer": ""
                },
                {
                    "answer": ""
                }
            ]
        ],
        "2": {
            "answer": "Entre 42h et 50h/semaine"
        },
        "3": {
            "answer": "Oui"
        },
        "4": {
            "answer": "Un mix des deux"
        },
        "5": [
            [
                {
                    "answer": 0
                },
                {
                    "answer": ""
                }
            ],
            [
                {
                    "answer": 0
                },
                {
                    "answer": ""
                }
            ]
        ],
        "6": {
            "answer": "Complètement"
        },
        "7": {
            "answer": "Moyenne"
        }
    },
    "PSP_04": {
        "2": [
            [
                {
                    "answer": 1
                },
                {
                    "answer": 2
                }
            ],
            [
                {
                    "answer": 0
                },
                {
                    "answer": ""
                }
            ],
            [
                {
                    "answer": 1
                },
                {
                    "answer": 1
                }
            ],
            [
                {
                    "answer": 1
                },
                {
                    "answer": 2
                }
            ],
            [
                {
                    "answer": 0
                },
                {
                    "answer": ""
                }
            ],
            [
                {
                    "answer": 0
                },
                {
                    "answer": ""
                }
            ],
            [
                {
                    "answer": 0
                },
                {
                    "answer": ""
                }
            ],
            [
                {
                    "answer": 0
                },
                {
                    "answer": ""
                }
            ],
            [
                {
                    "answer": 0
                },
                {
                    "answer": ""
                }
            ],
            [
                {
                    "answer": 0
                },
                {
                    "answer": ""
                }
            ],
            [
                {
                    "answer": 1
                },
                {
                    "answer": 1
                }
            ],
            [
                {
                    "answer": 0
                },
                {
                    "answer": ""
                }
            ],
            [
                {
                    "answer": 0
                },
                {
                    "answer": ""
                }
            ],
            [
                {
                    "answer": 0
                },
                {
                    "answer": ""
                }
            ],
            [
                {
                    "answer": 0
                },
                {
                    "answer": ""
                }
            ],
            [
                {
                    "answer": 0
                },
                {
                    "answer": ""
                }
            ],
            [
                {
                    "answer": 1
                },
                {
                    "answer": 1
                }
            ],
            [
                {
                    "answer": 0
                },
                {
                    "answer": ""
                }
            ],
            [
                {
                    "answer": 0
                },
                {
                    "answer": ""
                }
            ],
            [
                {
                    "answer": 0
                },
                {
                    "answer": ""
                }
            ],
            [
                {
                    "answer": 0
                },
                {
                    "answer": ""
                }
            ],
            [
                {
                    "answer": 0
                },
                {
                    "answer": ""
                }
            ],
            [
                {
                    "answer": 0
                },
                {
                    "answer": ""
                }
            ],
            [
                {
                    "answer": 0
                },
                {
                    "answer": ""
                }
            ],
            [
                {
                    "answer": 0
                },
                {
                    "answer": ""
                }
            ],
            [
                {
                    "answer": 0
                },
                {
                    "answer": ""
                }
            ],
            [
                {
                    "answer": 0
                },
                {
                    "answer": ""
                }
            ],
            [
                {
                    "answer": 0
                },
                {
                    "answer": ""
                }
            ],
            [
                {
                    "answer": 0
                },
                {
                    "answer": ""
                }
            ],
            [
                {
                    "answer": 0
                },
                {
                    "answer": ""
                }
            ],
            [
                {
                    "answer": 0
                },
                {
                    "answer": ""
                }
            ],
            [
                {
                    "answer": 0
                },
                {
                    "answer": ""
                }
            ],
            {
                "0": {
                    "answer": 0
                },
                "1": {
                    "answer": ""
                },
                "comment": ""
            }
        ],
        "3": {
            "answer": 1,
            "comment": ""
        },
        "4": [
            [
                {
                    "answer": 0
                }
            ],
            [
                {
                    "answer": 1
                }
            ],
            [
                {
                    "answer": 1
                }
            ],
            {
                "0": {
                    "answer": 1
                },
                "comment": "Cerises"
            }
        ],
        "5": {
            "answer": "Complètement"
        },
        "6": {
            "answer": "Elevée"
        }
    },
    "PSP_05": {
        "1": {
            "answer": 1
        },
        "2": [
            [
                {
                    "answer": 20
                },
                {
                    "answer": 1
                }
            ],
            [
                {
                    "answer": ""
                },
                {
                    "answer": ""
                }
            ],
            [
                {
                    "answer": ""
                },
                {
                    "answer": ""
                }
            ],
            [
                {
                    "answer": ""
                },
                {
                    "answer": ""
                }
            ],
            [
                {
                    "answer": ""
                },
                {
                    "answer": ""
                }
            ],
            [
                {
                    "answer": ""
                },
                {
                    "answer": ""
                }
            ],
            [
                {
                    "answer": ""
                },
                {
                    "answer": ""
                }
            ],
            {
                "0": {
                    "answer": ""
                },
                "1": {
                    "answer": ""
                },
                "comment": ""
            }
        ],
        "3": {
            "answer": "Complètement"
        },
        "4": {
            "answer": "Aucune"
        }
    },
    "PSP_07": {
        "1": [
            [
                {
                    "answer": 1
                }
            ],
            [
                {
                    "answer": 0
                }
            ],
            [
                {
                    "answer": 0
                }
            ],
            [
                {
                    "answer": 0
                }
            ],
            [
                {
                    "answer": 0
                }
            ],
            [
                {
                    "answer": 0
                }
            ],
            [
                {
                    "answer": 0
                }
            ],
            {
                "0": {
                    "answer": 0
                },
                "comment": ""
            }
        ],
        "2": {
            "answer": 2
        },
        "3": {
            "answer": ""
        },
        "4": {
            "answer": "Non-applicable"
        },
        "5": {
            "answer": "0%"
        },
        "6": {
            "answer": 0
        },
        "7": {
            "answer": "Complètement"
        },
        "8": {
            "answer": "Elevée"
        }
    },
    "PSP_03": {
        "1": {
            "answer": 0
        },
        "2": [
            [
                {
                    "answer": ""
                },
                {
                    "answer": ""
                },
                {
                    "answer": 0
                },
                {
                    "answer": ""
                },
                {
                    "answer": ""
                }
            ],
            [
                {
                    "answer": ""
                },
                {
                    "answer": ""
                },
                {
                    "answer": 0
                },
                {
                    "answer": ""
                },
                {
                    "answer": ""
                }
            ],
            [
                {
                    "answer": ""
                },
                {
                    "answer": ""
                },
                {
                    "answer": 0
                },
                {
                    "answer": ""
                },
                {
                    "answer": ""
                }
            ],
            [
                {
                    "answer": ""
                },
                {
                    "answer": ""
                },
                {
                    "answer": 0
                },
                {
                    "answer": ""
                },
                {
                    "answer": ""
                }
            ]
        ],
        "3": {
            "answer": ""
        },
        "4": {
            "answer": ""
        }
    },
    "PSP_08": {
        "1": [
            [
                {
                    "answer": "Non"
                },
                {
                    "answer": ""
                }
            ],
            [
                {
                    "answer": "Non"
                },
                {
                    "answer": ""
                }
            ],
            [
                {
                    "answer": "Non"
                },
                {
                    "answer": ""
                }
            ],
            [
                {
                    "answer": "Non"
                },
                {
                    "answer": ""
                }
            ],
            [
                {
                    "answer": "Oui"
                },
                {
                    "answer": ""
                }
            ],
            [
                {
                    "answer": "Non"
                },
                {
                    "answer": ""
                }
            ],
            [
                {
                    "answer": "Non"
                },
                {
                    "answer": ""
                }
            ],
            {
                "0": {
                    "answer": "Non"
                },
                "1": {
                    "answer": ""
                },
                "comment": ""
            }
        ],
        "2": {
            "answer": "Complètement"
        },
        "3": {
            "answer": "Moyenne"
        },
        "4": {
            "answer": "Beaucoup"
        },
        "5": {
            "answer": "Aucune"
        }
    },
    "PSP_09": {
        "1": {
            "answer": "Non"
        },
        "2": {
            "answer": ""
        },
        "3": {
            "answer": ""
        },
        "4": {
            "answer": ""
        },
        "7": {
            "answer": ""
        },
        "9": {
            "answer": ""
        },
        "10": {
            "answer": ""
        },
        "11": {
            "answer": ""
        },
        "14": {
            "answer": ""
        },
        "15": {
            "answer": ""
        }
    },
    "PSP_10": {
        "1": {
            "answer": 0
        },
        "2": {
            "answer": ""
        },
        "4": {
            "comment": ""
        },
        "5": {
            "answer": ""
        },
        "6": {
            "answer": ""
        },
        "7": {
            "comment": ""
        },
        "8": {
            "answer": ""
        },
        "9": {
            "answer": ""
        }
    },
    "PSP_11": {
        "1": {
            "answer": 0
        },
        "2": {
            "comment": ""
        },
        "3": [
            [
                {
                    "answer": 0
                },
                {
                    "answer": ""
                }
            ],
            [
                {
                    "answer": 0
                },
                {
                    "answer": ""
                }
            ]
        ],
        "4": {
            "answer": 0
        },
        "5": {
            "comment": ""
        },
        "6": [
            [
                {
                    "answer": 0
                },
                {
                    "answer": ""
                }
            ],
            [
                {
                    "answer": 0
                },
                {
                    "answer": ""
                }
            ]
        ],
        "7": {
            "answer": ""
        },
        "8": {
            "answer": ""
        }
    }
}