{
    "ADM_01": {
        "1": {
            "answer": "Nath 1.3"
        },
        "2": {
            "answer": "Guerry"
        },
        "3": {
            "answer": "Jean-Luc et Nicolas"
        },
        "4": {
            "answer": 1.3
        },
        "5": {
            "answer": "Chef de l'exploitation"
        },
        "6": {
            "answer": ""
        },
        "7": {
            "answer": "Suisse"
        },
        "8": {
            "answer": "Vaud"
        },
        "9": {
            "answer": "Morges"
        },
        "10": {
            "answer": "Chevilly"
        },
        "11": {
            "answer": ""
        },
        "12": {
            "answer": ""
        },
        "13": {
            "answer": "18.12.2017"
        },
        "14": {
            "answer": "Homme"
        },
        "15": {
            "answer": "59 - 29"
        },
        "16": {
            "answer": "Production végétale"
        },
        "17": {
            "answer": "Exploitation conventionnelle"
        },
        "18": {
            "answer": "51-100 ha"
        }
    },
    "PSP_02": {
        "1": [
            [
                {
                    "answer": true
                },
                {
                    "answer": false
                },
                {
                    "answer": true
                }
            ],
            [
                {
                    "answer": false
                },
                {
                    "answer": false
                },
                {
                    "answer": false
                }
            ],
            [
                {
                    "answer": false
                },
                {
                    "answer": false
                },
                {
                    "answer": false
                }
            ],
            [
                {
                    "answer": false
                },
                {
                    "answer": false
                },
                {
                    "answer": false
                }
            ],
            [
                {
                    "answer": false
                },
                {
                    "answer": false
                },
                {
                    "answer": false
                }
            ],
            [
                {
                    "answer": false
                },
                {
                    "answer": false
                },
                {
                    "answer": false
                }
            ],
            [
                {
                    "answer": false
                },
                {
                    "answer": false
                },
                {
                    "answer": false
                }
            ],
            [
                {
                    "answer": false
                },
                {
                    "answer": false
                },
                {
                    "answer": false
                }
            ],
            [
                {
                    "answer": false
                },
                {
                    "answer": false
                },
                {
                    "answer": false
                }
            ],
            [
                {
                    "answer": false
                },
                {
                    "answer": false
                },
                {
                    "answer": false
                }
            ],
            [
                {
                    "answer": false
                },
                {
                    "answer": false
                },
                {
                    "answer": false
                }
            ],
            [
                {
                    "answer": false
                },
                {
                    "answer": false
                },
                {
                    "answer": false
                }
            ]
        ],
        "2": [
            [
                {
                    "answer": true
                }
            ],
            [
                {
                    "answer": false
                }
            ],
            [
                {
                    "answer": false
                }
            ]
        ],
        "3": {
            "answer": "Beaucoup"
        },
        "4": {
            "answer": "Beaucoup"
        }
    },
    "PSP_01": {
        "1": [
            [
                {
                    "answer": 2
                },
                {
                    "answer": true
                },
                {
                    "answer": 2
                },
                {
                    "answer": ""
                },
                {
                    "answer": 2
                },
                {
                    "answer": ""
                },
                {
                    "answer": 2
                }
            ],
            [
                {
                    "answer": 1
                },
                {
                    "answer": false
                },
                {
                    "answer": ""
                },
                {
                    "answer": ""
                },
                {
                    "answer": ""
                },
                {
                    "answer": ""
                },
                {
                    "answer": ""
                }
            ],
            [
                {
                    "answer": ""
                },
                {
                    "answer": false
                },
                {
                    "answer": ""
                },
                {
                    "answer": ""
                },
                {
                    "answer": ""
                },
                {
                    "answer": ""
                },
                {
                    "answer": ""
                }
            ],
            [
                {
                    "answer": ""
                },
                {
                    "answer": false
                },
                {
                    "answer": ""
                },
                {
                    "answer": ""
                },
                {
                    "answer": ""
                },
                {
                    "answer": ""
                },
                {
                    "answer": ""
                }
            ],
            [
                {
                    "answer": ""
                },
                {
                    "answer": false
                },
                {
                    "answer": ""
                },
                {
                    "answer": ""
                },
                {
                    "answer": ""
                },
                {
                    "answer": ""
                },
                {
                    "answer": ""
                }
            ],
            [
                {
                    "answer": ""
                },
                {
                    "answer": false
                },
                {
                    "answer": ""
                },
                {
                    "answer": ""
                },
                {
                    "answer": ""
                },
                {
                    "answer": ""
                },
                {
                    "answer": ""
                }
            ]
        ],
        "2": {
            "answer": "Entre 42h et 50h/semaine"
        },
        "3": {
            "answer": "Non-applicable"
        },
        "4": {
            "answer": "Oui, il a pu choisir librement"
        },
        "5": [
            [
                {
                    "answer": false
                },
                {
                    "answer": ""
                }
            ],
            [
                {
                    "answer": false
                },
                {
                    "answer": ""
                }
            ]
        ],
        "6": {
            "answer": "Complètement"
        },
        "7": {
            "answer": "Moyenne"
        }
    },
    "PSP_04": {
        "1": {
            "answer": "Oui"
        },
        "2": [
            [
                {
                    "answer": true
                },
                {
                    "answer": 1
                }
            ],
            [
                {
                    "answer": false
                },
                {
                    "answer": ""
                }
            ],
            [
                {
                    "answer": false
                },
                {
                    "answer": ""
                }
            ],
            [
                {
                    "answer": true
                },
                {
                    "answer": 3
                }
            ],
            [
                {
                    "answer": false
                },
                {
                    "answer": ""
                }
            ],
            [
                {
                    "answer": false
                },
                {
                    "answer": ""
                }
            ],
            [
                {
                    "answer": false
                },
                {
                    "answer": ""
                }
            ],
            [
                {
                    "answer": false
                },
                {
                    "answer": ""
                }
            ],
            [
                {
                    "answer": true
                },
                {
                    "answer": 1
                }
            ],
            [
                {
                    "answer": false
                },
                {
                    "answer": ""
                }
            ],
            [
                {
                    "answer": true
                },
                {
                    "answer": 1
                }
            ],
            [
                {
                    "answer": false
                },
                {
                    "answer": ""
                }
            ],
            [
                {
                    "answer": true
                },
                {
                    "answer": 1
                }
            ],
            [
                {
                    "answer": false
                },
                {
                    "answer": ""
                }
            ],
            [
                {
                    "answer": false
                },
                {
                    "answer": ""
                }
            ],
            [
                {
                    "answer": false
                },
                {
                    "answer": ""
                }
            ],
            [
                {
                    "answer": false
                },
                {
                    "answer": ""
                }
            ],
            [
                {
                    "answer": false
                },
                {
                    "answer": ""
                }
            ],
            [
                {
                    "answer": false
                },
                {
                    "answer": ""
                }
            ],
            [
                {
                    "answer": false
                },
                {
                    "answer": ""
                }
            ],
            [
                {
                    "answer": false
                },
                {
                    "answer": ""
                }
            ],
            [
                {
                    "answer": false
                },
                {
                    "answer": ""
                }
            ],
            [
                {
                    "answer": false
                },
                {
                    "answer": ""
                }
            ],
            [
                {
                    "answer": false
                },
                {
                    "answer": ""
                }
            ],
            [
                {
                    "answer": false
                },
                {
                    "answer": ""
                }
            ],
            [
                {
                    "answer": true
                },
                {
                    "answer": 1
                }
            ],
            [
                {
                    "answer": false
                },
                {
                    "answer": ""
                }
            ],
            [
                {
                    "answer": false
                },
                {
                    "answer": ""
                }
            ],
            [
                {
                    "answer": false
                },
                {
                    "answer": ""
                }
            ],
            [
                {
                    "answer": true
                },
                {
                    "answer": 1
                }
            ],
            [
                {
                    "answer": false
                },
                {
                    "answer": ""
                }
            ],
            [
                {
                    "answer": false
                },
                {
                    "answer": ""
                }
            ],
            [
                {
                    "answer": false
                },
                {
                    "answer": ""
                }
            ]
        ],
        "3": {
            "answer": "Oui",
            "comment": ""
        },
        "4": [
            [
                {
                    "answer": false
                }
            ],
            [
                {
                    "answer": false
                }
            ],
            [
                {
                    "answer": false
                }
            ],
            [
                {
                    "answer": true
                }
            ]
        ],
        "5": {
            "answer": "Complètement"
        },
        "6": {
            "answer": "Très élevée"
        }
    },
    "PSP_05": {
        "1": [],
        "2": [
            [
                {
                    "answer": ""
                },
                {
                    "answer": ""
                },
                {
                    "answer": false
                },
                {
                    "answer": false
                }
            ],
            [
                {
                    "answer": ""
                },
                {
                    "answer": ""
                },
                {
                    "answer": false
                },
                {
                    "answer": false
                }
            ],
            [
                {
                    "answer": ""
                },
                {
                    "answer": ""
                },
                {
                    "answer": false
                },
                {
                    "answer": false
                }
            ],
            [
                {
                    "answer": ""
                },
                {
                    "answer": ""
                },
                {
                    "answer": false
                },
                {
                    "answer": false
                }
            ],
            [
                {
                    "answer": ""
                },
                {
                    "answer": ""
                },
                {
                    "answer": false
                },
                {
                    "answer": false
                }
            ],
            [
                {
                    "answer": ""
                },
                {
                    "answer": ""
                },
                {
                    "answer": false
                },
                {
                    "answer": false
                }
            ],
            [
                {
                    "answer": ""
                },
                {
                    "answer": ""
                },
                {
                    "answer": false
                },
                {
                    "answer": false
                }
            ],
            [
                {
                    "answer": ""
                },
                {
                    "answer": ""
                },
                {
                    "answer": false
                },
                {
                    "answer": false
                }
            ]
        ],
        "3": [],
        "4": []
    },
    "PSP_07": {
        "1": [
            [
                {
                    "answer": false
                }
            ],
            [
                {
                    "answer": false
                }
            ],
            [
                {
                    "answer": false
                }
            ],
            [
                {
                    "answer": false
                }
            ],
            [
                {
                    "answer": false
                }
            ],
            [
                {
                    "answer": false
                }
            ],
            [
                {
                    "answer": false
                }
            ],
            [
                {
                    "answer": false
                }
            ]
        ],
        "2": {
            "answer": ""
        },
        "3": {
            "answer": ""
        },
        "4": [],
        "5": [],
        "6": [],
        "7": [],
        "8": []
    },
    "PSP_03": {
        "1": [],
        "2": [
            [
                {
                    "answer": ""
                },
                {
                    "answer": ""
                },
                {
                    "answer": false
                },
                {
                    "answer": ""
                },
                {
                    "answer": ""
                }
            ],
            [
                {
                    "answer": ""
                },
                {
                    "answer": ""
                },
                {
                    "answer": false
                },
                {
                    "answer": ""
                },
                {
                    "answer": ""
                }
            ],
            [
                {
                    "answer": ""
                },
                {
                    "answer": ""
                },
                {
                    "answer": false
                },
                {
                    "answer": ""
                },
                {
                    "answer": ""
                }
            ],
            [
                {
                    "answer": ""
                },
                {
                    "answer": ""
                },
                {
                    "answer": false
                },
                {
                    "answer": ""
                },
                {
                    "answer": ""
                }
            ]
        ],
        "3": [],
        "4": []
    },
    "PSP_08": {
        "1": [
            [
                [],
                []
            ],
            [
                {
                    "answer": "Oui"
                },
                []
            ],
            [
                [],
                []
            ],
            [
                [],
                []
            ],
            [
                {
                    "answer": "Oui"
                },
                []
            ],
            [
                [],
                []
            ],
            [
                [],
                []
            ],
            [
                [],
                []
            ]
        ],
        "2": {
            "answer": "Complètement"
        },
        "3": {
            "answer": "Elevée"
        },
        "4": [],
        "5": []
    },
    "PSP_09": {
        "1": {
            "answer": "Non"
        },
        "2": {
            "answer": ""
        },
        "3": {
            "answer": ""
        },
        "4": {
            "answer": ""
        },
        "5": [],
        "6": {
            "answer": "Je ne sais pas"
        },
        "7": {
            "answer": ""
        },
        "8": [],
        "9": {
            "answer": ""
        },
        "10": {
            "answer": ""
        },
        "11": {
            "answer": ""
        },
        "12": [],
        "13": [],
        "14": [],
        "15": []
    },
    "PSP_10": {
        "1": [],
        "2": {
            "answer": ""
        },
        "3": [],
        "4": {
            "answer": []
        },
        "5": {
            "answer": "1-10 %"
        },
        "6": {
            "answer": ""
        },
        "7": {
            "answer": [
                "Autre précisez)"
            ]
        },
        "8": [],
        "9": {
            "answer": "Aucune"
        }
    },
    "PSP_11": {
        "1": {
            "answer": "Non"
        },
        "2": {
            "answer": []
        },
        "3": [
            [
                {
                    "answer": false
                },
                {
                    "answer": ""
                }
            ],
            [
                {
                    "answer": false
                },
                {
                    "answer": ""
                }
            ]
        ],
        "4": {
            "answer": "Non"
        },
        "5": {
            "answer": []
        },
        "6": [
            [
                {
                    "answer": false
                },
                {
                    "answer": ""
                }
            ],
            [
                {
                    "answer": false
                },
                {
                    "answer": ""
                }
            ]
        ],
        "7": [],
        "8": []
    },
    "PSP_12": {
        "1": [
            [
                {
                    "answer": "Oui"
                }
            ],
            [
                {
                    "answer": "Oui"
                }
            ],
            [
                {
                    "answer": "Oui"
                }
            ],
            [
                {
                    "answer": "Oui"
                }
            ],
            [
                {
                    "answer": "Oui"
                }
            ],
            [
                {
                    "answer": "Non"
                }
            ],
            [
                {
                    "answer": "Oui"
                }
            ],
            [
                {
                    "answer": "Oui"
                }
            ],
            [
                {
                    "answer": "Oui"
                }
            ],
            [
                {
                    "answer": "Non"
                }
            ],
            [
                []
            ]
        ],
        "2": {
            "answer": "Complètement"
        },
        "3": {
            "answer": "Très"
        }
    },
    "PSP_13": {
        "1": [
            [
                {
                    "answer": true
                },
                {
                    "answer": false
                }
            ],
            [
                {
                    "answer": true
                },
                {
                    "answer": false
                }
            ],
            [
                {
                    "answer": true
                },
                {
                    "answer": false
                }
            ],
            [
                {
                    "answer": true
                },
                {
                    "answer": true
                }
            ],
            [
                {
                    "answer": true
                },
                {
                    "answer": false
                }
            ],
            [
                {
                    "answer": true
                },
                {
                    "answer": true
                }
            ],
            [
                {
                    "answer": true
                },
                {
                    "answer": false
                }
            ],
            [
                {
                    "answer": true
                },
                {
                    "answer": true
                }
            ],
            [
                {
                    "answer": true
                },
                {
                    "answer": true
                }
            ],
            [
                {
                    "answer": true
                },
                {
                    "answer": true
                }
            ],
            [
                {
                    "answer": false
                },
                {
                    "answer": false
                }
            ]
        ],
        "2": {
            "answer": "Complètement"
        },
        "3": {
            "answer": "Très"
        }
    },
    "PSP_14": {
        "1": {
            "answer": "Oui"
        },
        "2": {
            "answer": "Oui"
        },
        "3": {
            "answer": [
                "Diminution des précipitations",
                "Augmentation de la température"
            ]
        },
        "4": {
            "answer": "negatif"
        },
        "5": {
            "answer": "Oui"
        },
        "6": {
            "answer": "Oui"
        },
        "7": {
            "answer": "satisfaisant"
        },
        "8": {
            "answer": "Oui"
        },
        "9": [
            [
                {
                    "answer": true
                }
            ],
            [
                {
                    "answer": true
                }
            ],
            [
                {
                    "answer": true
                }
            ],
            [
                {
                    "answer": true
                }
            ],
            [
                {
                    "answer": true
                }
            ],
            [
                {
                    "answer": true
                }
            ],
            [
                {
                    "answer": true
                }
            ],
            [
                {
                    "answer": true
                }
            ],
            [
                {
                    "answer": false
                }
            ]
        ],
        "10": {
            "answer": "Oui"
        },
        "11": {
            "answer": "Oui"
        },
        "12": {
            "answer": "Trois sources ou +"
        },
        "13": {
            "answer": "Beaucoup"
        },
        "14": {
            "answer": "Très élevée"
        }
    },
    "PSP_15": {
        "1": [],
        "2": {
            "answer": ""
        },
        "3": [],
        "4": []
    },
    "PSP_16": {
        "1": {
            "answer": "Oui"
        },
        "2": [
            [
                {
                    "answer": false
                }
            ],
            [
                {
                    "answer": true
                }
            ],
            [
                {
                    "answer": false
                }
            ],
            [
                {
                    "answer": true
                }
            ],
            [
                {
                    "answer": true
                }
            ],
            [
                {
                    "answer": true
                }
            ],
            [
                {
                    "answer": false
                }
            ],
            [
                {
                    "answer": false
                }
            ],
            [
                {
                    "answer": false
                }
            ],
            [
                {
                    "answer": false
                }
            ],
            [
                {
                    "answer": false
                }
            ]
        ],
        "3": {
            "answer": "Moyennement"
        },
        "4": {
            "answer": "Moyenne"
        }
    },
    "PSP_17": {
        "1": [
            [
                {
                    "answer": true
                },
                {
                    "answer": true
                }
            ],
            [
                {
                    "answer": true
                },
                {
                    "answer": true
                }
            ],
            [
                {
                    "answer": true
                },
                {
                    "answer": true
                }
            ]
        ],
        "2": {
            "answer": "Toujours"
        },
        "3": {
            "answer": [
                "Lunettes de protection",
                "Gants",
                "Masque"
            ]
        },
        "4": {
            "answer": [
                "Donnés à des collecteurs"
            ]
        },
        "5": {
            "answer": "Complètement"
        },
        "6": {
            "answer": "Moyenne"
        }
    },
    "PSP_18": {
        "1": {
            "answer": "Non",
            "comment": ""
        },
        "2": {
            "answer": ""
        },
        "3": {
            "answer": "Non"
        },
        "4": [],
        "5": []
    },
    "GOV_01": {
        "1": {
            "answer": "Oui"
        },
        "2": [
            [
                {
                    "answer": false
                }
            ],
            [
                {
                    "answer": true
                }
            ],
            [
                {
                    "answer": false
                }
            ],
            [
                {
                    "answer": false
                }
            ]
        ],
        "3": {
            "answer": "Non, elles ne sont pas flexibles"
        },
        "4": {
            "answer": "administrative"
        },
        "5": {
            "answer": "Oui"
        },
        "6": {
            "answer": "Moyennement"
        },
        "7": {
            "answer": "Très élevée"
        }
    },
    "ENV_01": {
        "1": [
            [
                [],
                [],
                {
                    "answer": ""
                }
            ],
            [
                [],
                [],
                {
                    "answer": ""
                }
            ],
            [
                [],
                [],
                {
                    "answer": ""
                }
            ],
            [
                [],
                [],
                {
                    "answer": ""
                }
            ],
            [
                [],
                [],
                {
                    "answer": ""
                }
            ]
        ],
        "2": {
            "answer": "Complètement"
        },
        "3": []
    },
    "ENV_02": {
        "1": {
            "answer": []
        },
        "2": [],
        "3": []
    },
    "ENV_03": {
        "1": [
            [
                {
                    "answer": false
                },
                {
                    "answer": ""
                }
            ],
            [
                {
                    "answer": false
                },
                {
                    "answer": ""
                }
            ],
            [
                {
                    "answer": false
                },
                {
                    "answer": ""
                }
            ],
            [
                {
                    "answer": false
                },
                {
                    "answer": ""
                }
            ],
            [
                {
                    "answer": false
                },
                {
                    "answer": ""
                }
            ],
            [
                {
                    "answer": false
                },
                {
                    "answer": ""
                }
            ]
        ],
        "2": {
            "answer": "Complètement"
        },
        "3": {
            "answer": "Complètement"
        },
        "4": {
            "answer": "Complètement"
        },
        "5": {
            "answer": "Elevée"
        }
    },
    "ENV_04": {
        "1": [
            [
                {
                    "answer": 58
                },
                {
                    "answer": 12
                },
                {
                    "answer": ""
                },
                {
                    "answer": ""
                }
            ],
            [
                {
                    "answer": ""
                },
                {
                    "answer": ""
                },
                {
                    "answer": ""
                },
                {
                    "answer": ""
                }
            ],
            [
                {
                    "answer": ""
                },
                {
                    "answer": ""
                },
                {
                    "answer": ""
                },
                {
                    "answer": ""
                }
            ]
        ],
        "2": {
            "answer": 70
        },
        "3": {
            "answer": 11
        },
        "4": {
            "answer": "Complètement"
        },
        "5": {
            "answer": "Elevée"
        }
    },
    "ENV_05": {
        "1": {
            "answer": 2
        },
        "2": {
            "answer": [
                "Sableux?",
                "Argileux?",
                "Pierreux?"
            ]
        },
        "3": {
            "answer": "Assez riche"
        },
        "4": {
            "answer": "Oui"
        },
        "5": {
            "answer": "Beaucoup"
        },
        "6": {
            "answer": "Beaucoup"
        },
        "7": {
            "answer": "Non"
        },
        "8": {
            "answer": ""
        },
        "9": {
            "answer": "Oui"
        },
        "10": []
    },
    "ENV_06": {
        "1": [
            [
                {
                    "answer": true
                },
                {
                    "answer": ""
                }
            ],
            [
                {
                    "answer": true
                },
                {
                    "answer": ""
                }
            ],
            [
                {
                    "answer": true
                },
                {
                    "answer": ""
                }
            ],
            [
                {
                    "answer": true
                },
                {
                    "answer": ""
                }
            ],
            [
                {
                    "answer": false
                },
                {
                    "answer": ""
                }
            ],
            [
                {
                    "answer": true
                },
                {
                    "answer": ""
                }
            ],
            [
                {
                    "answer": false
                },
                {
                    "answer": ""
                }
            ],
            [
                {
                    "answer": false
                },
                {
                    "answer": ""
                }
            ],
            [
                {
                    "answer": false
                },
                {
                    "answer": ""
                }
            ],
            [
                {
                    "answer": true
                },
                {
                    "answer": ""
                }
            ],
            [
                {
                    "answer": false
                },
                {
                    "answer": ""
                }
            ],
            [
                {
                    "answer": false
                },
                {
                    "answer": ""
                }
            ],
            [
                {
                    "answer": false
                },
                {
                    "answer": ""
                }
            ],
            [
                {
                    "answer": false
                },
                {
                    "answer": ""
                }
            ],
            [
                {
                    "answer": false
                },
                {
                    "answer": ""
                }
            ],
            [
                {
                    "answer": true
                },
                {
                    "answer": "drainage"
                }
            ]
        ],
        "2": {
            "answer": "Beaucoup"
        },
        "3": {
            "answer": "Elevée"
        }
    },
    "ENV_07": {
        "1": {
            "answer": "Oui chaque année"
        },
        "2": {
            "answer": "Phacelie, trefle , mélange du commerce"
        },
        "3": {
            "answer": "Beaucoup"
        },
        "4": {
            "answer": "Elevée"
        }
    },
    "ENV_08": {
        "1": {
            "answer": "7% ou + mais moins de 15%"
        },
        "2": {
            "answer": "Moyennement"
        },
        "3": {
            "answer": "Un peu"
        }
    },
    "ENV_09": {
        "1": [
            [
                {
                    "answer": true
                },
                {
                    "answer": false
                },
                {
                    "answer": false
                }
            ],
            [
                {
                    "answer": false
                },
                {
                    "answer": false
                },
                {
                    "answer": false
                }
            ],
            [
                {
                    "answer": true
                },
                {
                    "answer": false
                },
                {
                    "answer": true
                }
            ],
            [
                {
                    "answer": false
                },
                {
                    "answer": false
                },
                {
                    "answer": false
                }
            ],
            [
                {
                    "answer": false
                },
                {
                    "answer": false
                },
                {
                    "answer": false
                }
            ],
            [
                {
                    "answer": false
                },
                {
                    "answer": false
                },
                {
                    "answer": false
                }
            ],
            [
                {
                    "answer": false
                },
                {
                    "answer": false
                },
                {
                    "answer": false
                }
            ],
            [
                {
                    "answer": false
                },
                {
                    "answer": false
                },
                {
                    "answer": false
                }
            ],
            [
                {
                    "answer": false
                },
                {
                    "answer": false
                },
                {
                    "answer": false
                }
            ],
            [
                {
                    "answer": false
                },
                {
                    "answer": false
                },
                {
                    "answer": false
                }
            ],
            [
                {
                    "answer": false
                },
                {
                    "answer": false
                },
                {
                    "answer": false
                }
            ],
            [
                {
                    "answer": true
                },
                {
                    "answer": false
                },
                {
                    "answer": true
                }
            ],
            [
                {
                    "answer": false
                },
                {
                    "answer": false
                },
                {
                    "answer": false
                }
            ],
            [
                {
                    "answer": false
                },
                {
                    "answer": false
                },
                {
                    "answer": false
                }
            ],
            [
                {
                    "answer": true
                },
                {
                    "answer": true
                },
                {
                    "answer": false
                }
            ],
            [
                {
                    "answer": false
                },
                {
                    "answer": false
                },
                {
                    "answer": false
                }
            ]
        ],
        "2": {
            "answer": "Tout ou la plupart de l'énergie dépend d'acteurs externes (0-20% viennent de votre propre exploitation)"
        },
        "3": {
            "answer": "Complètement"
        },
        "4": {
            "answer": "Très élevée"
        }
    },
    "ENV_10": {
        "1": {
            "answer": "Oui"
        },
        "2": [
            [
                {
                    "answer": true
                }
            ],
            [
                {
                    "answer": false
                }
            ],
            [
                {
                    "answer": true
                }
            ],
            [
                {
                    "answer": true
                }
            ]
        ],
        "3": [],
        "4": [],
        "5": [],
        "6": [],
        "7": [],
        "8": []
    },
    "ENV_11": {
        "1": {
            "answer": "Oui"
        },
        "2": {
            "answer": "Oui"
        },
        "3": [
            [
                {
                    "answer": false
                }
            ],
            [
                {
                    "answer": false
                }
            ],
            [
                {
                    "answer": false
                }
            ]
        ],
        "4": {
            "answer": "Complètement"
        },
        "5": {
            "answer": "Très"
        },
        "6": [
            [
                {
                    "answer": false
                },
                {
                    "answer": ""
                },
                {
                    "answer": false
                }
            ],
            [
                {
                    "answer": false
                },
                {
                    "answer": ""
                },
                {
                    "answer": false
                }
            ],
            [
                {
                    "answer": true
                },
                {
                    "answer": "PRP"
                },
                {
                    "answer": false
                }
            ]
        ],
        "7": {
            "answer": "Oui"
        },
        "8": {
            "answer": "Oui"
        },
        "9": [
            [
                {
                    "answer": false
                }
            ],
            [
                {
                    "answer": true
                }
            ],
            [
                {
                    "answer": false
                }
            ],
            [
                {
                    "answer": false
                }
            ],
            [
                {
                    "answer": true
                }
            ],
            [
                {
                    "answer": false
                }
            ]
        ],
        "10": {
            "answer": "Complètement"
        },
        "11": {
            "answer": "Faible"
        }
    },
    "ENV_12": {
        "1": [
            [
                {
                    "answer": true
                }
            ],
            [
                {
                    "answer": false
                }
            ],
            [
                {
                    "answer": true
                }
            ],
            [
                {
                    "answer": true
                }
            ],
            [
                {
                    "answer": true
                }
            ],
            [
                {
                    "answer": true
                }
            ],
            [
                {
                    "answer": true
                }
            ],
            [
                {
                    "answer": false
                }
            ],
            [
                {
                    "answer": true
                }
            ],
            [
                {
                    "answer": false
                }
            ]
        ],
        "2": {
            "answer": 10
        },
        "3": {
            "answer": "Oui"
        },
        "4": {
            "answer": "Beaucoup"
        },
        "5": {
            "answer": "Beaucoup"
        }
    },
    "SOC_01": {
        "1": {
            "answer": "Oui"
        },
        "2": [
            [
                {
                    "answer": false
                },
                [],
                []
            ],
            [
                {
                    "answer": true
                },
                {
                    "answer": "Assez actif"
                },
                {
                    "answer": "Une fois par mois"
                }
            ],
            [
                {
                    "answer": true
                },
                {
                    "answer": "Assez actif"
                },
                {
                    "answer": "Une fois par mois"
                }
            ],
            [
                {
                    "answer": false
                },
                [],
                []
            ],
            [
                {
                    "answer": false
                },
                [],
                []
            ],
            [
                {
                    "answer": false
                },
                [],
                []
            ],
            [
                {
                    "answer": false
                },
                [],
                []
            ],
            [
                {
                    "answer": true
                },
                {
                    "answer": "Assez actif"
                },
                {
                    "answer": "Une fois toutes les deux semaines"
                }
            ],
            [
                {
                    "answer": false
                },
                [],
                []
            ],
            [
                {
                    "answer": false
                },
                [],
                []
            ],
            [
                {
                    "answer": false
                },
                [],
                []
            ],
            [
                {
                    "answer": false
                },
                [],
                []
            ],
            [
                {
                    "answer": false
                },
                [],
                []
            ],
            [
                {
                    "answer": false
                },
                [],
                []
            ],
            [
                {
                    "answer": false
                },
                [],
                []
            ],
            [
                {
                    "answer": false
                },
                [],
                []
            ],
            [
                {
                    "answer": false
                },
                [],
                []
            ],
            [
                {
                    "answer": false
                },
                [],
                []
            ],
            [
                {
                    "answer": true
                },
                {
                    "answer": "Assez actif"
                },
                {
                    "answer": "Deux fois par année ou moins"
                }
            ],
            [
                {
                    "answer": false
                },
                [],
                []
            ],
            [
                {
                    "answer": false
                },
                [],
                []
            ]
        ],
        "3": [
            [
                {
                    "answer": true
                }
            ],
            [
                {
                    "answer": false
                }
            ],
            [
                {
                    "answer": true
                }
            ],
            [
                {
                    "answer": true
                }
            ],
            [
                {
                    "answer": true
                }
            ],
            [
                {
                    "answer": true
                }
            ],
            [
                {
                    "answer": true
                }
            ],
            [
                {
                    "answer": false
                }
            ]
        ],
        "4": {
            "answer": "Oui"
        },
        "5": {
            "answer": ""
        },
        "6": {
            "answer": "Moyennement"
        },
        "7": {
            "answer": "Beaucoup"
        },
        "8": {
            "answer": "Beaucoup"
        },
        "9": {
            "answer": "Elevée"
        }
    },
    "SOC_02": {
        "1": [],
        "2": [],
        "3": []
    },
    "SOC_03": {
        "1": [
            [
                {
                    "answer": true
                }
            ],
            [
                {
                    "answer": false
                }
            ],
            [
                {
                    "answer": false
                }
            ],
            [
                {
                    "answer": true
                }
            ],
            [
                {
                    "answer": false
                }
            ],
            [
                {
                    "answer": true
                }
            ],
            [
                {
                    "answer": false
                }
            ],
            [
                {
                    "answer": true
                }
            ],
            [
                {
                    "answer": true
                }
            ],
            [
                {
                    "answer": true
                }
            ],
            [
                {
                    "answer": false
                }
            ]
        ],
        "2": {
            "answer": "Non"
        },
        "3": {
            "answer": ""
        },
        "4": {
            "answer": "Moyennement"
        },
        "5": {
            "answer": "Oui"
        },
        "6": {
            "answer": "Beaucoup"
        },
        "7": {
            "answer": "Un peu"
        }
    },
    "SOC_04": {
        "1": [],
        "2": [],
        "3": []
    },
    "SOC_05": {
        "1": {
            "answer": "Oui"
        },
        "2": {
            "answer": "Oui"
        },
        "3": [
            [
                {
                    "answer": true
                }
            ],
            [
                {
                    "answer": true
                }
            ],
            [
                {
                    "answer": false
                }
            ],
            [
                {
                    "answer": false
                }
            ]
        ],
        "4": [
            [
                {
                    "answer": false
                }
            ],
            [
                {
                    "answer": false
                }
            ],
            [
                {
                    "answer": false
                }
            ],
            [
                {
                    "answer": false
                }
            ],
            [
                {
                    "answer": false
                }
            ]
        ],
        "5": {
            "answer": "Beaucoup"
        },
        "6": {
            "answer": "Elevée"
        }
    },
    "SOC_06": {
        "1": {
            "answer": "Quelques fois"
        },
        "2": {
            "answer": "Oui"
        },
        "3": {
            "answer": "Non"
        },
        "4": {
            "answer": "Beaucoup"
        },
        "5": {
            "answer": "Elevée"
        }
    },
    "EC_09": {
        "1": [
            [
                {
                    "answer": 1
                },
                {
                    "answer": ""
                }
            ],
            [
                {
                    "answer": "Pas de possession"
                },
                {
                    "answer": ""
                }
            ],
            [
                {
                    "answer": "Pas de possession"
                },
                {
                    "answer": ""
                }
            ],
            [
                {
                    "answer": 2
                },
                {
                    "answer": ""
                }
            ],
            [
                {
                    "answer": 3
                },
                {
                    "answer": ""
                }
            ],
            [
                [],
                {
                    "answer": ""
                }
            ]
        ],
        "2": {
            "answer": "Beaucoup"
        },
        "3": {
            "answer": "Elevée"
        }
    },
    "EC_08": {
        "1": [
            [
                {
                    "answer": "culture"
                },
                {
                    "answer": true
                },
                {
                    "answer": false
                },
                {
                    "answer": false
                },
                {
                    "answer": ""
                },
                {
                    "answer": true
                }
            ],
            [
                {
                    "answer": "bâtiments"
                },
                {
                    "answer": true
                },
                {
                    "answer": true
                },
                {
                    "answer": false
                },
                {
                    "answer": ""
                },
                {
                    "answer": false
                }
            ],
            [
                {
                    "answer": "machines"
                },
                {
                    "answer": false
                },
                {
                    "answer": true
                },
                {
                    "answer": true
                },
                {
                    "answer": ""
                },
                {
                    "answer": true
                }
            ],
            [
                {
                    "answer": ""
                },
                {
                    "answer": false
                },
                {
                    "answer": false
                },
                {
                    "answer": false
                },
                {
                    "answer": ""
                },
                {
                    "answer": false
                }
            ],
            [
                {
                    "answer": ""
                },
                {
                    "answer": false
                },
                {
                    "answer": false
                },
                {
                    "answer": false
                },
                {
                    "answer": ""
                },
                {
                    "answer": false
                }
            ],
            [
                {
                    "answer": ""
                },
                {
                    "answer": false
                },
                {
                    "answer": false
                },
                {
                    "answer": false
                },
                {
                    "answer": ""
                },
                {
                    "answer": false
                }
            ],
            [
                {
                    "answer": ""
                },
                {
                    "answer": false
                },
                {
                    "answer": false
                },
                {
                    "answer": false
                },
                {
                    "answer": ""
                },
                {
                    "answer": false
                }
            ],
            [
                {
                    "answer": ""
                },
                {
                    "answer": false
                },
                {
                    "answer": false
                },
                {
                    "answer": false
                },
                {
                    "answer": ""
                },
                {
                    "answer": false
                }
            ],
            [
                {
                    "answer": ""
                },
                {
                    "answer": false
                },
                {
                    "answer": false
                },
                {
                    "answer": false
                },
                {
                    "answer": ""
                },
                {
                    "answer": false
                }
            ],
            [
                {
                    "answer": ""
                },
                {
                    "answer": false
                },
                {
                    "answer": false
                },
                {
                    "answer": false
                },
                {
                    "answer": ""
                },
                {
                    "answer": false
                }
            ]
        ],
        "2": {
            "answer": "Beaucoup"
        },
        "3": {
            "answer": "Elevée"
        }
    },
    "EC_11": {
        "1": {
            "answer": 3
        },
        "2": [
            [
                {
                    "answer": "Production agricoles"
                }
            ],
            [
                {
                    "answer": "Activités non-agricoles"
                }
            ],
            [
                {
                    "answer": "Travaux agricoles pour tiers"
                }
            ]
        ],
        "3": {
            "answer": "Déficit stable"
        },
        "4": {
            "answer": 50
        },
        "5": {
            "answer": "Non"
        },
        "6": {
            "answer": "Moyennement"
        },
        "7": {
            "answer": "Elevée"
        }
    },
    "EC_12": {
        "1": [],
        "2": [],
        "3": [],
        "4": []
    },
    "EC_14": {
        "1": {
            "answer": "Non"
        },
        "2": {
            "answer": [
                "Achat de biens d'investissement (terrain, immobilier, etc.)",
                "Investissements/placements financiers"
            ]
        },
        "3": {
            "answer": "Beaucoup"
        },
        "4": {
            "answer": "Beaucoup"
        }
    },
    "EC_01": {
        "1": {
            "answer": "Plus de 55% de fonds propres"
        },
        "2": {
            "answer": "Complètement"
        },
        "3": {
            "answer": "Très"
        }
    },
    "EC_15": {
        "1": {
            "answer": "J'ai un peu de 'marge de manoeuvre' (c.-à-d. ce que je peux faire/entreprendre est limité)"
        },
        "2": {
            "answer": "Oui"
        },
        "3": {
            "answer": "Complètement"
        },
        "4": {
            "answer": "Très"
        }
    },
    "EC_10": {
        "1": [
            [
                {
                    "answer": "matériel agricole"
                }
            ],
            [
                {
                    "answer": "main-d'oeuvre"
                }
            ],
            [
                {
                    "answer": "assurances"
                }
            ],
            [
                {
                    "answer": "pesticides"
                }
            ],
            [
                {
                    "answer": "engrais"
                }
            ]
        ],
        "2": {
            "answer": "Oui"
        },
        "3": {
            "answer": "Non"
        },
        "4": {
            "answer": "Complètement"
        },
        "5": {
            "answer": "Très"
        }
    },
    "EC_13": {
        "1": [
            [
                {
                    "answer": "Oui"
                }
            ],
            [
                []
            ],
            [
                {
                    "answer": "Oui"
                }
            ],
            [
                {
                    "answer": "Oui"
                }
            ],
            [
                {
                    "answer": "Oui"
                }
            ],
            [
                {
                    "answer": "Oui"
                }
            ],
            [
                {
                    "answer": "Oui"
                }
            ],
            [
                {
                    "answer": "Oui"
                }
            ],
            [
                []
            ]
        ],
        "2": {
            "answer": 20
        },
        "3": {
            "answer": "Complètement"
        },
        "4": {
            "answer": "Très"
        }
    },
    "EC_07": {
        "1": [
            [
                {
                    "answer": "Oui"
                }
            ],
            [
                {
                    "answer": "Oui"
                }
            ],
            [
                {
                    "answer": "Oui"
                }
            ],
            [
                {
                    "answer": "Oui"
                }
            ],
            [
                {
                    "answer": "Oui"
                }
            ],
            [
                {
                    "answer": "Oui"
                }
            ],
            [
                {
                    "answer": "Oui"
                }
            ],
            [
                {
                    "answer": "Non"
                }
            ],
            [
                {
                    "answer": "Oui"
                }
            ],
            [
                []
            ]
        ],
        "2": {
            "answer": "Complètement"
        },
        "3": {
            "answer": "Très"
        }
    },
    "EC_06": {
        "1": {
            "answer": "Souvent"
        },
        "2": {
            "answer": "Complètement"
        },
        "3": {
            "answer": "Très"
        }
    },
    "EC_03": {
        "1": [
            [
                {
                    "answer": "Non"
                },
                {
                    "answer": ""
                }
            ],
            [
                {
                    "answer": "Non"
                },
                {
                    "answer": ""
                }
            ],
            [
                {
                    "answer": "Non applicable"
                },
                {
                    "answer": ""
                }
            ]
        ],
        "2": {
            "answer": [
                "Je suis satisfait"
            ]
        },
        "3": {
            "answer": "Complètement"
        },
        "4": {
            "answer": "Très"
        }
    },
    "EC_04": {
        "1": [
            [
                {
                    "answer": "cereales"
                },
                {
                    "answer": false
                },
                {
                    "answer": "Je suis satisfait"
                },
                {
                    "answer": "Quelques fois"
                },
                {
                    "answer": true
                }
            ],
            [
                {
                    "answer": "betteraves"
                },
                {
                    "answer": true
                },
                {
                    "answer": "Je suis satisfait"
                },
                {
                    "answer": "Jamais"
                },
                {
                    "answer": true
                }
            ],
            [
                {
                    "answer": "colza"
                },
                {
                    "answer": true
                },
                {
                    "answer": "Je suis satisfait"
                },
                {
                    "answer": "Jamais"
                },
                {
                    "answer": true
                }
            ],
            [
                {
                    "answer": "tournesol"
                },
                {
                    "answer": true
                },
                {
                    "answer": "Je suis satisfait"
                },
                {
                    "answer": "Jamais"
                },
                {
                    "answer": true
                }
            ],
            [
                {
                    "answer": ""
                },
                {
                    "answer": false
                },
                [],
                [],
                {
                    "answer": false
                }
            ],
            [
                {
                    "answer": ""
                },
                {
                    "answer": false
                },
                [],
                [],
                {
                    "answer": false
                }
            ]
        ],
        "2": {
            "answer": "Complètement"
        },
        "3": {
            "answer": "Très"
        }
    },
    "EC_02": {
        "1": {
            "answer": "Non"
        },
        "2": [
            [
                {
                    "answer": ""
                },
                {
                    "answer": false
                },
                [],
                []
            ],
            [
                {
                    "answer": ""
                },
                {
                    "answer": false
                },
                [],
                []
            ],
            [
                {
                    "answer": ""
                },
                {
                    "answer": false
                },
                [],
                []
            ],
            [
                {
                    "answer": ""
                },
                {
                    "answer": false
                },
                [],
                []
            ],
            [
                {
                    "answer": ""
                },
                {
                    "answer": false
                },
                [],
                []
            ],
            [
                {
                    "answer": ""
                },
                {
                    "answer": false
                },
                [],
                []
            ]
        ],
        "3": {
            "answer": ""
        },
        "4": [],
        "5": []
    },
    "EC_16": {
        "1": [
            [
                {
                    "answer": "cereales"
                },
                {
                    "answer": "Décroissant"
                },
                {
                    "answer": "false"
                }
            ],
            [
                {
                    "answer": "betteraves"
                },
                {
                    "answer": "Décroissant"
                },
                {
                    "answer": "false"
                }
            ],
            [
                {
                    "answer": "colza"
                },
                {
                    "answer": "Décroissant"
                },
                {
                    "answer": "false"
                }
            ],
            [
                {
                    "answer": "tournesol"
                },
                {
                    "answer": "Décroissant"
                },
                {
                    "answer": "false"
                }
            ],
            [
                {
                    "answer": ""
                },
                [],
                {
                    "answer": "false"
                }
            ],
            [
                {
                    "answer": ""
                },
                [],
                {
                    "answer": "false"
                }
            ]
        ],
        "2": {
            "answer": "Pas du tout"
        },
        "3": {
            "answer": "Très"
        }
    },
    "meta": {
        "version": "v-1.0.6-FR",
        "filename": "uuid_ca62f980-7f59-486a-b299-91b8a39421ac_answer_3.json"
    }
}