{
    "ADM_01": {
        "1": {
            "answer": "Adelaide"
        },
        "2": {
            "answer": "haug"
        },
        "3": {
            "answer": "johannes"
        },
        "4": {
            "answer": 2.6
        },
        "5": {
            "answer": "Betriebsleiter*in"
        },
        "6": {
            "answer": ""
        },
        "7": {
            "answer": "DE"
        },
        "8": {
            "answer": "Bayern"
        },
        "9": {
            "answer": "Schwaben"
        },
        "10": {
            "answer": "Nonnenhorn"
        },
        "11": {
            "answer": ""
        },
        "12": {
            "answer": ""
        },
        "13": {
            "answer": "23.03.2018"
        },
        "14": {
            "answer": "Mann"
        },
        "15": {
            "answer": 47
        },
        "16": {
            "answer": "Pflanzenproduktion"
        },
        "17": {
            "answer": "Zertifiziert biologisch"
        },
        "18": {
            "answer": "11-30 ha"
        }
    },
    "PSP_02": {
        "1": [
            [
                {
                    "answer": false
                },
                {
                    "answer": false
                },
                {
                    "answer": false
                }
            ],
            [
                {
                    "answer": false
                },
                {
                    "answer": false
                },
                {
                    "answer": false
                }
            ],
            [
                {
                    "answer": false
                },
                {
                    "answer": false
                },
                {
                    "answer": false
                }
            ],
            [
                {
                    "answer": true
                },
                {
                    "answer": false
                },
                {
                    "answer": true
                }
            ],
            [
                {
                    "answer": false
                },
                {
                    "answer": false
                },
                {
                    "answer": false
                }
            ],
            [
                {
                    "answer": true
                },
                {
                    "answer": false
                },
                {
                    "answer": true
                }
            ],
            [
                {
                    "answer": false
                },
                {
                    "answer": false
                },
                {
                    "answer": false
                }
            ],
            [
                {
                    "answer": false
                },
                {
                    "answer": false
                },
                {
                    "answer": false
                }
            ],
            [
                {
                    "answer": false
                },
                {
                    "answer": false
                },
                {
                    "answer": false
                }
            ],
            [
                {
                    "answer": false
                },
                {
                    "answer": false
                },
                {
                    "answer": false
                }
            ],
            [
                {
                    "answer": false
                },
                {
                    "answer": false
                },
                {
                    "answer": false
                }
            ],
            [
                {
                    "answer": false
                },
                {
                    "answer": false
                },
                {
                    "answer": false
                }
            ]
        ],
        "2": [
            [
                {
                    "answer": true
                }
            ],
            [
                {
                    "answer": false
                }
            ],
            [
                {
                    "answer": true
                }
            ]
        ],
        "3": {
            "answer": "Vollständig"
        },
        "4": {
            "answer": "Sehr"
        }
    },
    "PSP_01": {
        "1": [
            [
                {
                    "answer": 2
                },
                {
                    "answer": true
                },
                {
                    "answer": 2
                },
                {
                    "answer": ""
                },
                {
                    "answer": ""
                },
                {
                    "answer": ""
                },
                {
                    "answer": 2
                }
            ],
            [
                {
                    "answer": 2
                },
                {
                    "answer": true
                },
                {
                    "answer": 1
                },
                {
                    "answer": ""
                },
                {
                    "answer": 1
                },
                {
                    "answer": ""
                },
                {
                    "answer": 1
                }
            ],
            [
                {
                    "answer": 0
                },
                {
                    "answer": false
                },
                {
                    "answer": ""
                },
                {
                    "answer": ""
                },
                {
                    "answer": ""
                },
                {
                    "answer": ""
                },
                {
                    "answer": ""
                }
            ],
            [
                {
                    "answer": 0
                },
                {
                    "answer": false
                },
                {
                    "answer": ""
                },
                {
                    "answer": ""
                },
                {
                    "answer": ""
                },
                {
                    "answer": ""
                },
                {
                    "answer": ""
                }
            ],
            [
                {
                    "answer": 1
                },
                {
                    "answer": false
                },
                {
                    "answer": ""
                },
                {
                    "answer": ""
                },
                {
                    "answer": ""
                },
                {
                    "answer": ""
                },
                {
                    "answer": ""
                }
            ],
            [
                {
                    "answer": 0
                },
                {
                    "answer": false
                },
                {
                    "answer": ""
                },
                {
                    "answer": ""
                },
                {
                    "answer": ""
                },
                {
                    "answer": ""
                },
                {
                    "answer": ""
                }
            ]
        ],
        "2": {
            "answer": "Zwischen 49h und 70h/Woche"
        },
        "3": {
            "answer": "Ja"
        },
        "4": {
            "answer": "Ja, er/sie konnte sich frei entscheiden."
        },
        "5": [
            [
                {
                    "answer": true
                },
                {
                    "answer": "kochen,kinderbetreung"
                }
            ],
            [
                {
                    "answer": false
                },
                {
                    "answer": ""
                }
            ]
        ],
        "6": {
            "answer": "Sehr"
        },
        "7": {
            "answer": "Mittelmäßig"
        }
    },
    "PSP_04": {
        "1": {
            "answer": "Ja"
        },
        "2": [
            [
                {
                    "answer": false
                },
                {
                    "answer": ""
                }
            ],
            [
                {
                    "answer": false
                },
                {
                    "answer": ""
                }
            ],
            [
                {
                    "answer": false
                },
                {
                    "answer": ""
                }
            ],
            [
                {
                    "answer": false
                },
                {
                    "answer": ""
                }
            ],
            [
                {
                    "answer": false
                },
                {
                    "answer": ""
                }
            ],
            [
                {
                    "answer": false
                },
                {
                    "answer": ""
                }
            ],
            [
                {
                    "answer": false
                },
                {
                    "answer": ""
                }
            ],
            [
                {
                    "answer": false
                },
                {
                    "answer": ""
                }
            ],
            [
                {
                    "answer": false
                },
                {
                    "answer": ""
                }
            ],
            [
                {
                    "answer": false
                },
                {
                    "answer": ""
                }
            ],
            [
                {
                    "answer": false
                },
                {
                    "answer": ""
                }
            ],
            [
                {
                    "answer": false
                },
                {
                    "answer": ""
                }
            ],
            [
                {
                    "answer": false
                },
                {
                    "answer": ""
                }
            ],
            [
                {
                    "answer": false
                },
                {
                    "answer": ""
                }
            ],
            [
                {
                    "answer": false
                },
                {
                    "answer": ""
                }
            ],
            [
                {
                    "answer": false
                },
                {
                    "answer": ""
                }
            ],
            [
                {
                    "answer": false
                },
                {
                    "answer": ""
                }
            ],
            [
                {
                    "answer": false
                },
                {
                    "answer": ""
                }
            ],
            [
                {
                    "answer": false
                },
                {
                    "answer": ""
                }
            ],
            [
                {
                    "answer": false
                },
                {
                    "answer": ""
                }
            ],
            [
                {
                    "answer": false
                },
                {
                    "answer": ""
                }
            ],
            [
                {
                    "answer": false
                },
                {
                    "answer": ""
                }
            ],
            [
                {
                    "answer": false
                },
                {
                    "answer": ""
                }
            ],
            [
                {
                    "answer": false
                },
                {
                    "answer": ""
                }
            ],
            [
                {
                    "answer": false
                },
                {
                    "answer": ""
                }
            ],
            [
                {
                    "answer": false
                },
                {
                    "answer": ""
                }
            ],
            [
                {
                    "answer": false
                },
                {
                    "answer": ""
                }
            ],
            [
                {
                    "answer": false
                },
                {
                    "answer": ""
                }
            ],
            [
                {
                    "answer": false
                },
                {
                    "answer": ""
                }
            ],
            [
                {
                    "answer": false
                },
                {
                    "answer": ""
                }
            ],
            [
                {
                    "answer": true
                },
                {
                    "answer": ""
                }
            ],
            [
                {
                    "answer": false
                },
                {
                    "answer": ""
                }
            ]
        ],
        "3": {
            "answer": "Ja",
            "comment": ""
        },
        "4": [
            [
                {
                    "answer": true
                }
            ],
            [
                {
                    "answer": true
                }
            ],
            [
                {
                    "answer": true
                }
            ],
            [
                {
                    "answer": false
                }
            ]
        ],
        "5": {
            "answer": "Beinahe völlig"
        },
        "6": {
            "answer": "Ziemlich"
        }
    },
    "PSP_05": {
        "1": {
            "answer": "Nein"
        },
        "2": [
            [
                {
                    "answer": ""
                },
                {
                    "answer": ""
                },
                {
                    "answer": false
                }
            ],
            [
                {
                    "answer": ""
                },
                {
                    "answer": ""
                },
                {
                    "answer": false
                }
            ],
            [
                {
                    "answer": ""
                },
                {
                    "answer": ""
                },
                {
                    "answer": false
                }
            ],
            [
                {
                    "answer": ""
                },
                {
                    "answer": ""
                },
                {
                    "answer": false
                }
            ],
            [
                {
                    "answer": ""
                },
                {
                    "answer": ""
                },
                {
                    "answer": false
                }
            ],
            [
                {
                    "answer": ""
                },
                {
                    "answer": ""
                },
                {
                    "answer": false
                }
            ],
            [
                {
                    "answer": ""
                },
                {
                    "answer": ""
                },
                {
                    "answer": false
                }
            ],
            [
                {
                    "answer": ""
                },
                {
                    "answer": ""
                },
                {
                    "answer": false
                }
            ]
        ],
        "3": [],
        "4": []
    },
    "PSP_07": {
        "1": [
            [
                {
                    "answer": false
                }
            ],
            [
                {
                    "answer": false
                }
            ],
            [
                {
                    "answer": false
                }
            ],
            [
                {
                    "answer": false
                }
            ],
            [
                {
                    "answer": false
                }
            ],
            [
                {
                    "answer": false
                }
            ],
            [
                {
                    "answer": false
                }
            ],
            [
                {
                    "answer": false
                }
            ]
        ],
        "2": {
            "answer": ""
        },
        "3": {
            "answer": ""
        },
        "4": [],
        "5": [],
        "6": [],
        "7": [],
        "8": []
    },
    "PSP_03": {
        "1": {
            "answer": "Nein"
        },
        "2": [
            [
                {
                    "answer": ""
                },
                {
                    "answer": ""
                },
                {
                    "answer": false
                },
                {
                    "answer": ""
                },
                {
                    "answer": ""
                }
            ],
            [
                {
                    "answer": ""
                },
                {
                    "answer": ""
                },
                {
                    "answer": false
                },
                {
                    "answer": ""
                },
                {
                    "answer": ""
                }
            ],
            [
                {
                    "answer": ""
                },
                {
                    "answer": ""
                },
                {
                    "answer": false
                },
                {
                    "answer": ""
                },
                {
                    "answer": ""
                }
            ],
            [
                {
                    "answer": ""
                },
                {
                    "answer": ""
                },
                {
                    "answer": false
                },
                {
                    "answer": ""
                },
                {
                    "answer": ""
                }
            ]
        ],
        "3": [],
        "4": []
    },
    "PSP_08": {
        "1": [
            [
                [],
                []
            ],
            [
                [],
                []
            ],
            [
                [],
                []
            ],
            [
                [],
                []
            ],
            [
                {
                    "answer": "Ja"
                },
                []
            ],
            [
                [],
                []
            ],
            [
                {
                    "answer": "Ja"
                },
                []
            ],
            [
                [],
                []
            ]
        ],
        "2": {
            "answer": "Vollständig"
        },
        "3": {
            "answer": "Ziemlich"
        },
        "4": [],
        "5": []
    },
    "PSP_09": {
        "1": {
            "answer": "Ja"
        },
        "2": {
            "answer": "solris johanniter cabertin pinotin"
        },
        "3": {
            "answer": 80
        },
        "4": {
            "answer": "resistenzmanagement"
        },
        "5": {
            "answer": "Ja"
        },
        "6": {
            "answer": "Ja"
        },
        "7": {
            "answer": "gewisse alte reb und apfelsorten sind für den bioanbau nicht mehr geeignet"
        },
        "8": {
            "answer": "Nein"
        },
        "9": {
            "answer": ""
        },
        "10": {
            "answer": ""
        },
        "11": {
            "answer": ""
        },
        "12": [],
        "13": [],
        "14": {
            "answer": "Beinahe völlig"
        },
        "15": {
            "answer": "Sehr"
        }
    },
    "PSP_10": {
        "1": {
            "answer": "Nein"
        },
        "2": {
            "answer": 45
        },
        "3": {
            "answer": "Ja"
        },
        "4": {
            "answer": [
                "Lebensmittel (Menschen)"
            ]
        },
        "5": {
            "answer": "1-10 %"
        },
        "6": {
            "answer": "esche weide buche "
        },
        "7": {
            "answer": [
                "Brennholz"
            ]
        },
        "8": {
            "answer": "Mittelmäßig"
        },
        "9": {
            "answer": "Ziemlich"
        }
    },
    "PSP_11": {
        "1": {
            "answer": "Nein"
        },
        "2": {
            "answer": [
                "Frost",
                "Hagel"
            ]
        },
        "3": [
            [
                {
                    "answer": true
                },
                {
                    "answer": "zukauf"
                }
            ],
            [
                {
                    "answer": true
                },
                {
                    "answer": "frostbeihilfe staat"
                }
            ]
        ],
        "4": {
            "answer": "Nein"
        },
        "5": {
            "answer": []
        },
        "6": [
            [
                {
                    "answer": false
                },
                {
                    "answer": ""
                }
            ],
            [
                {
                    "answer": false
                },
                {
                    "answer": ""
                }
            ]
        ],
        "7": [],
        "8": []
    },
    "PSP_12": {
        "1": [
            [
                {
                    "answer": "Ja"
                }
            ],
            [
                {
                    "answer": "Ja"
                }
            ],
            [
                {
                    "answer": "Ja"
                }
            ],
            [
                {
                    "answer": "Ja"
                }
            ],
            [
                {
                    "answer": "Ja"
                }
            ],
            [
                {
                    "answer": "Nein"
                }
            ],
            [
                {
                    "answer": "Ja"
                }
            ],
            [
                {
                    "answer": "Ja"
                }
            ],
            [
                {
                    "answer": "Ja"
                }
            ],
            [
                {
                    "answer": "Nein"
                }
            ],
            [
                []
            ]
        ],
        "2": {
            "answer": "Mittelmäßig"
        },
        "3": {
            "answer": "Ziemlich"
        }
    },
    "PSP_13": {
        "1": [
            [
                {
                    "answer": true
                },
                {
                    "answer": false
                }
            ],
            [
                {
                    "answer": true
                },
                {
                    "answer": false
                }
            ],
            [
                {
                    "answer": true
                },
                {
                    "answer": false
                }
            ],
            [
                {
                    "answer": true
                },
                {
                    "answer": true
                }
            ],
            [
                {
                    "answer": true
                },
                {
                    "answer": true
                }
            ],
            [
                {
                    "answer": true
                },
                {
                    "answer": true
                }
            ],
            [
                {
                    "answer": true
                },
                {
                    "answer": false
                }
            ],
            [
                {
                    "answer": true
                },
                {
                    "answer": true
                }
            ],
            [
                {
                    "answer": true
                },
                {
                    "answer": true
                }
            ],
            [
                {
                    "answer": false
                },
                {
                    "answer": false
                }
            ]
        ],
        "2": {
            "answer": "Beinahe völlig"
        },
        "3": {
            "answer": "Ziemlich"
        }
    },
    "PSP_14": {
        "1": {
            "answer": "Ja"
        },
        "2": {
            "answer": "Ja"
        },
        "3": {
            "answer": [
                "Mehr Variabilität des Niederschlags",
                "Höhere Temperaturen",
                "Früherer Frühlingsbeginn",
                "Ungewöhnliche Trockenheit"
            ]
        },
        "4": {
            "answer": "spätfrost"
        },
        "5": {
            "answer": "Ja"
        },
        "6": {
            "answer": "Ja"
        },
        "7": {
            "answer": "ist gut zugænglich und aktuell"
        },
        "8": {
            "answer": "Ja"
        },
        "9": [
            [
                {
                    "answer": false
                }
            ],
            [
                {
                    "answer": false
                }
            ],
            [
                {
                    "answer": true
                }
            ],
            [
                {
                    "answer": false
                }
            ],
            [
                {
                    "answer": true
                }
            ],
            [
                {
                    "answer": true
                }
            ],
            [
                {
                    "answer": false
                }
            ],
            [
                {
                    "answer": true
                }
            ],
            [
                {
                    "answer": false
                }
            ]
        ],
        "10": {
            "answer": "Ja"
        },
        "11": {
            "answer": "Ja"
        },
        "12": {
            "answer": "Drei Quellen oder mehr"
        },
        "13": {
            "answer": "Beinahe völlig"
        },
        "14": {
            "answer": "Sehr"
        }
    },
    "PSP_15": {
        "1": [],
        "2": {
            "answer": ""
        },
        "3": [],
        "4": []
    },
    "PSP_16": {
        "1": {
            "answer": "Ja"
        },
        "2": [
            [
                {
                    "answer": true
                }
            ],
            [
                {
                    "answer": true
                }
            ],
            [
                {
                    "answer": true
                }
            ],
            [
                {
                    "answer": false
                }
            ],
            [
                {
                    "answer": false
                }
            ],
            [
                {
                    "answer": true
                }
            ],
            [
                {
                    "answer": false
                }
            ],
            [
                {
                    "answer": false
                }
            ],
            [
                {
                    "answer": true
                }
            ],
            [
                {
                    "answer": false
                }
            ]
        ],
        "3": {
            "answer": "Beinahe völlig"
        },
        "4": {
            "answer": "Ziemlich"
        }
    },
    "PSP_17": {
        "1": [
            [
                {
                    "answer": false
                },
                {
                    "answer": false
                }
            ],
            [
                {
                    "answer": false
                },
                {
                    "answer": false
                }
            ],
            [
                {
                    "answer": false
                },
                {
                    "answer": false
                }
            ]
        ],
        "2": {
            "answer": "Nie"
        },
        "3": {
            "answer": [
                "Handschuhe"
            ]
        },
        "4": {
            "answer": [
                "Rücknahmestation (z.B. Pamira)"
            ]
        },
        "5": {
            "answer": "Überhaupt nicht"
        },
        "6": {
            "answer": "Sehr"
        }
    },
    "PSP_18": {
        "1": {
            "answer": "Nein",
            "comment": ""
        },
        "2": {
            "answer": ""
        },
        "3": {
            "answer": "Nein"
        },
        "4": {
            "answer": "Ein wenig"
        },
        "5": {
            "answer": "Mittelmäßig"
        }
    },
    "GOV_01": {
        "1": {
            "answer": "Ja"
        },
        "2": [
            [
                {
                    "answer": false
                }
            ],
            [
                {
                    "answer": true
                }
            ],
            [
                {
                    "answer": false
                }
            ],
            [
                {
                    "answer": false
                }
            ]
        ],
        "3": {
            "answer": "Nein, sie sind nicht flexibel genug."
        },
        "4": {
            "answer": "zu lange kontroll und Genehmigungsverfahren"
        },
        "5": {
            "answer": "Ja"
        },
        "6": {
            "answer": "Mittelmäßig"
        },
        "7": {
            "answer": "Ein wenig"
        }
    },
    "ENV_01": {
        "1": [
            [
                {
                    "answer": "Brunnen"
                },
                {
                    "answer": "Keine Veränderung"
                },
                {
                    "answer": ""
                }
            ],
            [
                [],
                [],
                {
                    "answer": ""
                }
            ],
            [
                [],
                [],
                {
                    "answer": ""
                }
            ],
            [
                [],
                [],
                {
                    "answer": ""
                }
            ],
            [
                [],
                [],
                {
                    "answer": ""
                }
            ]
        ],
        "2": {
            "answer": "Vollständig"
        },
        "3": {
            "answer": "Ein wenig"
        }
    },
    "ENV_02": {
        "1": {
            "answer": [
                "Mulchen"
            ]
        },
        "2": {
            "answer": "Mehr oder weniger viel"
        },
        "3": {
            "answer": "Überhaupt nicht"
        }
    },
    "ENV_03": {
        "1": [
            [
                {
                    "answer": true
                },
                {
                    "answer": "allgemeine Rückstände aus Pharma und konventioneller Landwirtschaft"
                }
            ],
            [
                {
                    "answer": false
                },
                {
                    "answer": ""
                }
            ],
            [
                {
                    "answer": false
                },
                {
                    "answer": ""
                }
            ],
            [
                {
                    "answer": false
                },
                {
                    "answer": ""
                }
            ],
            [
                {
                    "answer": false
                },
                {
                    "answer": ""
                }
            ],
            [
                {
                    "answer": false
                },
                {
                    "answer": ""
                }
            ]
        ],
        "2": {
            "answer": "Vollständig"
        },
        "3": {
            "answer": "Vollständig"
        },
        "4": {
            "answer": "Vollständig"
        },
        "5": {
            "answer": "Sehr"
        }
    },
    "ENV_04": {
        "1": [
            [
                {
                    "answer": 6
                },
                {
                    "answer": 8
                },
                {
                    "answer": ""
                },
                {
                    "answer": ""
                }
            ],
            [
                {
                    "answer": ""
                },
                {
                    "answer": ""
                },
                {
                    "answer": ""
                },
                {
                    "answer": ""
                }
            ],
            [
                {
                    "answer": ""
                },
                {
                    "answer": ""
                },
                {
                    "answer": ""
                },
                {
                    "answer": ""
                }
            ]
        ],
        "2": {
            "answer": 14
        },
        "3": {
            "answer": 25
        },
        "4": {
            "answer": "Vollständig"
        },
        "5": {
            "answer": "Mittelmäßig"
        }
    },
    "ENV_05": {
        "1": {
            "answer": 3
        },
        "2": {
            "answer": [
                "Sandig",
                "Lehmig",
                "Steinig"
            ]
        },
        "3": {
            "answer": "Sehr"
        },
        "4": {
            "answer": "Ja"
        },
        "5": {
            "answer": "Sehr"
        },
        "6": {
            "answer": "Sehr"
        },
        "7": {
            "answer": "Nein"
        },
        "8": {
            "answer": ""
        },
        "9": {
            "answer": "Ja"
        },
        "10": []
    },
    "ENV_06": {
        "1": [
            [
                {
                    "answer": true
                },
                {
                    "answer": ""
                }
            ],
            [
                {
                    "answer": false
                },
                {
                    "answer": ""
                }
            ],
            [
                {
                    "answer": true
                },
                {
                    "answer": ""
                }
            ],
            [
                {
                    "answer": false
                },
                {
                    "answer": ""
                }
            ],
            [
                {
                    "answer": false
                },
                {
                    "answer": ""
                }
            ],
            [
                {
                    "answer": false
                },
                {
                    "answer": ""
                }
            ],
            [
                {
                    "answer": true
                },
                {
                    "answer": ""
                }
            ],
            [
                {
                    "answer": false
                },
                {
                    "answer": ""
                }
            ],
            [
                {
                    "answer": true
                },
                {
                    "answer": ""
                }
            ],
            [
                {
                    "answer": false
                },
                {
                    "answer": ""
                }
            ],
            [
                {
                    "answer": true
                },
                {
                    "answer": ""
                }
            ],
            [
                {
                    "answer": true
                },
                {
                    "answer": ""
                }
            ],
            [
                {
                    "answer": false
                },
                {
                    "answer": ""
                }
            ],
            [
                {
                    "answer": false
                },
                {
                    "answer": ""
                }
            ],
            [
                {
                    "answer": false
                },
                {
                    "answer": ""
                }
            ],
            [
                {
                    "answer": true
                },
                {
                    "answer": "leguminoseneinsaat"
                }
            ]
        ],
        "2": {
            "answer": "Beinahe völlig"
        },
        "3": {
            "answer": "Sehr"
        }
    },
    "ENV_07": {
        "1": [],
        "2": {
            "answer": ""
        },
        "3": [],
        "4": {
            "answer": "Sehr"
        }
    },
    "ENV_08": {
        "1": {
            "answer": "Überhaupt nicht"
        },
        "2": {
            "answer": "Überhaupt nicht"
        },
        "3": {
            "answer": "Überhaupt nicht"
        }
    },
    "ENV_09": {
        "1": [
            [
                {
                    "answer": true
                },
                {
                    "answer": false
                },
                {
                    "answer": false
                }
            ],
            [
                {
                    "answer": false
                },
                {
                    "answer": false
                },
                {
                    "answer": false
                }
            ],
            [
                {
                    "answer": false
                },
                {
                    "answer": true
                },
                {
                    "answer": false
                }
            ],
            [
                {
                    "answer": true
                },
                {
                    "answer": false
                },
                {
                    "answer": false
                }
            ],
            [
                {
                    "answer": false
                },
                {
                    "answer": false
                },
                {
                    "answer": false
                }
            ],
            [
                {
                    "answer": false
                },
                {
                    "answer": false
                },
                {
                    "answer": false
                }
            ],
            [
                {
                    "answer": false
                },
                {
                    "answer": false
                },
                {
                    "answer": false
                }
            ],
            [
                {
                    "answer": false
                },
                {
                    "answer": false
                },
                {
                    "answer": false
                }
            ],
            [
                {
                    "answer": false
                },
                {
                    "answer": false
                },
                {
                    "answer": false
                }
            ],
            [
                {
                    "answer": false
                },
                {
                    "answer": false
                },
                {
                    "answer": false
                }
            ],
            [
                {
                    "answer": false
                },
                {
                    "answer": false
                },
                {
                    "answer": false
                }
            ],
            [
                {
                    "answer": false
                },
                {
                    "answer": false
                },
                {
                    "answer": true
                }
            ],
            [
                {
                    "answer": false
                },
                {
                    "answer": false
                },
                {
                    "answer": false
                }
            ],
            [
                {
                    "answer": false
                },
                {
                    "answer": false
                },
                {
                    "answer": false
                }
            ],
            [
                {
                    "answer": false
                },
                {
                    "answer": false
                },
                {
                    "answer": false
                }
            ],
            [
                {
                    "answer": false
                },
                {
                    "answer": true
                },
                {
                    "answer": true
                }
            ]
        ],
        "2": {
            "answer": "Mehr als die Hälfte der Energie (51-80%) wird auf dem Betrieb produziert."
        },
        "3": {
            "answer": "Beinahe völlig"
        },
        "4": {
            "answer": "Ziemlich"
        }
    },
    "ENV_10": {
        "1": {
            "answer": "Ja"
        },
        "2": [
            [
                {
                    "answer": true
                }
            ],
            [
                {
                    "answer": false
                }
            ],
            [
                {
                    "answer": true
                }
            ],
            [
                {
                    "answer": false
                }
            ]
        ],
        "3": [],
        "4": [],
        "5": [],
        "6": [],
        "7": [],
        "8": {
            "answer": "Sehr"
        }
    },
    "ENV_11": {
        "1": [],
        "2": [],
        "3": [
            [
                {
                    "answer": true
                }
            ],
            [
                {
                    "answer": false
                }
            ],
            [
                {
                    "answer": false
                }
            ]
        ],
        "4": [],
        "5": {
            "answer": "Überhaupt nicht"
        },
        "6": [
            [
                {
                    "answer": true
                },
                {
                    "answer": ""
                },
                {
                    "answer": false
                }
            ],
            [
                {
                    "answer": true
                },
                {
                    "answer": ""
                },
                {
                    "answer": false
                }
            ],
            [
                {
                    "answer": false
                },
                {
                    "answer": ""
                },
                {
                    "answer": false
                }
            ]
        ],
        "7": {
            "answer": "Ja"
        },
        "8": {
            "answer": "Nein"
        },
        "9": [
            [
                {
                    "answer": false
                }
            ],
            [
                {
                    "answer": false
                }
            ],
            [
                {
                    "answer": true
                }
            ],
            [
                {
                    "answer": true
                }
            ],
            [
                {
                    "answer": false
                }
            ],
            [
                {
                    "answer": false
                }
            ]
        ],
        "10": {
            "answer": "Beinahe völlig"
        },
        "11": {
            "answer": "Sehr"
        }
    },
    "ENV_12": {
        "1": [
            [
                {
                    "answer": false
                }
            ],
            [
                {
                    "answer": true
                }
            ],
            [
                {
                    "answer": true
                }
            ],
            [
                {
                    "answer": true
                }
            ],
            [
                {
                    "answer": false
                }
            ],
            [
                {
                    "answer": false
                }
            ],
            [
                {
                    "answer": false
                }
            ],
            [
                {
                    "answer": false
                }
            ],
            [
                {
                    "answer": false
                }
            ],
            [
                {
                    "answer": false
                }
            ]
        ],
        "2": {
            "answer": 3
        },
        "3": {
            "answer": "Neinn"
        },
        "4": {
            "answer": "Sehr"
        },
        "5": {
            "answer": "Überhaupt nicht"
        }
    },
    "SOC_01": {
        "1": {
            "answer": "Ja"
        },
        "2": [
            [
                {
                    "answer": false
                },
                [],
                []
            ],
            [
                {
                    "answer": true
                },
                {
                    "answer": "Sehr aktiv"
                },
                {
                    "answer": "Einmal die Woche"
                }
            ],
            [
                {
                    "answer": true
                },
                {
                    "answer": "Ziemlich aktiv"
                },
                {
                    "answer": "Einmal im Monat"
                }
            ],
            [
                {
                    "answer": false
                },
                [],
                []
            ],
            [
                {
                    "answer": false
                },
                [],
                []
            ],
            [
                {
                    "answer": false
                },
                [],
                []
            ],
            [
                {
                    "answer": false
                },
                [],
                []
            ],
            [
                {
                    "answer": false
                },
                [],
                []
            ],
            [
                {
                    "answer": true
                },
                {
                    "answer": "Ziemlich aktiv"
                },
                {
                    "answer": "Einmal im Monat"
                }
            ],
            [
                {
                    "answer": false
                },
                [],
                []
            ],
            [
                {
                    "answer": true
                },
                {
                    "answer": "Ziemlich aktiv"
                },
                {
                    "answer": "Einmal im Monat"
                }
            ],
            [
                {
                    "answer": true
                },
                {
                    "answer": "Sehr aktiv"
                },
                {
                    "answer": "Einmal die Woche"
                }
            ],
            [
                {
                    "answer": false
                },
                [],
                []
            ],
            [
                {
                    "answer": true
                },
                {
                    "answer": "Ziemlich aktiv"
                },
                {
                    "answer": "Einmal die Woche"
                }
            ],
            [
                {
                    "answer": false
                },
                [],
                []
            ],
            [
                {
                    "answer": false
                },
                [],
                []
            ],
            [
                {
                    "answer": false
                },
                [],
                []
            ],
            [
                {
                    "answer": false
                },
                [],
                []
            ],
            [
                {
                    "answer": false
                },
                [],
                []
            ],
            [
                {
                    "answer": false
                },
                [],
                []
            ],
            [
                {
                    "answer": false
                },
                [],
                []
            ]
        ],
        "3": [
            [
                {
                    "answer": true
                }
            ],
            [
                {
                    "answer": false
                }
            ],
            [
                {
                    "answer": true
                }
            ],
            [
                {
                    "answer": true
                }
            ],
            [
                {
                    "answer": true
                }
            ],
            [
                {
                    "answer": true
                }
            ],
            [
                {
                    "answer": true
                }
            ],
            [
                {
                    "answer": false
                }
            ]
        ],
        "4": {
            "answer": "Ja"
        },
        "5": {
            "answer": "als bioverband und bioerzeuger können alternativen angeboten werden"
        },
        "6": {
            "answer": "Ziemlich"
        },
        "7": {
            "answer": "Sehr"
        },
        "8": {
            "answer": "Ziemlich"
        },
        "9": {
            "answer": "Sehr"
        }
    },
    "SOC_02": {
        "1": [],
        "2": [],
        "3": []
    },
    "SOC_03": {
        "1": [
            [
                {
                    "answer": false
                }
            ],
            [
                {
                    "answer": false
                }
            ],
            [
                {
                    "answer": false
                }
            ],
            [
                {
                    "answer": false
                }
            ],
            [
                {
                    "answer": false
                }
            ],
            [
                {
                    "answer": true
                }
            ],
            [
                {
                    "answer": false
                }
            ],
            [
                {
                    "answer": true
                }
            ],
            [
                {
                    "answer": true
                }
            ],
            [
                {
                    "answer": false
                }
            ],
            [
                {
                    "answer": true
                }
            ]
        ],
        "2": {
            "answer": "Ja"
        },
        "3": {
            "answer": "hagelnetz"
        },
        "4": {
            "answer": "Beinahe völlig"
        },
        "5": {
            "answer": "Ja"
        },
        "6": {
            "answer": "Sehr"
        },
        "7": {
            "answer": "Mittelmäßig"
        }
    },
    "SOC_04": {
        "1": [],
        "2": [],
        "3": {
            "answer": "Mittelmäßig"
        }
    },
    "SOC_05": {
        "1": {
            "answer": "Ja"
        },
        "2": {
            "answer": "Nein"
        },
        "3": [
            [
                {
                    "answer": true
                }
            ],
            [
                {
                    "answer": true
                }
            ],
            [
                {
                    "answer": false
                }
            ],
            [
                {
                    "answer": false
                }
            ]
        ],
        "4": [
            [
                {
                    "answer": true
                }
            ],
            [
                {
                    "answer": true
                }
            ],
            [
                {
                    "answer": true
                }
            ],
            [
                {
                    "answer": true
                }
            ],
            [
                {
                    "answer": false
                }
            ]
        ],
        "5": {
            "answer": "Beinahe völlig"
        },
        "6": {
            "answer": "Sehr"
        }
    },
    "SOC_06": {
        "1": {
            "answer": "Nicht anwendbar"
        },
        "2": {
            "answer": "Ja"
        },
        "3": {
            "answer": "Nein"
        },
        "4": {
            "answer": "Mittelmäßig"
        },
        "5": {
            "answer": "Ziemlich"
        }
    },
    "EC_09": {
        "1": [
            [
                {
                    "answer": 1
                },
                {
                    "answer": ""
                }
            ],
            [
                {
                    "answer": 1
                },
                {
                    "answer": ""
                }
            ],
            [
                {
                    "answer": "Kein Besitz"
                },
                {
                    "answer": ""
                }
            ],
            [
                {
                    "answer": 2
                },
                {
                    "answer": ""
                }
            ],
            [
                {
                    "answer": 1
                },
                {
                    "answer": ""
                }
            ],
            [
                {
                    "answer": 2
                },
                {
                    "answer": ""
                }
            ],
            [
                [],
                {
                    "answer": ""
                }
            ]
        ],
        "2": {
            "answer": "Vollständig"
        },
        "3": {
            "answer": "Ziemlich"
        }
    },
    "EC_08": {
        "1": [
            [
                {
                    "answer": "Gebäude"
                },
                {
                    "answer": true
                },
                {
                    "answer": true
                },
                {
                    "answer": false
                },
                {
                    "answer": ""
                },
                {
                    "answer": false
                }
            ],
            [
                {
                    "answer": "pflanzen"
                },
                {
                    "answer": true
                },
                {
                    "answer": false
                },
                {
                    "answer": false
                },
                {
                    "answer": ""
                },
                {
                    "answer": false
                }
            ],
            [
                {
                    "answer": ""
                },
                {
                    "answer": false
                },
                {
                    "answer": false
                },
                {
                    "answer": false
                },
                {
                    "answer": ""
                },
                {
                    "answer": false
                }
            ],
            [
                {
                    "answer": ""
                },
                {
                    "answer": false
                },
                {
                    "answer": false
                },
                {
                    "answer": false
                },
                {
                    "answer": ""
                },
                {
                    "answer": false
                }
            ],
            [
                {
                    "answer": ""
                },
                {
                    "answer": false
                },
                {
                    "answer": false
                },
                {
                    "answer": false
                },
                {
                    "answer": ""
                },
                {
                    "answer": false
                }
            ],
            [
                {
                    "answer": ""
                },
                {
                    "answer": false
                },
                {
                    "answer": false
                },
                {
                    "answer": false
                },
                {
                    "answer": ""
                },
                {
                    "answer": false
                }
            ],
            [
                {
                    "answer": ""
                },
                {
                    "answer": false
                },
                {
                    "answer": false
                },
                {
                    "answer": false
                },
                {
                    "answer": ""
                },
                {
                    "answer": false
                }
            ],
            [
                {
                    "answer": ""
                },
                {
                    "answer": false
                },
                {
                    "answer": false
                },
                {
                    "answer": false
                },
                {
                    "answer": ""
                },
                {
                    "answer": false
                }
            ],
            [
                {
                    "answer": ""
                },
                {
                    "answer": false
                },
                {
                    "answer": false
                },
                {
                    "answer": false
                },
                {
                    "answer": ""
                },
                {
                    "answer": false
                }
            ],
            [
                {
                    "answer": ""
                },
                {
                    "answer": false
                },
                {
                    "answer": false
                },
                {
                    "answer": false
                },
                {
                    "answer": ""
                },
                {
                    "answer": false
                }
            ]
        ],
        "2": {
            "answer": "Mittelmäßig"
        },
        "3": {
            "answer": "Mittelmäßig"
        }
    },
    "EC_11": {
        "1": {
            "answer": 3
        },
        "2": [
            [
                {
                    "answer": "Landwirtschaftliche Produktion"
                }
            ],
            [
                {
                    "answer": "Nicht landwirtschaftliche Tätigkeiten"
                }
            ],
            [
                {
                    "answer": "Vermietung von Grundstücken"
                }
            ]
        ],
        "3": {
            "answer": "Zunahme des Profits"
        },
        "4": {
            "answer": 3
        },
        "5": {
            "answer": "Ja"
        },
        "6": {
            "answer": "Beinahe völlig"
        },
        "7": {
            "answer": "Ziemlich"
        }
    },
    "EC_12": {
        "1": [],
        "2": [],
        "3": [],
        "4": {
            "answer": "Sehr"
        }
    },
    "EC_14": {
        "1": {
            "answer": "Ja"
        },
        "2": {
            "answer": [
                "Kauf von Investitionsgütern (Land, Immobilien, etc)"
            ]
        },
        "3": {
            "answer": "Beinahe völlig"
        },
        "4": {
            "answer": "Ziemlich"
        }
    },
    "EC_01": {
        "1": {
            "answer": "Mehr als 55% Eigenkapital"
        },
        "2": {
            "answer": "Mittelmäßig"
        },
        "3": {
            "answer": "Ziemlich"
        }
    },
    "EC_15": {
        "1": {
            "answer": "Etwas Handlungsspielraum (Es gibt aber Limits)."
        },
        "2": {
            "answer": "Ja"
        },
        "3": {
            "answer": "Mittelmäßig"
        },
        "4": {
            "answer": "Mittelmäßig"
        }
    },
    "EC_10": {
        "1": [
            [
                {
                    "answer": "Arbeit"
                }
            ],
            [
                {
                    "answer": "Betriebsequipment"
                }
            ],
            [
                {
                    "answer": "Versicherungen"
                }
            ],
            [
                {
                    "answer": "Zinsen von Bankdarlehen"
                }
            ],
            [
                {
                    "answer": "Energie fürs Heizen/Beleuchtung/Maschinen"
                }
            ]
        ],
        "2": {
            "answer": "Ja"
        },
        "3": {
            "answer": "Nein"
        },
        "4": {
            "answer": "Beinahe völlig"
        },
        "5": {
            "answer": "Sehr"
        }
    },
    "EC_13": {
        "1": [
            [
                {
                    "answer": "Ja"
                }
            ],
            [
                []
            ],
            [
                {
                    "answer": "Ja"
                }
            ],
            [
                {
                    "answer": "Ja"
                }
            ],
            [
                {
                    "answer": "Ja"
                }
            ],
            [
                {
                    "answer": "Ja"
                }
            ],
            [
                {
                    "answer": "Ja"
                }
            ],
            [
                {
                    "answer": "Ja"
                }
            ],
            [
                []
            ]
        ],
        "2": {
            "answer": 5
        },
        "3": {
            "answer": "Beinahe völlig"
        },
        "4": {
            "answer": "Sehr"
        }
    },
    "EC_07": {
        "1": [
            [
                {
                    "answer": "Ja"
                }
            ],
            [
                {
                    "answer": "Ja"
                }
            ],
            [
                {
                    "answer": "Ja"
                }
            ],
            [
                {
                    "answer": "Ja"
                }
            ],
            [
                {
                    "answer": "Ja"
                }
            ],
            [
                {
                    "answer": "Ja"
                }
            ],
            [
                {
                    "answer": "Nein"
                }
            ],
            [
                {
                    "answer": "Nein"
                }
            ],
            [
                {
                    "answer": "Ja"
                }
            ],
            [
                []
            ]
        ],
        "2": {
            "answer": "Beinahe völlig"
        },
        "3": {
            "answer": "Ziemlich"
        }
    },
    "EC_06": {
        "1": [],
        "2": [],
        "3": []
    },
    "EC_03": {
        "1": [
            [
                {
                    "answer": "Ja"
                },
                {
                    "answer": "Bäume Reben"
                }
            ],
            [
                {
                    "answer": "Ja"
                },
                {
                    "answer": "pflanzenschutz"
                }
            ],
            [
                [],
                {
                    "answer": ""
                }
            ]
        ],
        "2": {
            "answer": [
                "Es beschränkt meine Flexibilität."
            ]
        },
        "3": {
            "answer": "Beinahe völlig"
        },
        "4": {
            "answer": "Mittelmäßig"
        }
    },
    "EC_04": {
        "1": [
            [
                {
                    "answer": "wein"
                },
                {
                    "answer": false
                },
                [],
                [],
                {
                    "answer": false
                }
            ],
            [
                {
                    "answer": "tafelapfel"
                },
                {
                    "answer": false
                },
                [],
                [],
                {
                    "answer": false
                }
            ],
            [
                {
                    "answer": "saft"
                },
                {
                    "answer": false
                },
                [],
                [],
                {
                    "answer": false
                }
            ],
            [
                {
                    "answer": "schnaps"
                },
                {
                    "answer": false
                },
                [],
                [],
                {
                    "answer": false
                }
            ],
            [
                {
                    "answer": ""
                },
                {
                    "answer": false
                },
                [],
                [],
                {
                    "answer": false
                }
            ],
            [
                {
                    "answer": ""
                },
                {
                    "answer": false
                },
                [],
                [],
                {
                    "answer": false
                }
            ]
        ],
        "2": {
            "answer": "Beinahe völlig"
        },
        "3": {
            "answer": "Sehr"
        }
    },
    "EC_02": {
        "1": {
            "answer": "Ja"
        },
        "2": [
            [
                {
                    "answer": "wein"
                },
                {
                    "answer": "Jede Woche"
                },
                {
                    "answer": "Sehr oft (4+ in der Woche)"
                }
            ],
            [
                {
                    "answer": "apfel"
                },
                {
                    "answer": "Jede Woche"
                },
                {
                    "answer": "Sehr oft (4+ in der Woche)"
                }
            ],
            [
                {
                    "answer": ""
                },
                [],
                []
            ],
            [
                {
                    "answer": ""
                },
                [],
                []
            ],
            [
                {
                    "answer": ""
                },
                [],
                []
            ],
            [
                {
                    "answer": ""
                },
                [],
                []
            ]
        ],
        "3": {
            "answer": 75
        },
        "4": {
            "answer": "Vollkommen"
        },
        "5": {
            "answer": "Sehr"
        }
    },
    "EC_05": {
        "1": [
            [
                {
                    "answer": "wein"
                },
                {
                    "answer": "Steigend"
                },
                {
                    "answer": ""
                }
            ],
            [
                {
                    "answer": "apfel"
                },
                {
                    "answer": "Ausreichend hoch"
                },
                {
                    "answer": ""
                }
            ],
            [
                {
                    "answer": ""
                },
                [],
                {
                    "answer": ""
                }
            ],
            [
                {
                    "answer": ""
                },
                [],
                {
                    "answer": ""
                }
            ],
            [
                {
                    "answer": ""
                },
                [],
                {
                    "answer": ""
                }
            ],
            [
                {
                    "answer": ""
                },
                [],
                {
                    "answer": ""
                }
            ]
        ],
        "2": {
            "answer": "Beinahe völlig"
        },
        "3": {
            "answer": "Mittelmäßig"
        }
    },
    "EC_16": {
        "1": [
            [
                {
                    "answer": "wein"
                },
                {
                    "answer": "Direktvermarktung"
                },
                {
                    "answer": false
                },
                [],
                [],
                [],
                [],
                []
            ],
            [
                {
                    "answer": "apel"
                },
                {
                    "answer": "Direktvermarktung"
                },
                {
                    "answer": false
                },
                [],
                [],
                [],
                [],
                []
            ],
            [
                {
                    "answer": ""
                },
                [],
                {
                    "answer": false
                },
                [],
                [],
                [],
                [],
                []
            ],
            [
                {
                    "answer": ""
                },
                [],
                {
                    "answer": false
                },
                [],
                [],
                [],
                [],
                []
            ],
            [
                {
                    "answer": ""
                },
                [],
                {
                    "answer": false
                },
                [],
                [],
                [],
                [],
                []
            ],
            [
                {
                    "answer": ""
                },
                [],
                {
                    "answer": false
                },
                [],
                [],
                [],
                [],
                []
            ]
        ],
        "2": {
            "answer": "Nicht genug"
        },
        "3": {
            "answer": "Mittelmäßig"
        },
        "4": {
            "answer": "Sehr"
        }
    },
    "meta": {
        "version": "v-1.0.4-DE",
        "filename": "uuid_6c064643-fd4a-4f83-885f-75879298c1e4_answer_13.json"
    }
}