{
    "ADM_01": {
        "1": {
            "answer": "Adelaide"
        },
        "2": {
            "answer": "hildebrand"
        },
        "3": {
            "answer": "jörg"
        },
        "4": {
            "answer": 1.14
        },
        "5": {
            "answer": "Betriebsleiter*in"
        },
        "6": {
            "answer": ""
        },
        "7": {
            "answer": "Deutschland"
        },
        "8": {
            "answer": "bawu"
        },
        "9": {
            "answer": "bodenseekreis"
        },
        "10": {
            "answer": "eriskirch"
        },
        "11": {
            "answer": ""
        },
        "12": {
            "answer": ""
        },
        "13": {
            "answer": 13.02
        },
        "14": {
            "answer": "Mann"
        },
        "15": {
            "answer": 49
        },
        "16": {
            "answer": "Pflanzenproduktion"
        },
        "17": {
            "answer": "Konventionell"
        },
        "18": {
            "answer": "11-30 ha"
        }
    },
    "PSP_02": {
        "1": [
            [
                {
                    "answer": false
                },
                {
                    "answer": false
                },
                {
                    "answer": false
                }
            ],
            [
                {
                    "answer": false
                },
                {
                    "answer": false
                },
                {
                    "answer": false
                }
            ],
            [
                {
                    "answer": false
                },
                {
                    "answer": false
                },
                {
                    "answer": false
                }
            ],
            [
                {
                    "answer": true
                },
                {
                    "answer": false
                },
                {
                    "answer": true
                }
            ],
            [
                {
                    "answer": false
                },
                {
                    "answer": false
                },
                {
                    "answer": false
                }
            ],
            [
                {
                    "answer": false
                },
                {
                    "answer": false
                },
                {
                    "answer": false
                }
            ],
            [
                {
                    "answer": true
                },
                {
                    "answer": true
                },
                {
                    "answer": false
                }
            ],
            [
                {
                    "answer": false
                },
                {
                    "answer": false
                },
                {
                    "answer": false
                }
            ],
            [
                {
                    "answer": false
                },
                {
                    "answer": false
                },
                {
                    "answer": false
                }
            ],
            [
                {
                    "answer": false
                },
                {
                    "answer": false
                },
                {
                    "answer": false
                }
            ],
            [
                {
                    "answer": false
                },
                {
                    "answer": false
                },
                {
                    "answer": false
                }
            ],
            [
                {
                    "answer": false
                },
                {
                    "answer": false
                },
                {
                    "answer": false
                }
            ]
        ],
        "2": [
            [
                {
                    "answer": true
                }
            ],
            [
                {
                    "answer": false
                }
            ],
            [
                {
                    "answer": true
                }
            ]
        ],
        "3": {
            "answer": "Vollständig"
        },
        "4": {
            "answer": "Mittelmäßig"
        }
    },
    "PSP_01": {
        "1": [
            [
                {
                    "answer": 1
                },
                {
                    "answer": true
                },
                {
                    "answer": 1
                },
                {
                    "answer": ""
                },
                {
                    "answer": ""
                },
                {
                    "answer": ""
                },
                {
                    "answer": 1
                }
            ],
            [
                {
                    "answer": ""
                },
                {
                    "answer": false
                },
                {
                    "answer": ""
                },
                {
                    "answer": ""
                },
                {
                    "answer": ""
                },
                {
                    "answer": ""
                },
                {
                    "answer": ""
                }
            ],
            [
                {
                    "answer": ""
                },
                {
                    "answer": false
                },
                {
                    "answer": ""
                },
                {
                    "answer": ""
                },
                {
                    "answer": ""
                },
                {
                    "answer": ""
                },
                {
                    "answer": ""
                }
            ],
            [
                {
                    "answer": ""
                },
                {
                    "answer": false
                },
                {
                    "answer": ""
                },
                {
                    "answer": ""
                },
                {
                    "answer": ""
                },
                {
                    "answer": ""
                },
                {
                    "answer": ""
                }
            ],
            [
                {
                    "answer": ""
                },
                {
                    "answer": false
                },
                {
                    "answer": ""
                },
                {
                    "answer": ""
                },
                {
                    "answer": ""
                },
                {
                    "answer": ""
                },
                {
                    "answer": ""
                }
            ],
            [
                {
                    "answer": ""
                },
                {
                    "answer": false
                },
                {
                    "answer": ""
                },
                {
                    "answer": ""
                },
                {
                    "answer": ""
                },
                {
                    "answer": ""
                },
                {
                    "answer": ""
                }
            ]
        ],
        "2": {
            "answer": "Zwischen 49h und 70h/Woche"
        },
        "3": {
            "answer": "Nein"
        },
        "4": {
            "answer": "Er/Sie konnte sich nicht frei entscheiden, aber ist glücklich mit dem Beruf."
        },
        "5": [
            [
                {
                    "answer": false
                },
                {
                    "answer": ""
                }
            ],
            [
                {
                    "answer": false
                },
                {
                    "answer": ""
                }
            ]
        ],
        "6": {
            "answer": "Sehr"
        },
        "7": {
            "answer": "Ein wenig"
        }
    },
    "PSP_04": {
        "1": [],
        "2": [
            [
                {
                    "answer": false
                },
                {
                    "answer": ""
                }
            ],
            [
                {
                    "answer": false
                },
                {
                    "answer": ""
                }
            ],
            [
                {
                    "answer": false
                },
                {
                    "answer": ""
                }
            ],
            [
                {
                    "answer": false
                },
                {
                    "answer": ""
                }
            ],
            [
                {
                    "answer": false
                },
                {
                    "answer": ""
                }
            ],
            [
                {
                    "answer": false
                },
                {
                    "answer": ""
                }
            ],
            [
                {
                    "answer": false
                },
                {
                    "answer": ""
                }
            ],
            [
                {
                    "answer": false
                },
                {
                    "answer": ""
                }
            ],
            [
                {
                    "answer": false
                },
                {
                    "answer": ""
                }
            ],
            [
                {
                    "answer": false
                },
                {
                    "answer": ""
                }
            ],
            [
                {
                    "answer": false
                },
                {
                    "answer": ""
                }
            ],
            [
                {
                    "answer": false
                },
                {
                    "answer": ""
                }
            ],
            [
                {
                    "answer": false
                },
                {
                    "answer": ""
                }
            ],
            [
                {
                    "answer": false
                },
                {
                    "answer": ""
                }
            ],
            [
                {
                    "answer": false
                },
                {
                    "answer": ""
                }
            ],
            [
                {
                    "answer": false
                },
                {
                    "answer": ""
                }
            ],
            [
                {
                    "answer": false
                },
                {
                    "answer": ""
                }
            ],
            [
                {
                    "answer": false
                },
                {
                    "answer": ""
                }
            ],
            [
                {
                    "answer": false
                },
                {
                    "answer": ""
                }
            ],
            [
                {
                    "answer": false
                },
                {
                    "answer": ""
                }
            ],
            [
                {
                    "answer": false
                },
                {
                    "answer": ""
                }
            ],
            [
                {
                    "answer": false
                },
                {
                    "answer": ""
                }
            ],
            [
                {
                    "answer": false
                },
                {
                    "answer": ""
                }
            ],
            [
                {
                    "answer": false
                },
                {
                    "answer": ""
                }
            ],
            [
                {
                    "answer": false
                },
                {
                    "answer": ""
                }
            ],
            [
                {
                    "answer": false
                },
                {
                    "answer": ""
                }
            ],
            [
                {
                    "answer": false
                },
                {
                    "answer": ""
                }
            ],
            [
                {
                    "answer": false
                },
                {
                    "answer": ""
                }
            ],
            [
                {
                    "answer": false
                },
                {
                    "answer": ""
                }
            ],
            [
                {
                    "answer": false
                },
                {
                    "answer": ""
                }
            ],
            [
                {
                    "answer": false
                },
                {
                    "answer": ""
                }
            ],
            [
                {
                    "answer": false
                },
                {
                    "answer": ""
                }
            ]
        ],
        "3": {
            "answer": "Ja",
            "comment": ""
        },
        "4": [
            [
                {
                    "answer": false
                }
            ],
            [
                {
                    "answer": true
                }
            ],
            [
                {
                    "answer": false
                }
            ],
            [
                {
                    "answer": false
                }
            ]
        ],
        "5": {
            "answer": "Beinahe völlig"
        },
        "6": {
            "answer": "Ein wenig"
        }
    },
    "PSP_05": {
        "1": {
            "answer": "Nein"
        },
        "2": [
            [
                {
                    "answer": ""
                },
                {
                    "answer": ""
                },
                {
                    "answer": false
                }
            ],
            [
                {
                    "answer": ""
                },
                {
                    "answer": ""
                },
                {
                    "answer": false
                }
            ],
            [
                {
                    "answer": ""
                },
                {
                    "answer": ""
                },
                {
                    "answer": false
                }
            ],
            [
                {
                    "answer": ""
                },
                {
                    "answer": ""
                },
                {
                    "answer": false
                }
            ],
            [
                {
                    "answer": ""
                },
                {
                    "answer": ""
                },
                {
                    "answer": false
                }
            ],
            [
                {
                    "answer": ""
                },
                {
                    "answer": ""
                },
                {
                    "answer": false
                }
            ],
            [
                {
                    "answer": ""
                },
                {
                    "answer": ""
                },
                {
                    "answer": false
                }
            ],
            [
                {
                    "answer": ""
                },
                {
                    "answer": ""
                },
                {
                    "answer": false
                }
            ]
        ],
        "3": [],
        "4": []
    },
    "PSP_07": {
        "1": [
            [
                {
                    "answer": false
                }
            ],
            [
                {
                    "answer": false
                }
            ],
            [
                {
                    "answer": false
                }
            ],
            [
                {
                    "answer": false
                }
            ],
            [
                {
                    "answer": false
                }
            ],
            [
                {
                    "answer": false
                }
            ],
            [
                {
                    "answer": false
                }
            ],
            [
                {
                    "answer": false
                }
            ]
        ],
        "2": {
            "answer": ""
        },
        "3": {
            "answer": ""
        },
        "4": [],
        "5": [],
        "6": [],
        "7": [],
        "8": []
    },
    "PSP_03": {
        "1": {
            "answer": "Nein"
        },
        "2": [
            [
                {
                    "answer": ""
                },
                {
                    "answer": ""
                },
                {
                    "answer": false
                },
                {
                    "answer": ""
                },
                {
                    "answer": ""
                }
            ],
            [
                {
                    "answer": ""
                },
                {
                    "answer": ""
                },
                {
                    "answer": false
                },
                {
                    "answer": ""
                },
                {
                    "answer": ""
                }
            ],
            [
                {
                    "answer": ""
                },
                {
                    "answer": ""
                },
                {
                    "answer": false
                },
                {
                    "answer": ""
                },
                {
                    "answer": ""
                }
            ],
            [
                {
                    "answer": ""
                },
                {
                    "answer": ""
                },
                {
                    "answer": false
                },
                {
                    "answer": ""
                },
                {
                    "answer": ""
                }
            ]
        ],
        "3": [],
        "4": []
    },
    "PSP_08": {
        "1": [
            [
                [],
                []
            ],
            [
                [],
                []
            ],
            [
                [],
                []
            ],
            [
                [],
                []
            ],
            [
                {
                    "answer": "Ja"
                },
                []
            ],
            [
                [],
                []
            ],
            [
                [],
                []
            ],
            [
                [],
                []
            ]
        ],
        "2": {
            "answer": "Vollständig"
        },
        "3": {
            "answer": "Überhaupt nicht"
        },
        "4": [],
        "5": []
    },
    "PSP_09": {
        "1": {
            "answer": "Nein"
        },
        "2": {
            "answer": ""
        },
        "3": {
            "answer": ""
        },
        "4": {
            "answer": ""
        },
        "5": {
            "answer": "Ich weiß es nicht."
        },
        "6": {
            "answer": "Nein"
        },
        "7": {
            "answer": ""
        },
        "8": [],
        "9": {
            "answer": ""
        },
        "10": {
            "answer": ""
        },
        "11": {
            "answer": ""
        },
        "12": [],
        "13": [],
        "14": {
            "answer": "Überhaupt nicht"
        },
        "15": {
            "answer": "Überhaupt nicht"
        }
    },
    "PSP_10": {
        "1": {
            "answer": "Nein"
        },
        "2": {
            "answer": ""
        },
        "3": [],
        "4": {
            "answer": []
        },
        "5": {
            "answer": "1-10 %"
        },
        "6": {
            "answer": ""
        },
        "7": {
            "answer": [
                "Anderes (Bitte spezifizieren):"
            ]
        },
        "8": [],
        "9": {
            "answer": "Überhaupt nicht"
        }
    },
    "PSP_11": {
        "1": {
            "answer": "Ja"
        },
        "2": {
            "answer": [
                "Frost",
                "Hagel"
            ]
        },
        "3": [
            [
                {
                    "answer": false
                },
                {
                    "answer": ""
                }
            ],
            [
                {
                    "answer": true
                },
                {
                    "answer": "Hagelversicherung, frosthilfe"
                }
            ]
        ],
        "4": {
            "answer": "Nein"
        },
        "5": {
            "answer": []
        },
        "6": [
            [
                {
                    "answer": false
                },
                {
                    "answer": ""
                }
            ],
            [
                {
                    "answer": false
                },
                {
                    "answer": ""
                }
            ]
        ],
        "7": {
            "answer": "Vollständig"
        },
        "8": {
            "answer": "Ziemlich"
        }
    },
    "PSP_12": {
        "1": [
            [
                {
                    "answer": "Ja"
                }
            ],
            [
                {
                    "answer": "Nein"
                }
            ],
            [
                {
                    "answer": "Ja"
                }
            ],
            [
                {
                    "answer": "Ja"
                }
            ],
            [
                {
                    "answer": "Ja"
                }
            ],
            [
                {
                    "answer": "Nein"
                }
            ],
            [
                {
                    "answer": "Ja"
                }
            ],
            [
                {
                    "answer": "Ja"
                }
            ],
            [
                {
                    "answer": "Nein"
                }
            ],
            [
                {
                    "answer": "Nicht anwendbar"
                }
            ],
            [
                []
            ]
        ],
        "2": {
            "answer": "Überhaupt nicht"
        },
        "3": {
            "answer": "Ziemlich"
        }
    },
    "PSP_13": {
        "1": [
            [
                {
                    "answer": true
                },
                {
                    "answer": true
                }
            ],
            [
                {
                    "answer": false
                },
                {
                    "answer": false
                }
            ],
            [
                {
                    "answer": true
                },
                {
                    "answer": true
                }
            ],
            [
                {
                    "answer": true
                },
                {
                    "answer": true
                }
            ],
            [
                {
                    "answer": true
                },
                {
                    "answer": false
                }
            ],
            [
                {
                    "answer": true
                },
                {
                    "answer": false
                }
            ],
            [
                {
                    "answer": true
                },
                {
                    "answer": true
                }
            ],
            [
                {
                    "answer": true
                },
                {
                    "answer": true
                }
            ],
            [
                {
                    "answer": true
                },
                {
                    "answer": false
                }
            ],
            [
                {
                    "answer": false
                },
                {
                    "answer": false
                }
            ]
        ],
        "2": {
            "answer": "Vollständig"
        },
        "3": {
            "answer": "Ziemlich"
        }
    },
    "PSP_14": {
        "1": {
            "answer": "Ja"
        },
        "2": {
            "answer": "Ja"
        },
        "3": {
            "answer": [
                "Mehr Variabilität des Niederschlags",
                "Früherer Frühlingsbeginn"
            ]
        },
        "4": {
            "answer": "ja, muss umstellen auf einfacheres betriebssystem"
        },
        "5": {
            "answer": "Ja"
        },
        "6": {
            "answer": "Ja"
        },
        "7": {
            "answer": "jein"
        },
        "8": {
            "answer": "Ja"
        },
        "9": [
            [
                {
                    "answer": false
                }
            ],
            [
                {
                    "answer": true
                }
            ],
            [
                {
                    "answer": false
                }
            ],
            [
                {
                    "answer": true
                }
            ],
            [
                {
                    "answer": true
                }
            ],
            [
                {
                    "answer": false
                }
            ],
            [
                {
                    "answer": false
                }
            ],
            [
                {
                    "answer": true
                }
            ],
            [
                {
                    "answer": false
                }
            ]
        ],
        "10": {
            "answer": "Ja"
        },
        "11": {
            "answer": "Nein"
        },
        "12": {
            "answer": "Drei Quellen oder mehr"
        },
        "13": {
            "answer": "Vollständig"
        },
        "14": {
            "answer": "Sehr"
        }
    },
    "PSP_15": {
        "1": [],
        "2": {
            "answer": ""
        },
        "3": [],
        "4": []
    },
    "PSP_16": {
        "1": {
            "answer": "Ja"
        },
        "2": [
            [
                {
                    "answer": false
                }
            ],
            [
                {
                    "answer": false
                }
            ],
            [
                {
                    "answer": true
                }
            ],
            [
                {
                    "answer": true
                }
            ],
            [
                {
                    "answer": false
                }
            ],
            [
                {
                    "answer": true
                }
            ],
            [
                {
                    "answer": false
                }
            ],
            [
                {
                    "answer": false
                }
            ],
            [
                {
                    "answer": false
                }
            ],
            [
                {
                    "answer": false
                }
            ]
        ],
        "3": {
            "answer": "Mittelmäßig"
        },
        "4": {
            "answer": "Sehr"
        }
    },
    "PSP_17": {
        "1": [
            [
                {
                    "answer": true
                },
                {
                    "answer": true
                }
            ],
            [
                {
                    "answer": true
                },
                {
                    "answer": true
                }
            ],
            [
                {
                    "answer": true
                },
                {
                    "answer": true
                }
            ]
        ],
        "2": {
            "answer": "Nie"
        },
        "3": {
            "answer": []
        },
        "4": {
            "answer": [
                "Rücknahmestation (z.B. Pamira)"
            ]
        },
        "5": {
            "answer": "Mittelmäßig"
        },
        "6": {
            "answer": "Sehr"
        }
    },
    "PSP_18": {
        "1": {
            "answer": "Nein",
            "comment": ""
        },
        "2": {
            "answer": ""
        },
        "3": [],
        "4": [],
        "5": []
    },
    "GOV_01": {
        "1": {
            "answer": "Ja"
        },
        "2": [
            [
                {
                    "answer": false
                }
            ],
            [
                {
                    "answer": true
                }
            ],
            [
                {
                    "answer": true
                }
            ],
            [
                {
                    "answer": false
                }
            ]
        ],
        "3": {
            "answer": "Nein, sie sind nicht flexibel genug."
        },
        "4": {
            "answer": ""
        },
        "5": {
            "answer": "Nein"
        },
        "6": {
            "answer": "Mittelmäßig"
        },
        "7": {
            "answer": "Mittelmäßig"
        }
    },
    "ENV_01": {
        "1": [
            [
                [],
                [],
                {
                    "answer": ""
                }
            ],
            [
                [],
                [],
                {
                    "answer": ""
                }
            ],
            [
                [],
                [],
                {
                    "answer": ""
                }
            ],
            [
                [],
                [],
                {
                    "answer": ""
                }
            ],
            [
                [],
                [],
                {
                    "answer": ""
                }
            ]
        ],
        "2": [],
        "3": []
    },
    "ENV_02": {
        "1": {
            "answer": []
        },
        "2": [],
        "3": []
    },
    "ENV_03": {
        "1": [
            [
                {
                    "answer": false
                },
                {
                    "answer": ""
                }
            ],
            [
                {
                    "answer": false
                },
                {
                    "answer": ""
                }
            ],
            [
                {
                    "answer": false
                },
                {
                    "answer": ""
                }
            ],
            [
                {
                    "answer": false
                },
                {
                    "answer": ""
                }
            ],
            [
                {
                    "answer": false
                },
                {
                    "answer": ""
                }
            ],
            [
                {
                    "answer": false
                },
                {
                    "answer": ""
                }
            ]
        ],
        "2": [],
        "3": [],
        "4": [],
        "5": []
    },
    "ENV_04": {
        "1": [
            [
                {
                    "answer": 16
                },
                {
                    "answer": 2
                },
                {
                    "answer": ""
                },
                {
                    "answer": ""
                }
            ],
            [
                {
                    "answer": ""
                },
                {
                    "answer": ""
                },
                {
                    "answer": ""
                },
                {
                    "answer": ""
                }
            ],
            [
                {
                    "answer": 2
                },
                {
                    "answer": ""
                },
                {
                    "answer": ""
                },
                {
                    "answer": ""
                }
            ]
        ],
        "2": {
            "answer": 20
        },
        "3": {
            "answer": ""
        },
        "4": {
            "answer": "Vollständig"
        },
        "5": {
            "answer": "Sehr"
        }
    },
    "ENV_05": {
        "1": {
            "answer": "endmoräne"
        },
        "2": {
            "answer": [
                "Sandig",
                "Lehmig",
                "Tonig",
                "Steinig"
            ]
        },
        "3": {
            "answer": "Ziemlich reich"
        },
        "4": {
            "answer": "Ja"
        },
        "5": {
            "answer": "Sehr"
        },
        "6": {
            "answer": "Ziemlich"
        },
        "7": {
            "answer": "Nein"
        },
        "8": {
            "answer": ""
        },
        "9": {
            "answer": "Ja"
        },
        "10": []
    },
    "ENV_06": {
        "1": [
            [
                {
                    "answer": false
                },
                {
                    "answer": ""
                }
            ],
            [
                {
                    "answer": false
                },
                {
                    "answer": ""
                }
            ],
            [
                {
                    "answer": false
                },
                {
                    "answer": ""
                }
            ],
            [
                {
                    "answer": true
                },
                {
                    "answer": ""
                }
            ],
            [
                {
                    "answer": false
                },
                {
                    "answer": ""
                }
            ],
            [
                {
                    "answer": false
                },
                {
                    "answer": ""
                }
            ],
            [
                {
                    "answer": false
                },
                {
                    "answer": ""
                }
            ],
            [
                {
                    "answer": false
                },
                {
                    "answer": ""
                }
            ],
            [
                {
                    "answer": true
                },
                {
                    "answer": ""
                }
            ],
            [
                {
                    "answer": false
                },
                {
                    "answer": ""
                }
            ],
            [
                {
                    "answer": true
                },
                {
                    "answer": ""
                }
            ],
            [
                {
                    "answer": false
                },
                {
                    "answer": ""
                }
            ],
            [
                {
                    "answer": false
                },
                {
                    "answer": ""
                }
            ],
            [
                {
                    "answer": false
                },
                {
                    "answer": ""
                }
            ],
            [
                {
                    "answer": false
                },
                {
                    "answer": ""
                }
            ],
            [
                {
                    "answer": false
                },
                {
                    "answer": ""
                }
            ]
        ],
        "2": {
            "answer": "Mittelmäßig"
        },
        "3": {
            "answer": "Sehr"
        }
    },
    "ENV_07": {
        "1": {
            "answer": "Nie"
        },
        "2": {
            "answer": ""
        },
        "3": [],
        "4": []
    },
    "ENV_08": {
        "1": {
            "answer": "Überhaupt nicht"
        },
        "2": {
            "answer": "Überhaupt nicht"
        },
        "3": []
    },
    "ENV_09": {
        "1": [
            [
                {
                    "answer": false
                },
                {
                    "answer": false
                },
                {
                    "answer": false
                }
            ],
            [
                {
                    "answer": false
                },
                {
                    "answer": false
                },
                {
                    "answer": false
                }
            ],
            [
                {
                    "answer": false
                },
                {
                    "answer": false
                },
                {
                    "answer": false
                }
            ],
            [
                {
                    "answer": true
                },
                {
                    "answer": false
                },
                {
                    "answer": false
                }
            ],
            [
                {
                    "answer": false
                },
                {
                    "answer": false
                },
                {
                    "answer": false
                }
            ],
            [
                {
                    "answer": false
                },
                {
                    "answer": false
                },
                {
                    "answer": false
                }
            ],
            [
                {
                    "answer": false
                },
                {
                    "answer": false
                },
                {
                    "answer": false
                }
            ],
            [
                {
                    "answer": false
                },
                {
                    "answer": false
                },
                {
                    "answer": false
                }
            ],
            [
                {
                    "answer": false
                },
                {
                    "answer": false
                },
                {
                    "answer": false
                }
            ],
            [
                {
                    "answer": false
                },
                {
                    "answer": false
                },
                {
                    "answer": true
                }
            ],
            [
                {
                    "answer": true
                },
                {
                    "answer": false
                },
                {
                    "answer": false
                }
            ],
            [
                {
                    "answer": false
                },
                {
                    "answer": false
                },
                {
                    "answer": true
                }
            ],
            [
                {
                    "answer": false
                },
                {
                    "answer": false
                },
                {
                    "answer": false
                }
            ],
            [
                {
                    "answer": false
                },
                {
                    "answer": false
                },
                {
                    "answer": false
                }
            ],
            [
                {
                    "answer": true
                },
                {
                    "answer": false
                },
                {
                    "answer": false
                }
            ],
            [
                {
                    "answer": false
                },
                {
                    "answer": false
                },
                {
                    "answer": false
                }
            ]
        ],
        "2": {
            "answer": "Die gesamte oder die meiste Energie kommt von externen Akteuren, 0-20% stammen aus dem eigenen Betrieb."
        },
        "3": {
            "answer": "Mittelmäßig"
        },
        "4": {
            "answer": "Sehr"
        }
    },
    "ENV_10": {
        "1": {
            "answer": "Ja"
        },
        "2": [
            [
                {
                    "answer": true
                }
            ],
            [
                {
                    "answer": false
                }
            ],
            [
                {
                    "answer": true
                }
            ],
            [
                {
                    "answer": false
                }
            ]
        ],
        "3": {
            "answer": "Nicht anwendbar"
        },
        "4": {
            "answer": "Nicht anwendbar"
        },
        "5": [],
        "6": [],
        "7": {
            "answer": "Mittelmäßig"
        },
        "8": {
            "answer": "Überhaupt nicht"
        }
    },
    "ENV_11": {
        "1": {
            "answer": "Ja"
        },
        "2": {
            "answer": "Ja"
        },
        "3": [
            [
                {
                    "answer": false
                }
            ],
            [
                {
                    "answer": false
                }
            ],
            [
                {
                    "answer": false
                }
            ]
        ],
        "4": {
            "answer": "Vollständig"
        },
        "5": {
            "answer": "Sehr"
        },
        "6": [
            [
                {
                    "answer": false
                },
                {
                    "answer": ""
                },
                {
                    "answer": false
                }
            ],
            [
                {
                    "answer": false
                },
                {
                    "answer": ""
                },
                {
                    "answer": false
                }
            ],
            [
                {
                    "answer": false
                },
                {
                    "answer": ""
                },
                {
                    "answer": false
                }
            ]
        ],
        "7": [],
        "8": [],
        "9": [
            [
                {
                    "answer": false
                }
            ],
            [
                {
                    "answer": true
                }
            ],
            [
                {
                    "answer": false
                }
            ],
            [
                {
                    "answer": false
                }
            ],
            [
                {
                    "answer": false
                }
            ],
            [
                {
                    "answer": false
                }
            ]
        ],
        "10": [],
        "11": {
            "answer": "Überhaupt nicht"
        }
    },
    "ENV_12": {
        "1": [
            [
                {
                    "answer": false
                }
            ],
            [
                {
                    "answer": true
                }
            ],
            [
                {
                    "answer": false
                }
            ],
            [
                {
                    "answer": false
                }
            ],
            [
                {
                    "answer": false
                }
            ],
            [
                {
                    "answer": true
                }
            ],
            [
                {
                    "answer": false
                }
            ],
            [
                {
                    "answer": false
                }
            ],
            [
                {
                    "answer": false
                }
            ],
            [
                {
                    "answer": false
                }
            ]
        ],
        "2": {
            "answer": "springkraut"
        },
        "3": {
            "answer": "Neinn"
        },
        "4": {
            "answer": "Mittelmäßig"
        },
        "5": {
            "answer": "Ein wenig"
        }
    },
    "SOC_01": {
        "1": {
            "answer": "Ja"
        },
        "2": [
            [
                {
                    "answer": false
                },
                [],
                []
            ],
            [
                {
                    "answer": true
                },
                {
                    "answer": "Nicht aktiv"
                },
                {
                    "answer": "Zweimal im Jahr oder weniger"
                }
            ],
            [
                {
                    "answer": true
                },
                {
                    "answer": "Nicht aktiv"
                },
                {
                    "answer": "Einmal im Monat"
                }
            ],
            [
                {
                    "answer": false
                },
                [],
                []
            ],
            [
                {
                    "answer": false
                },
                [],
                []
            ],
            [
                {
                    "answer": false
                },
                [],
                []
            ],
            [
                {
                    "answer": false
                },
                [],
                []
            ],
            [
                {
                    "answer": false
                },
                [],
                []
            ],
            [
                {
                    "answer": false
                },
                [],
                []
            ],
            [
                {
                    "answer": false
                },
                [],
                []
            ],
            [
                {
                    "answer": false
                },
                [],
                []
            ],
            [
                {
                    "answer": false
                },
                [],
                []
            ],
            [
                {
                    "answer": false
                },
                [],
                []
            ],
            [
                {
                    "answer": false
                },
                [],
                []
            ],
            [
                {
                    "answer": false
                },
                [],
                []
            ],
            [
                {
                    "answer": false
                },
                [],
                []
            ],
            [
                {
                    "answer": false
                },
                [],
                []
            ],
            [
                {
                    "answer": false
                },
                [],
                []
            ],
            [
                {
                    "answer": false
                },
                [],
                []
            ],
            [
                {
                    "answer": false
                },
                [],
                []
            ],
            [
                {
                    "answer": false
                },
                [],
                []
            ]
        ],
        "3": [
            [
                {
                    "answer": true
                }
            ],
            [
                {
                    "answer": false
                }
            ],
            [
                {
                    "answer": false
                }
            ],
            [
                {
                    "answer": false
                }
            ],
            [
                {
                    "answer": false
                }
            ],
            [
                {
                    "answer": false
                }
            ],
            [
                {
                    "answer": false
                }
            ],
            [
                {
                    "answer": true
                }
            ]
        ],
        "4": {
            "answer": "Nein"
        },
        "5": {
            "answer": ""
        },
        "6": {
            "answer": "Mittelmäßig"
        },
        "7": {
            "answer": "Ziemlich"
        },
        "8": {
            "answer": "Mittelmäßig"
        },
        "9": {
            "answer": "Ziemlich"
        }
    },
    "SOC_02": {
        "1": {
            "answer": "Ja"
        },
        "2": {
            "answer": "Vollständig"
        },
        "3": {
            "answer": "Sehr"
        }
    },
    "SOC_03": {
        "1": [
            [
                {
                    "answer": true
                }
            ],
            [
                {
                    "answer": false
                }
            ],
            [
                {
                    "answer": false
                }
            ],
            [
                {
                    "answer": false
                }
            ],
            [
                {
                    "answer": false
                }
            ],
            [
                {
                    "answer": false
                }
            ],
            [
                {
                    "answer": false
                }
            ],
            [
                {
                    "answer": true
                }
            ],
            [
                {
                    "answer": false
                }
            ],
            [
                {
                    "answer": false
                }
            ],
            [
                {
                    "answer": false
                }
            ]
        ],
        "2": {
            "answer": "Ja"
        },
        "3": {
            "answer": "betrieb extensiver, kostengünstiger gestallten"
        },
        "4": {
            "answer": "Mittelmäßig"
        },
        "5": {
            "answer": "Ja"
        },
        "6": {
            "answer": "Ziemlich"
        },
        "7": {
            "answer": "Mittelmäßig"
        }
    },
    "SOC_04": {
        "1": [],
        "2": [],
        "3": []
    },
    "SOC_05": {
        "1": {
            "answer": "Ja"
        },
        "2": {
            "answer": "Nein"
        },
        "3": [
            [
                {
                    "answer": false
                }
            ],
            [
                {
                    "answer": true
                }
            ],
            [
                {
                    "answer": false
                }
            ],
            [
                {
                    "answer": false
                }
            ]
        ],
        "4": [
            [
                {
                    "answer": true
                }
            ],
            [
                {
                    "answer": true
                }
            ],
            [
                {
                    "answer": true
                }
            ],
            [
                {
                    "answer": false
                }
            ],
            [
                {
                    "answer": false
                }
            ]
        ],
        "5": {
            "answer": "Mittelmäßig"
        },
        "6": {
            "answer": "Sehr"
        }
    },
    "SOC_06": {
        "1": {
            "answer": "Manchmal"
        },
        "2": {
            "answer": "Nein"
        },
        "3": {
            "answer": "Nein"
        },
        "4": {
            "answer": "Mittelmäßig"
        },
        "5": {
            "answer": "Sehr"
        }
    },
    "EC_09": {
        "1": [
            [
                {
                    "answer": 1
                },
                {
                    "answer": ""
                }
            ],
            [
                {
                    "answer": 2
                },
                {
                    "answer": ""
                }
            ],
            [
                {
                    "answer": "Kein Besitz"
                },
                {
                    "answer": ""
                }
            ],
            [
                {
                    "answer": 3
                },
                {
                    "answer": ""
                }
            ],
            [
                {
                    "answer": 1
                },
                {
                    "answer": ""
                }
            ],
            [
                {
                    "answer": 4
                },
                {
                    "answer": ""
                }
            ],
            [
                [],
                {
                    "answer": ""
                }
            ]
        ],
        "2": {
            "answer": "Vollständig"
        },
        "3": {
            "answer": "Sehr"
        }
    },
    "EC_08": {
        "1": [
            [
                {
                    "answer": "gebaude"
                },
                {
                    "answer": true
                },
                {
                    "answer": true
                },
                {
                    "answer": false
                },
                {
                    "answer": ""
                },
                {
                    "answer": false
                }
            ],
            [
                {
                    "answer": "Hagelversicherung"
                },
                {
                    "answer": false
                },
                {
                    "answer": false
                },
                {
                    "answer": false
                },
                {
                    "answer": ""
                },
                {
                    "answer": true
                }
            ],
            [
                {
                    "answer": "maschine"
                },
                {
                    "answer": false
                },
                {
                    "answer": false
                },
                {
                    "answer": false
                },
                {
                    "answer": ""
                },
                {
                    "answer": true
                }
            ],
            [
                {
                    "answer": "berufsunfahugkeit"
                },
                {
                    "answer": false
                },
                {
                    "answer": false
                },
                {
                    "answer": false
                },
                {
                    "answer": ""
                },
                {
                    "answer": false
                }
            ],
            [
                {
                    "answer": "krankheitsv"
                },
                {
                    "answer": false
                },
                {
                    "answer": false
                },
                {
                    "answer": false
                },
                {
                    "answer": ""
                },
                {
                    "answer": false
                }
            ],
            [
                {
                    "answer": "solaranlage"
                },
                {
                    "answer": false
                },
                {
                    "answer": false
                },
                {
                    "answer": false
                },
                {
                    "answer": ""
                },
                {
                    "answer": false
                }
            ],
            [
                {
                    "answer": "vermieter"
                },
                {
                    "answer": false
                },
                {
                    "answer": false
                },
                {
                    "answer": false
                },
                {
                    "answer": ""
                },
                {
                    "answer": false
                }
            ],
            [
                {
                    "answer": "haftpflicht"
                },
                {
                    "answer": false
                },
                {
                    "answer": false
                },
                {
                    "answer": false
                },
                {
                    "answer": ""
                },
                {
                    "answer": false
                }
            ],
            [
                {
                    "answer": ""
                },
                {
                    "answer": false
                },
                {
                    "answer": false
                },
                {
                    "answer": false
                },
                {
                    "answer": ""
                },
                {
                    "answer": false
                }
            ],
            [
                {
                    "answer": ""
                },
                {
                    "answer": false
                },
                {
                    "answer": false
                },
                {
                    "answer": false
                },
                {
                    "answer": ""
                },
                {
                    "answer": false
                }
            ]
        ],
        "2": {
            "answer": "Mittelmäßig"
        },
        "3": {
            "answer": "Sehr"
        }
    },
    "EC_11": {
        "1": {
            "answer": 3
        },
        "2": [
            [
                {
                    "answer": "Landwirtschaftliche Produktion"
                }
            ],
            [
                {
                    "answer": "Vermietung von Grundstücken"
                }
            ],
            [
                {
                    "answer": "Nicht landwirtschaftliche Tätigkeiten"
                }
            ]
        ],
        "3": {
            "answer": "Kein Defizit und kein Profit"
        },
        "4": {
            "answer": "1-2 in normalen jahren"
        },
        "5": {
            "answer": "Ja"
        },
        "6": {
            "answer": "Mittelmäßig"
        },
        "7": {
            "answer": "Sehr"
        }
    },
    "EC_12": {
        "1": {
            "answer": "Ja, das ganze Jahr"
        },
        "2": {
            "answer": "Ja"
        },
        "3": {
            "answer": "Vollständig"
        },
        "4": {
            "answer": "Überhaupt nicht"
        }
    },
    "EC_14": {
        "1": {
            "answer": "Ja"
        },
        "2": {
            "answer": [
                " auf der BBank",
                "Kauf von Investitionsgütern (Land, Immobilien, etc)",
                "Geld zu Hause"
            ]
        },
        "3": {
            "answer": "Ein wenig"
        },
        "4": {
            "answer": "Sehr"
        }
    },
    "EC_01": {
        "1": {
            "answer": "Mehr als 55% Eigenkapital"
        },
        "2": {
            "answer": "Vollständig"
        },
        "3": {
            "answer": "Sehr"
        }
    },
    "EC_15": {
        "1": {
            "answer": "Ja, viel Handlungsspielraum"
        },
        "2": {
            "answer": "Ja"
        },
        "3": {
            "answer": "Vollständig"
        },
        "4": {
            "answer": "Sehr"
        }
    },
    "EC_10": {
        "1": [
            [
                {
                    "answer": "Arbeit"
                }
            ],
            [
                {
                    "answer": "Pestizide"
                }
            ],
            [
                {
                    "answer": "Versicherungen"
                }
            ],
            [
                []
            ],
            [
                []
            ]
        ],
        "2": {
            "answer": "Nein"
        },
        "3": {
            "answer": "Nein"
        },
        "4": {
            "answer": "Vollständig"
        },
        "5": {
            "answer": "Sehr"
        }
    },
    "EC_13": {
        "1": [
            [
                {
                    "answer": "Ja"
                }
            ],
            [
                {
                    "answer": "Nicht anwendbar"
                }
            ],
            [
                {
                    "answer": "Ja"
                }
            ],
            [
                {
                    "answer": "Ja"
                }
            ],
            [
                {
                    "answer": "Ja"
                }
            ],
            [
                []
            ],
            [
                {
                    "answer": "Ja"
                }
            ],
            [
                {
                    "answer": "Ja"
                }
            ],
            [
                []
            ]
        ],
        "2": {
            "answer": "nein"
        },
        "3": {
            "answer": "Vollständig"
        },
        "4": {
            "answer": "Sehr"
        }
    },
    "EC_07": {
        "1": [
            [
                {
                    "answer": "Ja"
                }
            ],
            [
                {
                    "answer": "Ja"
                }
            ],
            [
                {
                    "answer": "Nein"
                }
            ],
            [
                {
                    "answer": "Ja"
                }
            ],
            [
                {
                    "answer": "Ja"
                }
            ],
            [
                {
                    "answer": "Ja"
                }
            ],
            [
                {
                    "answer": "Nein"
                }
            ],
            [
                {
                    "answer": "Nein"
                }
            ],
            [
                {
                    "answer": "Nein"
                }
            ],
            [
                []
            ]
        ],
        "2": {
            "answer": "Vollständig"
        },
        "3": {
            "answer": "Sehr"
        }
    },
    "EC_06": {
        "1": {
            "answer": "Manchmal"
        },
        "2": {
            "answer": "Vollständig"
        },
        "3": {
            "answer": "Ziemlich"
        }
    },
    "EC_03": {
        "1": [
            [
                {
                    "answer": "Nein"
                },
                {
                    "answer": ""
                }
            ],
            [
                {
                    "answer": "Nein"
                },
                {
                    "answer": ""
                }
            ],
            [
                {
                    "answer": "Nicht anwendbar"
                },
                {
                    "answer": ""
                }
            ]
        ],
        "2": {
            "answer": []
        },
        "3": {
            "answer": "Vollständig"
        },
        "4": {
            "answer": "Mittelmäßig"
        }
    },
    "EC_04": {
        "1": [
            [
                {
                    "answer": "apfel"
                },
                {
                    "answer": true
                },
                {
                    "answer": "Meine Flexibilität ist eingeschränkt"
                },
                {
                    "answer": "Nie"
                },
                {
                    "answer": true
                }
            ],
            [
                {
                    "answer": ""
                },
                {
                    "answer": false
                },
                [],
                [],
                {
                    "answer": false
                }
            ],
            [
                {
                    "answer": ""
                },
                {
                    "answer": false
                },
                [],
                [],
                {
                    "answer": false
                }
            ],
            [
                {
                    "answer": ""
                },
                {
                    "answer": false
                },
                [],
                [],
                {
                    "answer": false
                }
            ],
            [
                {
                    "answer": ""
                },
                {
                    "answer": false
                },
                [],
                [],
                {
                    "answer": false
                }
            ],
            [
                {
                    "answer": ""
                },
                {
                    "answer": false
                },
                [],
                [],
                {
                    "answer": false
                }
            ]
        ],
        "2": {
            "answer": "Überhaupt nicht"
        },
        "3": []
    },
    "EC_02": {
        "1": {
            "answer": "Ja"
        },
        "2": [
            [
                {
                    "answer": "apfel"
                },
                {
                    "answer": "Jede Woche"
                },
                {
                    "answer": "Nein"
                }
            ],
            [
                {
                    "answer": ""
                },
                [],
                []
            ],
            [
                {
                    "answer": ""
                },
                [],
                []
            ],
            [
                {
                    "answer": ""
                },
                [],
                []
            ],
            [
                {
                    "answer": ""
                },
                [],
                []
            ],
            [
                {
                    "answer": ""
                },
                [],
                []
            ]
        ],
        "3": {
            "answer": "1% menge preis 2%, doppekter preis"
        },
        "4": {
            "answer": "Ein wenig"
        },
        "5": {
            "answer": "Ein wenig"
        }
    },
    "EC_05": {
        "1": [
            [
                {
                    "answer": "apfel"
                },
                {
                    "answer": "Zu niedrig"
                },
                {
                    "answer": ""
                }
            ],
            [
                {
                    "answer": ""
                },
                [],
                {
                    "answer": ""
                }
            ],
            [
                {
                    "answer": ""
                },
                [],
                {
                    "answer": ""
                }
            ],
            [
                {
                    "answer": ""
                },
                [],
                {
                    "answer": ""
                }
            ],
            [
                {
                    "answer": ""
                },
                [],
                {
                    "answer": ""
                }
            ],
            [
                {
                    "answer": ""
                },
                [],
                {
                    "answer": ""
                }
            ]
        ],
        "2": {
            "answer": "Überhaupt nicht"
        },
        "3": {
            "answer": "Sehr"
        }
    },
    "EC_16": {
        "1": [
            [
                {
                    "answer": "apfel"
                },
                {
                    "answer": "Lokale Genossenschaft"
                },
                {
                    "answer": false
                },
                {
                    "answer": "Individuelle Produktionseinheit"
                },
                {
                    "answer": "Ich"
                },
                {
                    "answer": "Nein"
                },
                {
                    "answer": "Nein"
                },
                {
                    "answer": "Nein"
                }
            ],
            [
                {
                    "answer": ""
                },
                [],
                {
                    "answer": false
                },
                [],
                [],
                [],
                [],
                []
            ],
            [
                {
                    "answer": ""
                },
                [],
                {
                    "answer": false
                },
                [],
                [],
                [],
                [],
                []
            ],
            [
                {
                    "answer": ""
                },
                [],
                {
                    "answer": false
                },
                [],
                [],
                [],
                [],
                []
            ],
            [
                {
                    "answer": ""
                },
                [],
                {
                    "answer": false
                },
                [],
                [],
                [],
                [],
                []
            ],
            [
                {
                    "answer": ""
                },
                [],
                {
                    "answer": false
                },
                [],
                [],
                [],
                [],
                []
            ]
        ],
        "2": {
            "answer": "Nein"
        },
        "3": {
            "answer": "Vollständig"
        },
        "4": {
            "answer": "Sehr"
        }
    },
    "meta": {
        "version": "v-1.0.4-DE",
        "filename": "uuid_9e962327-9d00-4542-a619-1a45bd0f2e04_answer_34.json"
    }
}