{
    "ADM_01": {
        "1": {
            "answer": "helene"
        },
        "2": {
            "answer": "Jan"
        },
        "3": {
            "answer": "Dominique"
        },
        "4": {
            "answer": "helenedomicile28"
        },
        "5": {
            "answer": "Chef de l'exploitation"
        },
        "6": {
            "answer": ""
        },
        "7": {
            "answer": "Suisse"
        },
        "8": {
            "answer": "Vaud"
        },
        "9": {
            "answer": "Broye-Vully"
        },
        "10": {
            "answer": "Corcelles-près-Payerne"
        },
        "11": {
            "answer": ""
        },
        "12": {
            "answer": ""
        },
        "13": {
            "answer": 14.12
        },
        "14": {
            "answer": "Homme"
        },
        "15": {
            "answer": 42
        },
        "16": {
            "answer": "Production végétale"
        },
        "17": {
            "answer": "Exploitation conventionnelle"
        },
        "18": {
            "answer": "Moins de 5 ha"
        }
    },
    "meta": {
        "filename": "26bd24afbe6b552154f2f4c4f5faa0fe6c077c0e.json",
        "version": "v-1.0.6-FR",
        "creation-date": 1523858859,
        "client-ip": "194.230.155.230",
        "pid": 953
    },
    "PSP_02": {
        "1": [
            [
                {
                    "answer": 1
                },
                {
                    "answer": 0
                },
                {
                    "answer": ""
                }
            ],
            {
                "1": {
                    "answer": 0
                },
                "2": {
                    "answer": ""
                }
            },
            {
                "1": {
                    "answer": 0
                },
                "2": {
                    "answer": ""
                }
            },
            {
                "1": {
                    "answer": 0
                },
                "2": {
                    "answer": ""
                }
            },
            {
                "1": {
                    "answer": 0
                },
                "2": {
                    "answer": ""
                }
            },
            {
                "1": {
                    "answer": 0
                },
                "2": {
                    "answer": ""
                }
            },
            {
                "1": {
                    "answer": 0
                },
                "2": {
                    "answer": ""
                }
            },
            {
                "1": {
                    "answer": 0
                },
                "2": {
                    "answer": ""
                }
            },
            {
                "1": {
                    "answer": 0
                },
                "2": {
                    "answer": ""
                }
            },
            {
                "1": {
                    "answer": 0
                },
                "2": {
                    "answer": ""
                }
            },
            {
                "1": {
                    "answer": 0
                },
                "2": {
                    "answer": ""
                }
            },
            {
                "0": {
                    "answer": 1
                },
                "1": {
                    "answer": 0
                },
                "2": {
                    "answer": 1
                },
                "comment": "Horticulture"
            }
        ],
        "2": [
            [
                {
                    "answer": 1
                }
            ],
            [
                {
                    "answer": 0
                }
            ],
            {
                "0": {
                    "answer": 0
                },
                "comment": ""
            }
        ],
        "3": {
            "answer": "Un peu"
        },
        "4": {
            "answer": "Beaucoup"
        }
    },
    "PSP_01": {
        "1": [
            [
                {
                    "answer": 1
                },
                {
                    "answer": 1
                },
                {
                    "answer": 1
                },
                {
                    "answer": ""
                },
                {
                    "answer": 0
                },
                {
                    "answer": ""
                },
                {
                    "answer": 0
                }
            ],
            [
                {
                    "answer": ""
                },
                {
                    "answer": ""
                },
                {
                    "answer": ""
                },
                {
                    "answer": ""
                },
                {
                    "answer": ""
                },
                {
                    "answer": ""
                },
                {
                    "answer": ""
                }
            ],
            [
                {
                    "answer": ""
                },
                {
                    "answer": ""
                },
                {
                    "answer": ""
                },
                {
                    "answer": ""
                },
                {
                    "answer": ""
                },
                {
                    "answer": ""
                },
                {
                    "answer": ""
                }
            ],
            [
                {
                    "answer": ""
                },
                {
                    "answer": ""
                },
                {
                    "answer": ""
                },
                {
                    "answer": ""
                },
                {
                    "answer": ""
                },
                {
                    "answer": ""
                },
                {
                    "answer": ""
                }
            ],
            [
                {
                    "answer": ""
                },
                {
                    "answer": ""
                },
                {
                    "answer": ""
                },
                {
                    "answer": ""
                },
                {
                    "answer": ""
                },
                {
                    "answer": ""
                },
                {
                    "answer": ""
                }
            ],
            [
                {
                    "answer": ""
                },
                {
                    "answer": ""
                },
                {
                    "answer": ""
                },
                {
                    "answer": ""
                },
                {
                    "answer": ""
                },
                {
                    "answer": ""
                },
                {
                    "answer": ""
                }
            ]
        ],
        "2": {
            "answer": "Entre 42h et 50h/semaine"
        },
        "3": {
            "answer": "Non-applicable"
        },
        "4": {
            "answer": "Il n'a pas pu choisir, il a été forcé de faire une profession qu'il n'apprécie pas"
        },
        "5": [
            {
                "1": {
                    "answer": ""
                }
            },
            {
                "1": {
                    "answer": ""
                }
            }
        ],
        "6": {
            "answer": "Pas du tout"
        },
        "7": {
            "answer": "Elevée"
        }
    },
    "PSP_04": {
        "1": {
            "answer": 1
        },
        "2": [
            [
                {
                    "answer": 0
                },
                {
                    "answer": ""
                }
            ],
            [
                {
                    "answer": 0
                },
                {
                    "answer": ""
                }
            ],
            [
                {
                    "answer": 0
                },
                {
                    "answer": ""
                }
            ],
            [
                {
                    "answer": 1
                },
                {
                    "answer": 1
                }
            ],
            [
                {
                    "answer": 0
                },
                {
                    "answer": ""
                }
            ],
            [
                {
                    "answer": 0
                },
                {
                    "answer": ""
                }
            ],
            [
                {
                    "answer": 0
                },
                {
                    "answer": ""
                }
            ],
            [
                {
                    "answer": 0
                },
                {
                    "answer": ""
                }
            ],
            [
                {
                    "answer": 0
                },
                {
                    "answer": ""
                }
            ],
            [
                {
                    "answer": 0
                },
                {
                    "answer": ""
                }
            ],
            [
                {
                    "answer": 0
                },
                {
                    "answer": ""
                }
            ],
            [
                {
                    "answer": 0
                },
                {
                    "answer": ""
                }
            ],
            [
                {
                    "answer": 0
                },
                {
                    "answer": ""
                }
            ],
            [
                {
                    "answer": 0
                },
                {
                    "answer": ""
                }
            ],
            [
                {
                    "answer": 0
                },
                {
                    "answer": ""
                }
            ],
            [
                {
                    "answer": 0
                },
                {
                    "answer": ""
                }
            ],
            [
                {
                    "answer": 0
                },
                {
                    "answer": ""
                }
            ],
            [
                {
                    "answer": 0
                },
                {
                    "answer": ""
                }
            ],
            [
                {
                    "answer": 1
                },
                {
                    "answer": 1
                }
            ],
            [
                {
                    "answer": 0
                },
                {
                    "answer": ""
                }
            ],
            [
                {
                    "answer": 0
                },
                {
                    "answer": ""
                }
            ],
            [
                {
                    "answer": 0
                },
                {
                    "answer": ""
                }
            ],
            [
                {
                    "answer": 0
                },
                {
                    "answer": ""
                }
            ],
            [
                {
                    "answer": 0
                },
                {
                    "answer": ""
                }
            ],
            [
                {
                    "answer": 0
                },
                {
                    "answer": ""
                }
            ],
            [
                {
                    "answer": 0
                },
                {
                    "answer": ""
                }
            ],
            [
                {
                    "answer": 0
                },
                {
                    "answer": ""
                }
            ],
            [
                {
                    "answer": 0
                },
                {
                    "answer": ""
                }
            ],
            [
                {
                    "answer": 0
                },
                {
                    "answer": ""
                }
            ],
            [
                {
                    "answer": 0
                },
                {
                    "answer": ""
                }
            ],
            [
                {
                    "answer": 0
                },
                {
                    "answer": ""
                }
            ],
            [
                {
                    "answer": 0
                },
                {
                    "answer": ""
                }
            ],
            {
                "0": {
                    "answer": 1
                },
                "1": {
                    "answer": 1
                },
                "comment": "Herbe pour fourrages"
            }
        ],
        "3": {
            "answer": 0,
            "comment": ""
        },
        "4": [
            [
                {
                    "answer": 0
                }
            ],
            [
                {
                    "answer": 0
                }
            ],
            [
                {
                    "answer": 0
                }
            ],
            {
                "0": {
                    "answer": 0
                },
                "comment": ""
            }
        ],
        "5": {
            "answer": "Un peu"
        },
        "6": {
            "answer": "Elevée"
        }
    },
    "PSP_05": {
        "1": {
            "answer": 0
        },
        "2": [
            [
                {
                    "answer": ""
                },
                {
                    "answer": ""
                }
            ],
            [
                {
                    "answer": ""
                },
                {
                    "answer": ""
                }
            ],
            [
                {
                    "answer": ""
                },
                {
                    "answer": ""
                }
            ],
            [
                {
                    "answer": ""
                },
                {
                    "answer": ""
                }
            ],
            [
                {
                    "answer": ""
                },
                {
                    "answer": ""
                }
            ],
            [
                {
                    "answer": ""
                },
                {
                    "answer": ""
                }
            ],
            [
                {
                    "answer": ""
                },
                {
                    "answer": ""
                }
            ],
            {
                "0": {
                    "answer": ""
                },
                "1": {
                    "answer": ""
                },
                "comment": ""
            }
        ],
        "3": {
            "answer": ""
        },
        "4": {
            "answer": ""
        }
    },
    "PSP_07": {
        "1": [
            [
                {
                    "answer": 0
                }
            ],
            [
                {
                    "answer": 0
                }
            ],
            [
                {
                    "answer": 0
                }
            ],
            [
                {
                    "answer": 0
                }
            ],
            [
                {
                    "answer": 0
                }
            ],
            [
                {
                    "answer": 0
                }
            ],
            [
                {
                    "answer": 0
                }
            ],
            {
                "0": {
                    "answer": 0
                },
                "comment": ""
            }
        ],
        "2": {
            "answer": ""
        },
        "3": {
            "answer": ""
        },
        "5": {
            "answer": ""
        },
        "7": {
            "answer": ""
        },
        "8": {
            "answer": ""
        }
    },
    "PSP_03": {
        "2": [
            [
                {
                    "answer": ""
                },
                {
                    "answer": ""
                },
                {
                    "answer": 0
                },
                {
                    "answer": ""
                },
                {
                    "answer": ""
                }
            ],
            [
                {
                    "answer": ""
                },
                {
                    "answer": ""
                },
                {
                    "answer": 0
                },
                {
                    "answer": ""
                },
                {
                    "answer": ""
                }
            ],
            [
                {
                    "answer": ""
                },
                {
                    "answer": ""
                },
                {
                    "answer": 0
                },
                {
                    "answer": ""
                },
                {
                    "answer": ""
                }
            ],
            [
                {
                    "answer": ""
                },
                {
                    "answer": ""
                },
                {
                    "answer": 0
                },
                {
                    "answer": ""
                },
                {
                    "answer": ""
                }
            ]
        ],
        "3": {
            "answer": ""
        },
        "4": {
            "answer": ""
        }
    },
    "PSP_08": {
        "1": [
            [
                {
                    "answer": ""
                },
                {
                    "answer": ""
                }
            ],
            [
                {
                    "answer": ""
                },
                {
                    "answer": ""
                }
            ],
            [
                {
                    "answer": ""
                },
                {
                    "answer": ""
                }
            ],
            [
                {
                    "answer": ""
                },
                {
                    "answer": ""
                }
            ],
            [
                {
                    "answer": "Oui"
                },
                {
                    "answer": ""
                }
            ],
            [
                {
                    "answer": ""
                },
                {
                    "answer": ""
                }
            ],
            [
                {
                    "answer": ""
                },
                {
                    "answer": ""
                }
            ],
            {
                "0": {
                    "answer": ""
                },
                "1": {
                    "answer": ""
                },
                "comment": ""
            }
        ],
        "2": {
            "answer": "Beaucoup"
        },
        "3": {
            "answer": "Elevée"
        },
        "4": {
            "answer": ""
        },
        "5": {
            "answer": ""
        }
    },
    "PSP_09": {
        "1": {
            "answer": "Oui"
        },
        "2": {
            "answer": "blé golta, tabac burlhoey"
        },
        "3": {
            "answer": 100
        },
        "4": {
            "answer": "le potentiel de rendement, et résistance aux maladies"
        },
        "5": {
            "answer": "Non"
        },
        "6": {
            "answer": "Je ne sais pas"
        },
        "7": {
            "answer": ""
        },
        "9": {
            "answer": ""
        },
        "10": {
            "answer": ""
        },
        "11": {
            "answer": ""
        },
        "14": {
            "answer": ""
        },
        "15": {
            "answer": ""
        }
    },
    "PSP_11": {
        "1": {
            "answer": 1
        },
        "2": {
            "answer": [
                "Maladies (bactéries, virus, champignons, etc.)",
                "Sécheresse",
                "Inondations",
                "Grêle"
            ],
            "comment": ""
        },
        "3": [
            [
                {
                    "answer": 1
                },
                {
                    "answer": "Limiter les investissements l'année suivante"
                }
            ],
            [
                {
                    "answer": 0
                },
                {
                    "answer": ""
                }
            ]
        ],
        "5": {
            "comment": ""
        },
        "6": [
            [
                {
                    "answer": 0
                },
                {
                    "answer": ""
                }
            ],
            [
                {
                    "answer": 0
                },
                {
                    "answer": ""
                }
            ]
        ],
        "7": {
            "answer": ""
        },
        "8": {
            "answer": ""
        }
    },
    "PSP_12": {
        "1": [
            [
                {
                    "answer": "Non"
                }
            ],
            [
                {
                    "answer": "Non"
                }
            ],
            [
                {
                    "answer": "Non"
                }
            ],
            [
                {
                    "answer": "Oui"
                }
            ],
            [
                {
                    "answer": "Oui"
                }
            ],
            [
                {
                    "answer": "Oui"
                }
            ],
            [
                {
                    "answer": "Oui"
                }
            ],
            [
                {
                    "answer": "Oui"
                }
            ],
            [
                {
                    "answer": "Oui"
                }
            ],
            [
                {
                    "answer": "Pas applicable"
                }
            ],
            {
                "0": {
                    "answer": ""
                },
                "comment": ""
            }
        ],
        "2": {
            "answer": "Pas du tout"
        },
        "3": {
            "answer": "Un peu"
        }
    },
    "PSP_13": {
        "1": [
            [
                {
                    "answer": 1
                }
            ],
            [
                {
                    "answer": 1
                },
                {
                    "answer": 1
                }
            ],
            [
                {
                    "answer": 1
                }
            ],
            [
                {
                    "answer": 1
                },
                {
                    "answer": 1
                }
            ],
            [
                {
                    "answer": 1
                }
            ],
            [
                {
                    "answer": 1
                },
                {
                    "answer": 1
                }
            ],
            [
                {
                    "answer": 1
                }
            ],
            [
                {
                    "answer": 1
                },
                {
                    "answer": 1
                }
            ],
            [
                {
                    "answer": 1
                },
                {
                    "answer": 1
                }
            ],
            [
                {
                    "answer": 1
                },
                {
                    "answer": 1
                }
            ],
            {
                "0": {
                    "answer": 0
                },
                "comment": ""
            }
        ],
        "2": {
            "answer": "Complètement"
        },
        "3": {
            "answer": "Beaucoup"
        }
    },
    "PSP_14": {
        "1": {
            "answer": 1
        },
        "2": {
            "answer": 1
        },
        "3": {
            "answer": [
                "Plus grande variabilité des précipitations",
                "Pluies tardives",
                "Augmentation de la température",
                "Retard à l'arrivée du printemps",
                "Arrivée du printemps précoce",
                "Infestation inhabituelle d'animaux nuisibles",
                "Sécheresse inhabituelle"
            ],
            "comment": ""
        },
        "4": {
            "answer": "diminution des rendements, plus de travail et d'adaptation"
        },
        "5": {
            "answer": 1
        },
        "6": {
            "answer": 1
        },
        "7": {
            "answer": "non peu fiables"
        },
        "8": {
            "answer": 1
        },
        "9": [
            [
                {
                    "answer": 0
                }
            ],
            [
                {
                    "answer": 0
                }
            ],
            [
                {
                    "answer": 0
                }
            ],
            [
                {
                    "answer": 0
                }
            ],
            [
                {
                    "answer": 0
                }
            ],
            [
                {
                    "answer": 1
                }
            ],
            [
                {
                    "answer": 1
                }
            ],
            [
                {
                    "answer": 0
                }
            ],
            {
                "0": {
                    "answer": 0
                },
                "comment": ""
            }
        ],
        "10": {
            "answer": 1
        },
        "11": {
            "answer": 1
        },
        "12": {
            "answer": "Deux sources"
        },
        "13": {
            "answer": "Beaucoup"
        },
        "14": {
            "answer": "Elevée"
        }
    },
    "PSP_16": {
        "1": {
            "answer": 1
        },
        "2": [
            [
                {
                    "answer": 0
                }
            ],
            [
                {
                    "answer": 1
                }
            ],
            [
                {
                    "answer": 0
                }
            ],
            [
                {
                    "answer": 1
                }
            ],
            [
                {
                    "answer": 1
                }
            ],
            [
                {
                    "answer": 1
                }
            ],
            [
                {
                    "answer": 0
                }
            ],
            [
                {
                    "answer": 0
                }
            ],
            [
                {
                    "answer": 0
                }
            ],
            [
                {
                    "answer": 0
                }
            ],
            {
                "0": {
                    "answer": 0
                },
                "comment": ""
            }
        ],
        "3": {
            "answer": "Complètement"
        },
        "4": {
            "answer": "Moyenne"
        }
    },
    "PSP_17": {
        "1": [
            [
                {
                    "answer": 0
                }
            ],
            [
                {
                    "answer": 1
                },
                {
                    "answer": 1
                }
            ],
            [
                {
                    "answer": 1
                },
                {
                    "answer": 0
                }
            ]
        ],
        "2": {
            "answer": "Toujours"
        },
        "3": {
            "answer": [
                "Gants",
                "Masque",
                "Veste"
            ],
            "comment": ""
        },
        "4": {
            "answer": [
                "Donnés à des collecteurs"
            ],
            "comment": ""
        },
        "5": {
            "answer": "Beaucoup"
        },
        "6": {
            "answer": "Moyenne"
        }
    },
    "PSP_18": {
        "1": {
            "answer": 0,
            "comment": ""
        },
        "2": {
            "answer": ""
        },
        "4": {
            "answer": ""
        },
        "5": {
            "answer": ""
        }
    },
    "GOV_01": {
        "1": {
            "answer": "Oui"
        },
        "2": [
            [
                {
                    "answer": 0
                }
            ],
            [
                {
                    "answer": 1
                }
            ],
            [
                {
                    "answer": 1
                }
            ],
            {
                "0": {
                    "answer": 0
                },
                "comment": ""
            }
        ],
        "3": {
            "answer": "Non, elles ne sont pas flexibles"
        },
        "4": {
            "answer": "trop de contrôles qui freinent le développement de l'exploitation."
        },
        "5": {
            "answer": 1
        },
        "6": {
            "answer": "Beaucoup"
        },
        "7": {
            "answer": "Elevée"
        }
    },
    "ENV_01": {
        "1": [
            [
                {
                    "answer": "Rivière/cours d'eau/lac"
                },
                {
                    "answer": "Changement négatif"
                },
                {
                    "answer": "blocage de l'écoulement de l'eau en période de sécheresse"
                }
            ],
            [
                {
                    "answer": "Réseau d'irrigation"
                },
                {
                    "answer": "Pas de changement"
                },
                {
                    "answer": ""
                }
            ],
            [
                {
                    "answer": ""
                },
                {
                    "answer": ""
                },
                {
                    "answer": ""
                }
            ],
            [
                {
                    "answer": ""
                },
                {
                    "answer": ""
                },
                {
                    "answer": ""
                }
            ],
            [
                {
                    "answer": ""
                },
                {
                    "answer": ""
                },
                {
                    "answer": ""
                }
            ]
        ],
        "2": {
            "answer": "Beaucoup"
        },
        "3": {
            "answer": "Beaucoup"
        }
    },
    "ENV_02": {
        "1": {
            "comment": ""
        },
        "2": {
            "answer": ""
        },
        "3": {
            "answer": ""
        }
    },
    "ENV_03": {
        "1": [
            {
                "1": {
                    "answer": ""
                }
            },
            {
                "1": {
                    "answer": ""
                }
            },
            {
                "1": {
                    "answer": ""
                }
            },
            {
                "1": {
                    "answer": ""
                }
            },
            {
                "1": {
                    "answer": ""
                }
            },
            {
                "1": {
                    "answer": ""
                },
                "comment": ""
            }
        ],
        "2": {
            "answer": "Complètement"
        },
        "3": {
            "answer": "Complètement"
        },
        "4": {
            "answer": "Complètement"
        },
        "5": {
            "answer": "Moyenne"
        }
    },
    "ENV_04": {
        "1": [
            [
                {
                    "answer": 0
                },
                {
                    "answer": 3
                },
                {
                    "answer": ""
                },
                {
                    "answer": ""
                }
            ],
            [
                {
                    "answer": ""
                },
                {
                    "answer": ""
                },
                {
                    "answer": ""
                },
                {
                    "answer": ""
                }
            ],
            [
                {
                    "answer": ""
                },
                {
                    "answer": ""
                },
                {
                    "answer": ""
                },
                {
                    "answer": ""
                }
            ]
        ],
        "2": {
            "answer": 3
        },
        "3": {
            "answer": 1
        },
        "4": {
            "answer": "Complètement"
        },
        "5": {
            "answer": "Elevée"
        }
    },
    "ENV_05": {
        "1": {
            "answer": 1
        },
        "2": {
            "answer": [
                "Sableux?"
            ]
        },
        "3": {
            "answer": "Assez riche"
        },
        "4": {
            "answer": 1
        },
        "5": {
            "answer": "Beaucoup"
        },
        "6": {
            "answer": "Beaucoup"
        },
        "7": {
            "answer": 1
        },
        "8": {
            "answer": "Manque du froid l'hiver et l'évolution du climat qui favorise le développement des maladies"
        },
        "9": {
            "answer": "Oui"
        },
        "10": {
            "answer": "Pas applicable"
        }
    },
    "ENV_06": {
        "1": [
            {
                "1": {
                    "answer": ""
                }
            },
            {
                "1": {
                    "answer": ""
                }
            },
            {
                "1": {
                    "answer": ""
                }
            },
            {
                "1": {
                    "answer": ""
                }
            },
            {
                "1": {
                    "answer": ""
                }
            },
            [
                {
                    "answer": 1
                },
                {
                    "answer": ""
                }
            ],
            {
                "1": {
                    "answer": ""
                }
            },
            {
                "1": {
                    "answer": ""
                }
            },
            {
                "1": {
                    "answer": ""
                }
            },
            [
                {
                    "answer": 1
                },
                {
                    "answer": ""
                }
            ],
            [
                {
                    "answer": 1
                },
                {
                    "answer": ""
                }
            ],
            {
                "1": {
                    "answer": ""
                }
            },
            {
                "1": {
                    "answer": ""
                }
            },
            {
                "1": {
                    "answer": ""
                }
            },
            {
                "1": {
                    "answer": ""
                }
            },
            {
                "1": {
                    "answer": ""
                }
            }
        ],
        "2": {
            "answer": "Beaucoup"
        },
        "3": {
            "answer": "Elevée"
        }
    },
    "ENV_07": {
        "2": {
            "answer": ""
        },
        "3": {
            "answer": ""
        },
        "4": {
            "answer": ""
        }
    },
    "ENV_08": {
        "1": {
            "answer": "7% ou + mais moins de 15%"
        },
        "2": {
            "answer": "Beaucoup"
        },
        "3": {
            "answer": "Beaucoup"
        }
    },
    "ENV_09": {
        "1": [
            [
                {
                    "answer": 0
                },
                {
                    "answer": 0
                },
                {
                    "answer": 0
                }
            ],
            [
                {
                    "answer": 0
                },
                {
                    "answer": 0
                },
                {
                    "answer": 0
                }
            ],
            [
                {
                    "answer": 0
                },
                {
                    "answer": 0
                },
                {
                    "answer": 0
                }
            ],
            [
                {
                    "answer": 0
                },
                {
                    "answer": 0
                },
                {
                    "answer": 0
                }
            ],
            [
                {
                    "answer": 0
                },
                {
                    "answer": 0
                },
                {
                    "answer": 0
                }
            ],
            [
                {
                    "answer": 0
                },
                {
                    "answer": 0
                },
                {
                    "answer": 0
                }
            ],
            [
                {
                    "answer": 0
                },
                {
                    "answer": 0
                },
                {
                    "answer": 0
                }
            ],
            [
                {
                    "answer": 0
                },
                {
                    "answer": 0
                },
                {
                    "answer": 0
                }
            ],
            [
                {
                    "answer": 0
                },
                {
                    "answer": 0
                },
                {
                    "answer": 0
                }
            ],
            [
                {
                    "answer": 0
                },
                {
                    "answer": 0
                },
                {
                    "answer": 1
                }
            ],
            [
                {
                    "answer": 0
                },
                {
                    "answer": 0
                },
                {
                    "answer": 0
                }
            ],
            [
                {
                    "answer": 0
                },
                {
                    "answer": 0
                },
                {
                    "answer": 0
                }
            ],
            [
                {
                    "answer": 0
                },
                {
                    "answer": 0
                },
                {
                    "answer": 0
                }
            ],
            [
                {
                    "answer": 0
                },
                {
                    "answer": 0
                },
                {
                    "answer": 0
                }
            ],
            [
                {
                    "answer": 0
                },
                {
                    "answer": 0
                },
                {
                    "answer": 1
                }
            ],
            {
                "0": {
                    "answer": 0
                },
                "1": {
                    "answer": 0
                },
                "2": {
                    "answer": 0
                },
                "comment": ""
            }
        ],
        "2": {
            "answer": "Tout ou la plupart de l'énergie dépend d'acteurs externes (0-20% viennent de votre propre exploitation)"
        },
        "3": {
            "answer": "Complètement"
        },
        "4": {
            "answer": "Elevée"
        }
    },
    "ENV_10": {
        "1": {
            "answer": 1
        },
        "2": [
            [
                {
                    "answer": 1
                }
            ],
            [
                {
                    "answer": 0
                }
            ],
            [
                {
                    "answer": 0
                }
            ],
            {
                "0": {
                    "answer": 0
                },
                "comment": ""
            }
        ],
        "7": {
            "answer": "Un peu"
        },
        "8": {
            "answer": "Elevée"
        }
    },
    "ENV_11": {
        "1": {
            "answer": 1
        },
        "2": {
            "answer": 1
        },
        "3": [
            {
                "0": {
                    "answer": 0
                },
                "comment": ""
            },
            [
                {
                    "answer": 0
                }
            ],
            {
                "0": {
                    "answer": 0
                },
                "comment": ""
            }
        ],
        "4": {
            "answer": "Complètement"
        },
        "5": {
            "answer": "Beaucoup"
        },
        "6": [
            {
                "1": {
                    "answer": ""
                }
            },
            [
                {
                    "answer": 1
                },
                {
                    "answer": "Pas de bétail sur l'exploitation"
                },
                {
                    "answer": 0
                }
            ],
            {
                "1": {
                    "answer": ""
                },
                "comment": ""
            }
        ],
        "7": {
            "answer": 1
        },
        "8": {
            "answer": 1
        },
        "9": [
            [
                {
                    "answer": 0
                }
            ],
            [
                {
                    "answer": 1
                }
            ],
            [
                {
                    "answer": 0
                }
            ],
            [
                {
                    "answer": 1
                }
            ],
            [
                {
                    "answer": 0
                }
            ],
            {
                "0": {
                    "answer": 0
                },
                "comment": ""
            }
        ],
        "10": {
            "answer": "Un peu"
        },
        "11": {
            "answer": "Elevée"
        }
    },
    "ENV_12": {
        "1": [
            [
                {
                    "answer": 0
                }
            ],
            [
                {
                    "answer": 0
                }
            ],
            [
                {
                    "answer": 1
                }
            ],
            [
                {
                    "answer": 1
                }
            ],
            [
                {
                    "answer": 1
                }
            ],
            [
                {
                    "answer": 1
                }
            ],
            [
                {
                    "answer": 1
                }
            ],
            [
                {
                    "answer": 0
                }
            ],
            [
                {
                    "answer": 1
                }
            ],
            {
                "0": {
                    "answer": 0
                },
                "comment": ""
            }
        ],
        "2": {
            "answer": 6
        },
        "3": {
            "answer": 1
        },
        "4": {
            "answer": "Beaucoup"
        },
        "5": {
            "answer": "Moyennement"
        }
    },
    "SOC_03": {
        "1": [
            [
                {
                    "answer": 1
                }
            ],
            [
                {
                    "answer": 0
                }
            ],
            [
                {
                    "answer": 1
                }
            ],
            [
                {
                    "answer": 1
                }
            ],
            [
                {
                    "answer": 1
                }
            ],
            [
                {
                    "answer": 0
                }
            ],
            [
                {
                    "answer": 0
                }
            ],
            [
                {
                    "answer": 1
                }
            ],
            [
                {
                    "answer": 1
                }
            ],
            [
                {
                    "answer": 1
                }
            ],
            {
                "0": {
                    "answer": 0
                },
                "comment": ""
            }
        ],
        "2": {
            "answer": 1
        },
        "3": {
            "answer": "diversification  des horaires de travail : travailler quand il fait moins chaud en été"
        },
        "4": {
            "answer": "Un peu"
        },
        "5": {
            "answer": 0
        },
        "6": {
            "answer": "Moyennement"
        },
        "7": {
            "answer": "Un peu"
        }
    },
    "SOC_05": {
        "1": {
            "answer": "Oui"
        },
        "2": {
            "answer": 1
        },
        "3": [
            [
                {
                    "answer": 1
                }
            ],
            [
                {
                    "answer": 0
                }
            ],
            [
                {
                    "answer": 0
                }
            ],
            {
                "0": {
                    "answer": 0
                },
                "comment": ""
            }
        ],
        "4": [
            [
                {
                    "answer": 0
                }
            ],
            [
                {
                    "answer": 0
                }
            ],
            [
                {
                    "answer": 0
                }
            ],
            [
                {
                    "answer": 0
                }
            ],
            {
                "0": {
                    "answer": 0
                },
                "comment": ""
            }
        ],
        "5": {
            "answer": "Beaucoup"
        },
        "6": {
            "answer": "Elevée"
        }
    },
    "SOC_06": {
        "1": {
            "answer": "Quelques fois"
        },
        "2": {
            "answer": 1
        },
        "3": {
            "answer": 1
        },
        "4": {
            "answer": "Moyennement"
        },
        "5": {
            "answer": "Très élevée"
        }
    },
    "EC_09": {
        "1": [
            [
                {
                    "answer": "Pas de possession"
                },
                {
                    "answer": "En location"
                }
            ],
            [
                {
                    "answer": "Pas de possession"
                },
                {
                    "answer": ""
                }
            ],
            [
                {
                    "answer": "Pas de possession"
                },
                {
                    "answer": ""
                }
            ],
            [
                {
                    "answer": "Pas de possession"
                },
                {
                    "answer": "En location"
                }
            ],
            [
                {
                    "answer": "Pas de possession"
                },
                {
                    "answer": "En location"
                }
            ],
            {
                "0": {
                    "answer": ""
                },
                "1": {
                    "answer": ""
                },
                "comment": ""
            }
        ],
        "2": {
            "answer": "Pas du tout"
        },
        "3": {
            "answer": "Elevée"
        }
    },
    "EC_08": {
        "1": [
            [
                {
                    "answer": "cultures"
                },
                {
                    "answer": 1
                },
                {
                    "answer": 0
                },
                {
                    "answer": 0
                },
                {
                    "answer": ""
                },
                {
                    "answer": 0
                }
            ],
            [
                {
                    "answer": "machines"
                },
                {
                    "answer": 0
                },
                {
                    "answer": 1
                },
                {
                    "answer": 0
                },
                {
                    "answer": ""
                },
                {
                    "answer": 1
                }
            ],
            [
                {
                    "answer": ""
                },
                {
                    "answer": 0
                },
                {
                    "answer": 0
                },
                {
                    "answer": 0
                },
                {
                    "answer": ""
                },
                {
                    "answer": 0
                }
            ],
            [
                {
                    "answer": ""
                },
                {
                    "answer": 0
                },
                {
                    "answer": 0
                },
                {
                    "answer": 0
                },
                {
                    "answer": ""
                },
                {
                    "answer": 0
                }
            ],
            [
                {
                    "answer": ""
                },
                {
                    "answer": 0
                },
                {
                    "answer": 0
                },
                {
                    "answer": 0
                },
                {
                    "answer": ""
                },
                {
                    "answer": 0
                }
            ],
            [
                {
                    "answer": ""
                },
                {
                    "answer": 0
                },
                {
                    "answer": 0
                },
                {
                    "answer": 0
                },
                {
                    "answer": ""
                },
                {
                    "answer": 0
                }
            ],
            [
                {
                    "answer": ""
                },
                {
                    "answer": 0
                },
                {
                    "answer": 0
                },
                {
                    "answer": 0
                },
                {
                    "answer": ""
                },
                {
                    "answer": 0
                }
            ],
            [
                {
                    "answer": ""
                },
                {
                    "answer": 0
                },
                {
                    "answer": 0
                },
                {
                    "answer": 0
                },
                {
                    "answer": ""
                },
                {
                    "answer": 0
                }
            ],
            [
                {
                    "answer": ""
                },
                {
                    "answer": 0
                },
                {
                    "answer": 0
                },
                {
                    "answer": 0
                },
                {
                    "answer": ""
                },
                {
                    "answer": 0
                }
            ],
            [
                {
                    "answer": ""
                },
                {
                    "answer": 0
                },
                {
                    "answer": 0
                },
                {
                    "answer": 0
                },
                {
                    "answer": ""
                },
                {
                    "answer": 0
                }
            ]
        ],
        "2": {
            "answer": "Pas du tout"
        },
        "3": {
            "answer": "Elevée"
        }
    },
    "EC_11": {
        "1": {
            "answer": 2
        },
        "2": [
            [
                {
                    "answer": "Production agricoles"
                }
            ],
            [
                {
                    "answer": "Revenu externe à l'exploitation"
                }
            ],
            [
                {
                    "answer": ""
                }
            ]
        ],
        "3": {
            "answer": "Déficit croissant"
        },
        "4": {
            "answer": 90
        },
        "5": {
            "answer": 0
        },
        "6": {
            "answer": "Beaucoup"
        },
        "7": {
            "answer": "Elevée"
        }
    },
    "EC_12": {
        "1": {
            "answer": "Non"
        },
        "2": {
            "answer": 1
        },
        "3": {
            "answer": "Moyennement"
        },
        "4": {
            "answer": "Moyennement"
        }
    },
    "EC_14": {
        "1": {
            "answer": 0
        },
        "2": {
            "answer": [
                "Banque"
            ],
            "comment": ""
        },
        "3": {
            "answer": "Pas du tout"
        },
        "4": {
            "answer": "Beaucoup"
        }
    },
    "EC_01": {
        "1": {
            "answer": "Moins de 45% de fonds propres"
        },
        "2": {
            "answer": "Moyennement"
        },
        "3": {
            "answer": "Beaucoup"
        }
    },
    "EC_15": {
        "1": {
            "answer": "Non, je n'ai pas de 'marge de manoeuvre' (par ex. dû à de grosses dettes)"
        },
        "2": {
            "answer": 1
        },
        "3": {
            "answer": "Un peu"
        },
        "4": {
            "answer": "Beaucoup"
        }
    },
    "EC_10": {
        "1": [
            [
                {
                    "answer": "matériel agricole"
                }
            ],
            [
                {
                    "answer": "engrais"
                }
            ],
            [
                {
                    "answer": "pesticides"
                }
            ],
            [
                {
                    "answer": "main-d'oeuvre"
                }
            ],
            [
                {
                    "answer": "bail/loyer"
                }
            ]
        ],
        "2": {
            "answer": 1
        },
        "3": {
            "answer": 0
        },
        "4": {
            "answer": "Un peu"
        },
        "5": {
            "answer": "Très"
        }
    },
    "EC_13": {
        "1": [
            [
                {
                    "answer": "Oui"
                }
            ],
            [
                {
                    "answer": "Pas applicable"
                }
            ],
            [
                {
                    "answer": "Oui"
                }
            ],
            [
                {
                    "answer": "Oui"
                }
            ],
            [
                {
                    "answer": "Oui"
                }
            ],
            [
                {
                    "answer": "Oui"
                }
            ],
            [
                {
                    "answer": "Oui"
                }
            ],
            [
                {
                    "answer": "Oui"
                }
            ],
            {
                "0": {
                    "answer": ""
                },
                "comment": ""
            }
        ],
        "2": {
            "answer": 0
        },
        "3": {
            "answer": "Moyennement"
        },
        "4": {
            "answer": "Beaucoup"
        }
    },
    "EC_07": {
        "1": [
            [
                {
                    "answer": 1
                }
            ],
            [
                {
                    "answer": 1
                }
            ],
            [
                {
                    "answer": 1
                }
            ],
            [
                {
                    "answer": 0
                }
            ],
            [
                {
                    "answer": 1
                }
            ],
            [
                {
                    "answer": 1
                }
            ],
            [
                {
                    "answer": 0
                }
            ],
            [
                {
                    "answer": 0
                }
            ],
            [
                {
                    "answer": 0
                }
            ],
            {
                "comment": ""
            }
        ],
        "2": {
            "answer": "Beaucoup"
        },
        "3": {
            "answer": "Moyennement"
        }
    },
    "EC_06": {
        "1": {
            "answer": "Souvent"
        },
        "2": {
            "answer": "Beaucoup"
        },
        "3": {
            "answer": "Beaucoup"
        }
    },
    "EC_03": {
        "1": [
            [
                {
                    "answer": "Oui"
                },
                {
                    "answer": "Fumier"
                }
            ],
            [
                {
                    "answer": "Non"
                },
                {
                    "answer": ""
                }
            ],
            [
                {
                    "answer": "Non applicable"
                },
                {
                    "answer": ""
                }
            ]
        ],
        "2": {
            "answer": [
                "Ca limite la flexibilité de mon exploitation"
            ]
        },
        "3": {
            "answer": "Moyennement"
        },
        "4": {
            "answer": "Beaucoup"
        }
    },
    "EC_04": {
        "1": [
            [
                {
                    "answer": "tabac"
                },
                {
                    "answer": 1
                },
                {
                    "answer": "Un mixte des deux"
                },
                {
                    "answer": "Jamais"
                },
                {
                    "answer": 1
                }
            ],
            [
                {
                    "answer": "blé"
                },
                {
                    "answer": 1
                },
                {
                    "answer": "Un mixte des deux"
                },
                {
                    "answer": "Jamais"
                },
                {
                    "answer": 1
                }
            ],
            [
                {
                    "answer": "herbe"
                },
                {
                    "answer": 1
                },
                {
                    "answer": "Je suis satisfait"
                },
                {
                    "answer": "Jamais"
                },
                {
                    "answer": 0
                }
            ],
            {
                "0": {
                    "answer": ""
                },
                "2": {
                    "answer": ""
                },
                "3": {
                    "answer": ""
                }
            },
            {
                "0": {
                    "answer": ""
                },
                "2": {
                    "answer": ""
                },
                "3": {
                    "answer": ""
                }
            },
            {
                "0": {
                    "answer": ""
                },
                "2": {
                    "answer": ""
                },
                "3": {
                    "answer": ""
                }
            }
        ],
        "2": {
            "answer": "Moyennement"
        },
        "3": {
            "answer": "Beaucoup"
        }
    },
    "EC_02": {
        "2": [
            [
                {
                    "answer": "herbe"
                },
                {
                    "answer": 1
                },
                {
                    "answer": "Une fois par saison"
                },
                {
                    "answer": "Non"
                }
            ],
            {
                "0": {
                    "answer": ""
                },
                "2": {
                    "answer": ""
                },
                "3": {
                    "answer": ""
                }
            },
            {
                "0": {
                    "answer": ""
                },
                "2": {
                    "answer": ""
                },
                "3": {
                    "answer": ""
                }
            },
            {
                "0": {
                    "answer": ""
                },
                "2": {
                    "answer": ""
                },
                "3": {
                    "answer": ""
                }
            },
            {
                "0": {
                    "answer": ""
                },
                "2": {
                    "answer": ""
                },
                "3": {
                    "answer": ""
                }
            },
            {
                "0": {
                    "answer": ""
                },
                "2": {
                    "answer": ""
                },
                "3": {
                    "answer": ""
                }
            }
        ],
        "3": {
            "answer": 15
        },
        "4": {
            "answer": "Moyennement"
        },
        "5": {
            "answer": "Très"
        }
    },
    "EC_16": {
        "1": [
            [
                {
                    "answer": "tabac"
                },
                {
                    "answer": "Agro-industrie"
                },
                {
                    "answer": 0
                },
                {
                    "answer": "Acteur de la chaîne agroalimentaire"
                },
                {
                    "answer": "Acteurs qui ne sont pas agriculteurs"
                },
                {
                    "answer": "Pas du tout"
                },
                {
                    "answer": "Pas du tout"
                },
                {
                    "answer": "Pas du tout"
                }
            ],
            [
                {
                    "answer": "blé"
                },
                {
                    "answer": "Agro-industrie"
                },
                {
                    "answer": 0
                },
                {
                    "answer": "Acteur de la chaîne agroalimentaire"
                },
                {
                    "answer": "Acteurs qui ne sont pas agriculteurs"
                },
                {
                    "answer": "Pas du tout"
                },
                {
                    "answer": "Pas du tout"
                },
                {
                    "answer": "Pas du tout"
                }
            ],
            [
                {
                    "answer": "herbe"
                },
                {
                    "answer": "Vente aux détaillants sans passer par un intermédiaire"
                },
                {
                    "answer": 1
                },
                {
                    "answer": "Entité productive individuelle"
                },
                {
                    "answer": "Vous"
                },
                {
                    "answer": "Un peu"
                },
                {
                    "answer": "Pas du tout"
                },
                {
                    "answer": "Pas du tout"
                }
            ],
            {
                "0": {
                    "answer": ""
                },
                "1": {
                    "answer": ""
                },
                "3": {
                    "answer": ""
                },
                "4": {
                    "answer": ""
                },
                "5": {
                    "answer": ""
                },
                "6": {
                    "answer": ""
                },
                "7": {
                    "answer": ""
                }
            },
            {
                "0": {
                    "answer": ""
                },
                "1": {
                    "answer": ""
                },
                "3": {
                    "answer": ""
                },
                "4": {
                    "answer": ""
                },
                "5": {
                    "answer": ""
                },
                "6": {
                    "answer": ""
                },
                "7": {
                    "answer": ""
                }
            },
            {
                "0": {
                    "answer": ""
                },
                "1": {
                    "answer": ""
                },
                "3": {
                    "answer": ""
                },
                "4": {
                    "answer": ""
                },
                "5": {
                    "answer": ""
                },
                "6": {
                    "answer": ""
                },
                "7": {
                    "answer": ""
                }
            }
        ],
        "2": {
            "answer": "Pas suffisamment"
        },
        "3": {
            "answer": "Beaucoup"
        },
        "4": {
            "answer": "Beaucoup"
        }
    },
    "EC_05": {
        "1": [
            [
                {
                    "answer": "tabac"
                },
                {
                    "answer": [
                        "Décroissant"
                    ]
                },
                {
                    "answer": ""
                }
            ],
            [
                {
                    "answer": "blé"
                },
                {
                    "answer": [
                        "Décroissant"
                    ]
                },
                {
                    "answer": ""
                }
            ],
            [
                {
                    "answer": "herbe"
                },
                {
                    "answer": [
                        "Stable"
                    ]
                },
                {
                    "answer": ""
                }
            ],
            {
                "0": {
                    "answer": ""
                },
                "2": {
                    "answer": ""
                }
            },
            {
                "0": {
                    "answer": ""
                },
                "2": {
                    "answer": ""
                }
            },
            {
                "0": {
                    "answer": ""
                },
                "2": {
                    "answer": ""
                }
            }
        ],
        "2": {
            "answer": "Moyennement"
        },
        "3": {
            "answer": "Moyennement"
        }
    }
}