{
    "ADM_01": {
        "1": {
            "answer": "Helene"
        },
        "2": {
            "answer": "Pavillard"
        },
        "3": {
            "answer": "Gaël"
        },
        "4": {
            "answer": "Helene domicile 29"
        },
        "5": {
            "answer": "Chef de l'exploitation"
        },
        "6": {
            "answer": ""
        },
        "7": {
            "answer": "Suisse"
        },
        "8": {
            "answer": "Vaud"
        },
        "9": {
            "answer": "Morges"
        },
        "10": {
            "answer": "Senarclens"
        },
        "11": {
            "answer": ""
        },
        "12": {
            "answer": ""
        },
        "13": {
            "answer": 14.12
        },
        "14": {
            "answer": "Homme"
        },
        "15": {
            "answer": 25
        },
        "16": {
            "answer": "Production végétale"
        },
        "17": {
            "answer": "Exploitation conventionnelle"
        },
        "18": {
            "answer": "31-50 ha"
        }
    },
    "meta": {
        "filename": "2b03f71ff6de18852388627ec5716ac751deb38b.json",
        "version": "v-1.0.6-FR",
        "creation-date": 1523971132,
        "client-ip": "46.253.188.132",
        "pid": 956
    },
    "PSP_02": {
        "1": [
            [
                {
                    "answer": 1
                },
                {
                    "answer": 0
                },
                {
                    "answer": 1
                }
            ],
            {
                "1": {
                    "answer": 0
                },
                "2": {
                    "answer": ""
                }
            },
            {
                "1": {
                    "answer": 0
                },
                "2": {
                    "answer": ""
                }
            },
            {
                "1": {
                    "answer": 0
                },
                "2": {
                    "answer": ""
                }
            },
            {
                "1": {
                    "answer": 0
                },
                "2": {
                    "answer": ""
                }
            },
            {
                "1": {
                    "answer": 0
                },
                "2": {
                    "answer": ""
                }
            },
            {
                "1": {
                    "answer": 0
                },
                "2": {
                    "answer": ""
                }
            },
            {
                "1": {
                    "answer": 0
                },
                "2": {
                    "answer": ""
                }
            },
            {
                "1": {
                    "answer": 0
                },
                "2": {
                    "answer": ""
                }
            },
            {
                "1": {
                    "answer": 0
                },
                "2": {
                    "answer": ""
                }
            },
            {
                "1": {
                    "answer": 0
                },
                "2": {
                    "answer": ""
                }
            },
            {
                "1": {
                    "answer": 0
                },
                "2": {
                    "answer": ""
                },
                "comment": ""
            }
        ],
        "2": [
            [
                {
                    "answer": 1
                }
            ],
            [
                {
                    "answer": 0
                }
            ],
            {
                "0": {
                    "answer": 1
                },
                "comment": "Apprenti"
            }
        ],
        "3": {
            "answer": "Moyennement"
        },
        "4": {
            "answer": "Beaucoup"
        }
    },
    "PSP_01": {
        "1": [
            [
                {
                    "answer": 1
                },
                {
                    "answer": 1
                },
                {
                    "answer": 1
                },
                {
                    "answer": ""
                },
                {
                    "answer": ""
                },
                {
                    "answer": ""
                },
                {
                    "answer": 1
                }
            ],
            [
                {
                    "answer": ""
                },
                {
                    "answer": ""
                },
                {
                    "answer": ""
                },
                {
                    "answer": ""
                },
                {
                    "answer": ""
                },
                {
                    "answer": ""
                },
                {
                    "answer": ""
                }
            ],
            [
                {
                    "answer": ""
                },
                {
                    "answer": ""
                },
                {
                    "answer": ""
                },
                {
                    "answer": ""
                },
                {
                    "answer": ""
                },
                {
                    "answer": ""
                },
                {
                    "answer": ""
                }
            ],
            [
                {
                    "answer": ""
                },
                {
                    "answer": ""
                },
                {
                    "answer": ""
                },
                {
                    "answer": ""
                },
                {
                    "answer": ""
                },
                {
                    "answer": ""
                },
                {
                    "answer": ""
                }
            ],
            [
                {
                    "answer": ""
                },
                {
                    "answer": ""
                },
                {
                    "answer": ""
                },
                {
                    "answer": ""
                },
                {
                    "answer": ""
                },
                {
                    "answer": ""
                },
                {
                    "answer": ""
                }
            ],
            [
                {
                    "answer": ""
                },
                {
                    "answer": ""
                },
                {
                    "answer": ""
                },
                {
                    "answer": ""
                },
                {
                    "answer": ""
                },
                {
                    "answer": ""
                },
                {
                    "answer": ""
                }
            ]
        ],
        "2": {
            "answer": "Entre 51h et 70h/semaine"
        },
        "3": {
            "answer": "Oui"
        },
        "4": {
            "answer": "Oui, il a pu choisir librement"
        },
        "5": [
            {
                "1": {
                    "answer": ""
                }
            },
            [
                {
                    "answer": 1
                },
                {
                    "answer": "Aide au champ"
                }
            ]
        ],
        "6": {
            "answer": "Pas du tout"
        },
        "7": {
            "answer": "Elevée"
        }
    },
    "PSP_04": {
        "1": {
            "answer": 1
        },
        "2": [
            [
                {
                    "answer": 1
                },
                {
                    "answer": 1
                }
            ],
            [
                {
                    "answer": 0
                },
                {
                    "answer": ""
                }
            ],
            [
                {
                    "answer": 0
                },
                {
                    "answer": ""
                }
            ],
            [
                {
                    "answer": 1
                },
                {
                    "answer": 2
                }
            ],
            [
                {
                    "answer": 1
                },
                {
                    "answer": 1
                }
            ],
            [
                {
                    "answer": 0
                },
                {
                    "answer": ""
                }
            ],
            [
                {
                    "answer": 0
                },
                {
                    "answer": ""
                }
            ],
            [
                {
                    "answer": 0
                },
                {
                    "answer": ""
                }
            ],
            [
                {
                    "answer": 1
                },
                {
                    "answer": 2
                }
            ],
            [
                {
                    "answer": 1
                },
                {
                    "answer": 1
                }
            ],
            [
                {
                    "answer": 1
                },
                {
                    "answer": 1
                }
            ],
            [
                {
                    "answer": 0
                },
                {
                    "answer": ""
                }
            ],
            [
                {
                    "answer": 0
                },
                {
                    "answer": ""
                }
            ],
            [
                {
                    "answer": 0
                },
                {
                    "answer": ""
                }
            ],
            [
                {
                    "answer": 0
                },
                {
                    "answer": ""
                }
            ],
            [
                {
                    "answer": 0
                },
                {
                    "answer": ""
                }
            ],
            [
                {
                    "answer": 0
                },
                {
                    "answer": ""
                }
            ],
            [
                {
                    "answer": 0
                },
                {
                    "answer": ""
                }
            ],
            [
                {
                    "answer": 0
                },
                {
                    "answer": ""
                }
            ],
            [
                {
                    "answer": 0
                },
                {
                    "answer": ""
                }
            ],
            [
                {
                    "answer": 0
                },
                {
                    "answer": ""
                }
            ],
            [
                {
                    "answer": 0
                },
                {
                    "answer": ""
                }
            ],
            [
                {
                    "answer": 0
                },
                {
                    "answer": ""
                }
            ],
            [
                {
                    "answer": 0
                },
                {
                    "answer": ""
                }
            ],
            [
                {
                    "answer": 0
                },
                {
                    "answer": ""
                }
            ],
            [
                {
                    "answer": 0
                },
                {
                    "answer": ""
                }
            ],
            [
                {
                    "answer": 0
                },
                {
                    "answer": ""
                }
            ],
            [
                {
                    "answer": 0
                },
                {
                    "answer": ""
                }
            ],
            [
                {
                    "answer": 0
                },
                {
                    "answer": ""
                }
            ],
            [
                {
                    "answer": 0
                },
                {
                    "answer": ""
                }
            ],
            [
                {
                    "answer": 0
                },
                {
                    "answer": ""
                }
            ],
            [
                {
                    "answer": 0
                },
                {
                    "answer": ""
                }
            ],
            {
                "0": {
                    "answer": 1
                },
                "1": {
                    "answer": 1
                },
                "comment": "Prairies extensives"
            }
        ],
        "3": {
            "answer": 0,
            "comment": ""
        },
        "4": [
            [
                {
                    "answer": 0
                }
            ],
            [
                {
                    "answer": 0
                }
            ],
            [
                {
                    "answer": 0
                }
            ],
            {
                "0": {
                    "answer": 0
                },
                "comment": ""
            }
        ],
        "5": {
            "answer": "Moyennement"
        },
        "6": {
            "answer": "Elevée"
        }
    },
    "PSP_05": {
        "2": [
            [
                {
                    "answer": ""
                },
                {
                    "answer": ""
                }
            ],
            [
                {
                    "answer": ""
                },
                {
                    "answer": ""
                }
            ],
            [
                {
                    "answer": ""
                },
                {
                    "answer": ""
                }
            ],
            [
                {
                    "answer": ""
                },
                {
                    "answer": ""
                }
            ],
            [
                {
                    "answer": ""
                },
                {
                    "answer": ""
                }
            ],
            [
                {
                    "answer": ""
                },
                {
                    "answer": ""
                }
            ],
            [
                {
                    "answer": ""
                },
                {
                    "answer": ""
                }
            ],
            {
                "0": {
                    "answer": ""
                },
                "1": {
                    "answer": ""
                },
                "comment": ""
            }
        ],
        "3": {
            "answer": ""
        },
        "4": {
            "answer": ""
        }
    },
    "PSP_07": {
        "1": [
            [
                {
                    "answer": 0
                }
            ],
            [
                {
                    "answer": 0
                }
            ],
            [
                {
                    "answer": 0
                }
            ],
            [
                {
                    "answer": 0
                }
            ],
            [
                {
                    "answer": 0
                }
            ],
            [
                {
                    "answer": 0
                }
            ],
            [
                {
                    "answer": 0
                }
            ],
            {
                "0": {
                    "answer": 0
                },
                "comment": ""
            }
        ],
        "2": {
            "answer": ""
        },
        "3": {
            "answer": ""
        },
        "5": {
            "answer": ""
        },
        "7": {
            "answer": ""
        },
        "8": {
            "answer": ""
        }
    },
    "PSP_03": {
        "2": [
            [
                {
                    "answer": ""
                },
                {
                    "answer": ""
                },
                {
                    "answer": 0
                },
                {
                    "answer": ""
                },
                {
                    "answer": ""
                }
            ],
            [
                {
                    "answer": ""
                },
                {
                    "answer": ""
                },
                {
                    "answer": 0
                },
                {
                    "answer": ""
                },
                {
                    "answer": ""
                }
            ],
            [
                {
                    "answer": ""
                },
                {
                    "answer": ""
                },
                {
                    "answer": 0
                },
                {
                    "answer": ""
                },
                {
                    "answer": ""
                }
            ],
            [
                {
                    "answer": ""
                },
                {
                    "answer": ""
                },
                {
                    "answer": 0
                },
                {
                    "answer": ""
                },
                {
                    "answer": ""
                }
            ]
        ],
        "3": {
            "answer": ""
        },
        "4": {
            "answer": ""
        }
    },
    "PSP_08": {
        "1": [
            [
                {
                    "answer": ""
                },
                {
                    "answer": ""
                }
            ],
            [
                {
                    "answer": "Oui"
                },
                {
                    "answer": ""
                }
            ],
            [
                {
                    "answer": ""
                },
                {
                    "answer": ""
                }
            ],
            [
                {
                    "answer": ""
                },
                {
                    "answer": ""
                }
            ],
            [
                {
                    "answer": "Oui"
                },
                {
                    "answer": ""
                }
            ],
            [
                {
                    "answer": ""
                },
                {
                    "answer": ""
                }
            ],
            [
                {
                    "answer": "Oui"
                },
                {
                    "answer": ""
                }
            ],
            {
                "0": {
                    "answer": ""
                },
                "1": {
                    "answer": ""
                },
                "comment": ""
            }
        ],
        "2": {
            "answer": "Moyennement"
        },
        "3": {
            "answer": "Elevée"
        },
        "4": {
            "answer": ""
        },
        "5": {
            "answer": ""
        }
    },
    "PSP_09": {
        "1": {
            "answer": "Oui"
        },
        "2": {
            "answer": "Blé ludwig, Forel, Montalto "
        },
        "3": {
            "answer": 100
        },
        "4": {
            "answer": "Rendement, résistance, elles sont plus aptes à la production"
        },
        "5": {
            "answer": "Oui"
        },
        "6": {
            "answer": "Je ne sais pas"
        },
        "7": {
            "answer": ""
        },
        "9": {
            "answer": ""
        },
        "10": {
            "answer": ""
        },
        "11": {
            "answer": ""
        },
        "14": {
            "answer": "Beaucoup"
        },
        "15": {
            "answer": "Aucune"
        }
    },
    "PSP_10": {
        "2": {
            "answer": ""
        },
        "4": {
            "comment": ""
        },
        "5": {
            "answer": ""
        },
        "6": {
            "answer": ""
        },
        "7": {
            "comment": ""
        },
        "8": {
            "answer": ""
        },
        "9": {
            "answer": ""
        }
    },
    "PSP_11": {
        "1": {
            "answer": 1
        },
        "2": {
            "answer": [
                "Prédateurs/Animaux nuisibles",
                "Sécheresse",
                "Gel",
                "Vent violent"
            ],
            "comment": ""
        },
        "3": [
            [
                {
                    "answer": 1
                },
                {
                    "answer": "développement d'autres techniques de performante"
                }
            ],
            [
                {
                    "answer": 1
                },
                {
                    "answer": "assurance"
                }
            ]
        ],
        "5": {
            "comment": ""
        },
        "6": [
            [
                {
                    "answer": 0
                },
                {
                    "answer": ""
                }
            ],
            [
                {
                    "answer": 0
                },
                {
                    "answer": ""
                }
            ]
        ],
        "7": {
            "answer": ""
        },
        "8": {
            "answer": ""
        }
    },
    "PSP_12": {
        "1": [
            [
                {
                    "answer": "Oui"
                }
            ],
            [
                {
                    "answer": "Non"
                }
            ],
            [
                {
                    "answer": "Non"
                }
            ],
            [
                {
                    "answer": "Oui"
                }
            ],
            [
                {
                    "answer": "Oui"
                }
            ],
            [
                {
                    "answer": "Oui"
                }
            ],
            [
                {
                    "answer": "Oui"
                }
            ],
            [
                {
                    "answer": "Oui"
                }
            ],
            [
                {
                    "answer": "Non"
                }
            ],
            [
                {
                    "answer": "Oui"
                }
            ],
            {
                "0": {
                    "answer": ""
                },
                "comment": ""
            }
        ],
        "2": {
            "answer": "Moyennement"
        },
        "3": {
            "answer": "Beaucoup"
        }
    },
    "PSP_13": {
        "1": [
            [
                {
                    "answer": 1
                }
            ],
            [
                {
                    "answer": 1
                },
                {
                    "answer": 1
                }
            ],
            [
                {
                    "answer": 1
                }
            ],
            [
                {
                    "answer": 1
                },
                {
                    "answer": 1
                }
            ],
            [
                {
                    "answer": 1
                }
            ],
            [
                {
                    "answer": 1
                },
                {
                    "answer": 1
                }
            ],
            [
                {
                    "answer": 1
                }
            ],
            [
                {
                    "answer": 1
                },
                {
                    "answer": 1
                }
            ],
            [
                {
                    "answer": 1
                },
                {
                    "answer": 1
                }
            ],
            [
                {
                    "answer": 1
                },
                {
                    "answer": 1
                }
            ],
            {
                "0": {
                    "answer": 0
                },
                "comment": ""
            }
        ],
        "2": {
            "answer": "Complètement"
        },
        "3": {
            "answer": "Beaucoup"
        }
    },
    "PSP_14": {
        "1": {
            "answer": 1
        },
        "2": {
            "answer": 1
        },
        "3": {
            "answer": [
                "Plus grande variabilité des précipitations",
                "Pluies tardives",
                "Augmentation de la température",
                "Arrivée du printemps précoce",
                "Sécheresse inhabituelle"
            ],
            "comment": ""
        },
        "4": {
            "answer": "Développement des Techniques Culturales Simplifiées\r\n"
        },
        "5": {
            "answer": 0
        },
        "6": {
            "answer": 1
        },
        "7": {
            "answer": "Oui fiables"
        },
        "8": {
            "answer": 1
        },
        "9": [
            [
                {
                    "answer": 0
                }
            ],
            [
                {
                    "answer": 0
                }
            ],
            [
                {
                    "answer": 1
                }
            ],
            [
                {
                    "answer": 0
                }
            ],
            [
                {
                    "answer": 1
                }
            ],
            [
                {
                    "answer": 0
                }
            ],
            [
                {
                    "answer": 1
                }
            ],
            [
                {
                    "answer": 1
                }
            ],
            {
                "0": {
                    "answer": 0
                },
                "comment": ""
            }
        ],
        "10": {
            "answer": 1
        },
        "11": {
            "answer": 1
        },
        "12": {
            "answer": "Trois sources ou +"
        },
        "13": {
            "answer": "Beaucoup"
        },
        "14": {
            "answer": "Moyenne"
        }
    },
    "PSP_15": {
        "2": {
            "answer": ""
        },
        "3": {
            "answer": ""
        },
        "4": {
            "answer": ""
        }
    },
    "PSP_16": {
        "1": {
            "answer": 1
        },
        "2": [
            [
                {
                    "answer": 1
                }
            ],
            [
                {
                    "answer": 1
                }
            ],
            [
                {
                    "answer": 1
                }
            ],
            [
                {
                    "answer": 1
                }
            ],
            [
                {
                    "answer": 1
                }
            ],
            [
                {
                    "answer": 1
                }
            ],
            [
                {
                    "answer": 0
                }
            ],
            [
                {
                    "answer": 0
                }
            ],
            [
                {
                    "answer": 0
                }
            ],
            [
                {
                    "answer": 1
                }
            ],
            {
                "0": {
                    "answer": 0
                },
                "comment": ""
            }
        ],
        "3": {
            "answer": "Beaucoup"
        },
        "4": {
            "answer": "Moyenne"
        }
    },
    "PSP_17": {
        "1": [
            [
                {
                    "answer": 1
                },
                {
                    "answer": 1
                }
            ],
            [
                {
                    "answer": 1
                },
                {
                    "answer": 1
                }
            ],
            [
                {
                    "answer": 1
                },
                {
                    "answer": 1
                }
            ]
        ],
        "2": {
            "answer": "Quelquefois"
        },
        "3": {
            "answer": [
                "Gants"
            ],
            "comment": ""
        },
        "4": {
            "answer": [
                "Donnés à des collecteurs"
            ],
            "comment": ""
        },
        "5": {
            "answer": "Beaucoup"
        },
        "6": {
            "answer": "Très élevée"
        }
    },
    "PSP_18": {
        "1": {
            "answer": 0,
            "comment": ""
        },
        "2": {
            "answer": ""
        },
        "4": {
            "answer": ""
        },
        "5": {
            "answer": ""
        }
    },
    "GOV_01": {
        "1": {
            "answer": "Oui"
        },
        "2": [
            [
                {
                    "answer": 0
                }
            ],
            [
                {
                    "answer": 1
                }
            ],
            [
                {
                    "answer": 0
                }
            ],
            {
                "0": {
                    "answer": 0
                },
                "comment": ""
            }
        ],
        "3": {
            "answer": "Non, elles ne sont pas flexibles"
        },
        "4": {
            "answer": "Blocages administratifs et ralentissement des procédures"
        },
        "5": {
            "answer": 1
        },
        "6": {
            "answer": "Pas du tout"
        },
        "7": {
            "answer": "Elevée"
        }
    },
    "ENV_01": {
        "1": [
            [
                {
                    "answer": "Réseau d'irrigation"
                },
                {
                    "answer": "Pas de changement"
                },
                {
                    "answer": ""
                }
            ],
            [
                {
                    "answer": "Rivière/cours d'eau/lac"
                },
                {
                    "answer": "Changement négatif"
                },
                {
                    "answer": "En période de sécheresse : interdiction d'arroser"
                }
            ],
            [
                {
                    "answer": ""
                },
                {
                    "answer": ""
                },
                {
                    "answer": ""
                }
            ],
            [
                {
                    "answer": ""
                },
                {
                    "answer": ""
                },
                {
                    "answer": ""
                }
            ],
            [
                {
                    "answer": ""
                },
                {
                    "answer": ""
                },
                {
                    "answer": ""
                }
            ]
        ],
        "2": {
            "answer": "Complètement"
        },
        "3": {
            "answer": "Beaucoup"
        }
    },
    "ENV_02": {
        "1": {
            "comment": ""
        },
        "2": {
            "answer": ""
        },
        "3": {
            "answer": ""
        }
    },
    "ENV_03": {
        "1": [
            {
                "1": {
                    "answer": ""
                }
            },
            {
                "1": {
                    "answer": ""
                }
            },
            {
                "1": {
                    "answer": ""
                }
            },
            {
                "1": {
                    "answer": ""
                }
            },
            {
                "1": {
                    "answer": ""
                }
            },
            {
                "1": {
                    "answer": ""
                },
                "comment": ""
            }
        ],
        "2": {
            "answer": "Beaucoup"
        },
        "3": {
            "answer": "Beaucoup"
        },
        "4": {
            "answer": "Beaucoup"
        },
        "5": {
            "answer": "Très élevée"
        }
    },
    "ENV_04": {
        "1": [
            [
                {
                    "answer": ""
                },
                {
                    "answer": ""
                },
                {
                    "answer": ""
                },
                {
                    "answer": ""
                }
            ],
            [
                {
                    "answer": ""
                },
                {
                    "answer": ""
                },
                {
                    "answer": ""
                },
                {
                    "answer": ""
                }
            ],
            [
                {
                    "answer": ""
                },
                {
                    "answer": ""
                },
                {
                    "answer": ""
                },
                {
                    "answer": ""
                }
            ]
        ],
        "2": {
            "answer": ""
        },
        "3": {
            "answer": ""
        },
        "4": {
            "answer": "Complètement"
        },
        "5": {
            "answer": "Très élevée"
        }
    },
    "ENV_05": {
        "1": {
            "answer": 5
        },
        "2": {
            "answer": [
                "Sableux?",
                "Limoneux?",
                "Argileux?",
                "Pierreux?"
            ]
        },
        "3": {
            "answer": "Elevée"
        },
        "4": {
            "answer": 1
        },
        "5": {
            "answer": "Complètement"
        },
        "6": {
            "answer": "Beaucoup"
        },
        "7": {
            "answer": 0
        },
        "8": {
            "answer": ""
        },
        "9": {
            "answer": "Oui"
        },
        "10": {
            "answer": "Pas applicable"
        }
    },
    "ENV_06": {
        "1": [
            [
                {
                    "answer": 0
                },
                {
                    "answer": ""
                }
            ],
            [
                {
                    "answer": 1
                },
                {
                    "answer": ""
                }
            ],
            [
                {
                    "answer": 0
                },
                {
                    "answer": ""
                }
            ],
            [
                {
                    "answer": 1
                },
                {
                    "answer": ""
                }
            ],
            [
                {
                    "answer": 0
                },
                {
                    "answer": ""
                }
            ],
            [
                {
                    "answer": 1
                },
                {
                    "answer": ""
                }
            ],
            [
                {
                    "answer": 0
                },
                {
                    "answer": ""
                }
            ],
            [
                {
                    "answer": 0
                },
                {
                    "answer": ""
                }
            ],
            [
                {
                    "answer": 0
                },
                {
                    "answer": ""
                }
            ],
            [
                {
                    "answer": 1
                },
                {
                    "answer": ""
                }
            ],
            [
                {
                    "answer": 1
                },
                {
                    "answer": ""
                }
            ],
            [
                {
                    "answer": 0
                },
                {
                    "answer": ""
                }
            ],
            [
                {
                    "answer": 0
                },
                {
                    "answer": ""
                }
            ],
            [
                {
                    "answer": 0
                },
                {
                    "answer": ""
                }
            ],
            [
                {
                    "answer": 0
                },
                {
                    "answer": ""
                }
            ],
            {
                "1": {
                    "answer": ""
                }
            }
        ],
        "2": {
            "answer": "Beaucoup"
        },
        "3": {
            "answer": "Très élevée"
        }
    },
    "ENV_07": {
        "2": {
            "answer": ""
        },
        "3": {
            "answer": ""
        },
        "4": {
            "answer": ""
        }
    },
    "ENV_08": {
        "1": {
            "answer": "7% ou + mais moins de 15%"
        },
        "2": {
            "answer": "Un peu"
        },
        "3": {
            "answer": "Très"
        }
    },
    "ENV_09": {
        "1": [
            [
                {
                    "answer": 0
                },
                {
                    "answer": 0
                },
                {
                    "answer": 0
                }
            ],
            [
                {
                    "answer": 0
                },
                {
                    "answer": 0
                },
                {
                    "answer": 0
                }
            ],
            [
                {
                    "answer": 0
                },
                {
                    "answer": 0
                },
                {
                    "answer": 0
                }
            ],
            [
                {
                    "answer": 0
                },
                {
                    "answer": 0
                },
                {
                    "answer": 0
                }
            ],
            [
                {
                    "answer": 0
                },
                {
                    "answer": 0
                },
                {
                    "answer": 0
                }
            ],
            [
                {
                    "answer": 0
                },
                {
                    "answer": 0
                },
                {
                    "answer": 0
                }
            ],
            [
                {
                    "answer": 0
                },
                {
                    "answer": 0
                },
                {
                    "answer": 0
                }
            ],
            [
                {
                    "answer": 0
                },
                {
                    "answer": 0
                },
                {
                    "answer": 0
                }
            ],
            [
                {
                    "answer": 0
                },
                {
                    "answer": 0
                },
                {
                    "answer": 0
                }
            ],
            [
                {
                    "answer": 0
                },
                {
                    "answer": 0
                },
                {
                    "answer": 0
                }
            ],
            [
                {
                    "answer": 0
                },
                {
                    "answer": 0
                },
                {
                    "answer": 0
                }
            ],
            [
                {
                    "answer": 1
                },
                {
                    "answer": 0
                },
                {
                    "answer": 1
                }
            ],
            [
                {
                    "answer": 0
                },
                {
                    "answer": 0
                },
                {
                    "answer": 0
                }
            ],
            [
                {
                    "answer": 0
                },
                {
                    "answer": 0
                },
                {
                    "answer": 0
                }
            ],
            [
                {
                    "answer": 0
                },
                {
                    "answer": 1
                },
                {
                    "answer": 0
                }
            ],
            {
                "0": {
                    "answer": 0
                },
                "1": {
                    "answer": 0
                },
                "2": {
                    "answer": 0
                },
                "comment": ""
            }
        ],
        "2": {
            "answer": "Tout ou la plupart de l'énergie dépend d'acteurs externes (0-20% viennent de votre propre exploitation)"
        },
        "3": {
            "answer": "Beaucoup"
        },
        "4": {
            "answer": "Très élevée"
        }
    },
    "ENV_10": {
        "1": {
            "answer": 1
        },
        "2": [
            [
                {
                    "answer": 1
                }
            ],
            [
                {
                    "answer": 0
                }
            ],
            [
                {
                    "answer": 1
                }
            ],
            {
                "0": {
                    "answer": 0
                },
                "comment": ""
            }
        ],
        "3": {
            "answer": "Fermé"
        },
        "4": {
            "answer": "Ouvert"
        },
        "5": {
            "answer": 0
        },
        "7": {
            "answer": "Beaucoup"
        },
        "8": {
            "answer": "Elevée"
        }
    },
    "ENV_11": {
        "1": {
            "answer": 1
        },
        "2": {
            "answer": 1
        },
        "3": [
            {
                "0": {
                    "answer": 0
                },
                "comment": ""
            },
            [
                {
                    "answer": 0
                }
            ],
            {
                "0": {
                    "answer": 0
                },
                "comment": ""
            }
        ],
        "4": {
            "answer": "Beaucoup"
        },
        "5": {
            "answer": "Très"
        },
        "6": [
            [
                {
                    "answer": 1
                },
                {
                    "answer": ""
                },
                {
                    "answer": 1
                }
            ],
            [
                {
                    "answer": 1
                },
                {
                    "answer": "Pas de bétail"
                },
                {
                    "answer": 0
                }
            ],
            {
                "1": {
                    "answer": ""
                },
                "comment": ""
            }
        ],
        "7": {
            "answer": 1
        },
        "8": {
            "answer": 1
        },
        "9": [
            [
                {
                    "answer": 0
                }
            ],
            [
                {
                    "answer": 1
                }
            ],
            [
                {
                    "answer": 0
                }
            ],
            [
                {
                    "answer": 1
                }
            ],
            [
                {
                    "answer": 0
                }
            ],
            {
                "0": {
                    "answer": 0
                },
                "comment": ""
            }
        ],
        "10": {
            "answer": "Beaucoup"
        },
        "11": {
            "answer": "Très élevée"
        }
    },
    "ENV_12": {
        "1": [
            [
                {
                    "answer": 1
                }
            ],
            [
                {
                    "answer": 0
                }
            ],
            [
                {
                    "answer": 1
                }
            ],
            [
                {
                    "answer": 1
                }
            ],
            [
                {
                    "answer": 0
                }
            ],
            [
                {
                    "answer": 1
                }
            ],
            [
                {
                    "answer": 1
                }
            ],
            [
                {
                    "answer": 0
                }
            ],
            [
                {
                    "answer": 1
                }
            ],
            {
                "0": {
                    "answer": 0
                },
                "comment": ""
            }
        ],
        "2": {
            "answer": 3
        },
        "3": {
            "answer": 0
        },
        "4": {
            "answer": "Beaucoup"
        },
        "5": {
            "answer": "Un peu"
        }
    },
    "SOC_01": {
        "2": [
            [
                {
                    "answer": 0
                },
                {
                    "answer": ""
                },
                {
                    "answer": ""
                }
            ],
            [
                {
                    "answer": 0
                },
                {
                    "answer": ""
                },
                {
                    "answer": ""
                }
            ],
            [
                {
                    "answer": 0
                },
                {
                    "answer": ""
                },
                {
                    "answer": ""
                }
            ],
            [
                {
                    "answer": 0
                },
                {
                    "answer": ""
                },
                {
                    "answer": ""
                }
            ],
            [
                {
                    "answer": 0
                },
                {
                    "answer": ""
                },
                {
                    "answer": ""
                }
            ],
            [
                {
                    "answer": 1
                },
                {
                    "answer": "Très actif"
                },
                {
                    "answer": "Une fois toutes les deux semaines"
                }
            ],
            [
                {
                    "answer": 0
                },
                {
                    "answer": ""
                },
                {
                    "answer": ""
                }
            ],
            [
                {
                    "answer": 0
                },
                {
                    "answer": ""
                },
                {
                    "answer": ""
                }
            ],
            [
                {
                    "answer": 0
                },
                {
                    "answer": ""
                },
                {
                    "answer": ""
                }
            ],
            [
                {
                    "answer": 0
                },
                {
                    "answer": ""
                },
                {
                    "answer": ""
                }
            ],
            [
                {
                    "answer": 0
                },
                {
                    "answer": ""
                },
                {
                    "answer": ""
                }
            ],
            [
                {
                    "answer": 0
                },
                {
                    "answer": ""
                },
                {
                    "answer": ""
                }
            ],
            [
                {
                    "answer": 0
                },
                {
                    "answer": ""
                },
                {
                    "answer": ""
                }
            ],
            [
                {
                    "answer": 0
                },
                {
                    "answer": ""
                },
                {
                    "answer": ""
                }
            ],
            [
                {
                    "answer": 0
                },
                {
                    "answer": ""
                },
                {
                    "answer": ""
                }
            ],
            [
                {
                    "answer": 0
                },
                {
                    "answer": ""
                },
                {
                    "answer": ""
                }
            ],
            [
                {
                    "answer": 0
                },
                {
                    "answer": ""
                },
                {
                    "answer": ""
                }
            ],
            [
                {
                    "answer": 0
                },
                {
                    "answer": ""
                },
                {
                    "answer": ""
                }
            ],
            [
                {
                    "answer": 0
                },
                {
                    "answer": ""
                },
                {
                    "answer": ""
                }
            ],
            [
                {
                    "answer": 0
                },
                {
                    "answer": ""
                },
                {
                    "answer": ""
                }
            ],
            {
                "0": {
                    "answer": 0
                },
                "1": {
                    "answer": ""
                },
                "2": {
                    "answer": ""
                },
                "comment": ""
            }
        ],
        "3": [
            [
                {
                    "answer": 1
                }
            ],
            [
                {
                    "answer": 1
                }
            ],
            [
                {
                    "answer": 1
                }
            ],
            [
                {
                    "answer": 1
                }
            ],
            [
                {
                    "answer": 1
                }
            ],
            [
                {
                    "answer": 1
                }
            ],
            [
                {
                    "answer": 1
                }
            ],
            {
                "0": {
                    "answer": 1
                },
                "comment": ""
            }
        ],
        "4": {
            "answer": 0
        },
        "5": {
            "answer": "Ca ouvre la possibilité de parler et d'échanger entre jeunes ça ne sort pas forcément du groupe"
        },
        "6": {
            "answer": "Beaucoup"
        },
        "7": {
            "answer": "Très"
        },
        "8": {
            "answer": "Complètement"
        },
        "9": {
            "answer": "Moyenne"
        }
    },
    "SOC_02": {
        "1": {
            "answer": 1
        },
        "2": {
            "answer": "Complètement"
        },
        "3": {
            "answer": "Très élevée"
        }
    },
    "SOC_03": {
        "1": [
            [
                {
                    "answer": 0
                }
            ],
            [
                {
                    "answer": 0
                }
            ],
            [
                {
                    "answer": 1
                }
            ],
            [
                {
                    "answer": 0
                }
            ],
            [
                {
                    "answer": 0
                }
            ],
            [
                {
                    "answer": 0
                }
            ],
            [
                {
                    "answer": 0
                }
            ],
            [
                {
                    "answer": 0
                }
            ],
            [
                {
                    "answer": 1
                }
            ],
            [
                {
                    "answer": 0
                }
            ],
            {
                "0": {
                    "answer": 0
                },
                "comment": ""
            }
        ],
        "2": {
            "answer": 1
        },
        "3": {
            "answer": "en adoptant des techniques culturales simplifiées pour conserver l'eau"
        },
        "4": {
            "answer": "Beaucoup"
        },
        "5": {
            "answer": 0
        },
        "6": {
            "answer": "Beaucoup"
        },
        "7": {
            "answer": "Moyennement"
        }
    },
    "SOC_04": {
        "1": {
            "answer": "Non"
        },
        "2": {
            "answer": ""
        },
        "3": {
            "answer": ""
        }
    },
    "SOC_05": {
        "1": {
            "answer": "Oui"
        },
        "2": {
            "answer": 1
        },
        "3": [
            [
                {
                    "answer": 1
                }
            ],
            [
                {
                    "answer": 0
                }
            ],
            [
                {
                    "answer": 0
                }
            ],
            {
                "0": {
                    "answer": 0
                },
                "comment": ""
            }
        ],
        "4": [
            [
                {
                    "answer": 0
                }
            ],
            [
                {
                    "answer": 0
                }
            ],
            [
                {
                    "answer": 1
                }
            ],
            [
                {
                    "answer": 0
                }
            ],
            {
                "0": {
                    "answer": 0
                },
                "comment": ""
            }
        ],
        "5": {
            "answer": "Moyennement"
        },
        "6": {
            "answer": "Elevée"
        }
    },
    "SOC_06": {
        "1": {
            "answer": "Quelques fois"
        },
        "2": {
            "answer": 1
        },
        "3": {
            "answer": 1
        },
        "4": {
            "answer": "Beaucoup"
        },
        "5": {
            "answer": "Très élevée"
        }
    },
    "EC_09": {
        "1": [
            [
                {
                    "answer": 1
                },
                {
                    "answer": ""
                }
            ],
            [
                {
                    "answer": "Pas de possession"
                },
                {
                    "answer": ""
                }
            ],
            [
                {
                    "answer": 4
                },
                {
                    "answer": ""
                }
            ],
            [
                {
                    "answer": 2
                },
                {
                    "answer": ""
                }
            ],
            [
                {
                    "answer": 3
                },
                {
                    "answer": ""
                }
            ],
            {
                "0": {
                    "answer": ""
                },
                "1": {
                    "answer": ""
                },
                "comment": ""
            }
        ],
        "2": {
            "answer": "Beaucoup"
        },
        "3": {
            "answer": "Elevée"
        }
    },
    "EC_08": {
        "1": [
            [
                {
                    "answer": "Cultures"
                },
                {
                    "answer": 1
                },
                {
                    "answer": 0
                },
                {
                    "answer": 0
                },
                {
                    "answer": ""
                },
                {
                    "answer": 1
                }
            ],
            [
                {
                    "answer": "bâtiment"
                },
                {
                    "answer": 1
                },
                {
                    "answer": 1
                },
                {
                    "answer": 0
                },
                {
                    "answer": ""
                },
                {
                    "answer": 1
                }
            ],
            [
                {
                    "answer": "machines"
                },
                {
                    "answer": 1
                },
                {
                    "answer": 1
                },
                {
                    "answer": 0
                },
                {
                    "answer": ""
                },
                {
                    "answer": 0
                }
            ],
            [
                {
                    "answer": ""
                },
                {
                    "answer": 0
                },
                {
                    "answer": 0
                },
                {
                    "answer": 0
                },
                {
                    "answer": ""
                },
                {
                    "answer": 0
                }
            ],
            [
                {
                    "answer": ""
                },
                {
                    "answer": 0
                },
                {
                    "answer": 0
                },
                {
                    "answer": 0
                },
                {
                    "answer": ""
                },
                {
                    "answer": 0
                }
            ],
            [
                {
                    "answer": ""
                },
                {
                    "answer": 0
                },
                {
                    "answer": 0
                },
                {
                    "answer": 0
                },
                {
                    "answer": ""
                },
                {
                    "answer": 0
                }
            ],
            [
                {
                    "answer": ""
                },
                {
                    "answer": 0
                },
                {
                    "answer": 0
                },
                {
                    "answer": 0
                },
                {
                    "answer": ""
                },
                {
                    "answer": 0
                }
            ],
            [
                {
                    "answer": ""
                },
                {
                    "answer": 0
                },
                {
                    "answer": 0
                },
                {
                    "answer": 0
                },
                {
                    "answer": ""
                },
                {
                    "answer": 0
                }
            ],
            [
                {
                    "answer": ""
                },
                {
                    "answer": 0
                },
                {
                    "answer": 0
                },
                {
                    "answer": 0
                },
                {
                    "answer": ""
                },
                {
                    "answer": 0
                }
            ],
            [
                {
                    "answer": ""
                },
                {
                    "answer": 0
                },
                {
                    "answer": 0
                },
                {
                    "answer": 0
                },
                {
                    "answer": ""
                },
                {
                    "answer": 0
                }
            ]
        ],
        "2": {
            "answer": "Moyennement"
        },
        "3": {
            "answer": "Elevée"
        }
    },
    "EC_11": {
        "1": {
            "answer": 2
        },
        "2": [
            [
                {
                    "answer": "Production agricoles"
                }
            ],
            [
                {
                    "answer": "Revenu externe à l'exploitation"
                }
            ],
            [
                {
                    "answer": ""
                }
            ]
        ],
        "3": {
            "answer": "Profit stable"
        },
        "4": {
            "answer": 50
        },
        "5": {
            "answer": 0
        },
        "6": {
            "answer": "Beaucoup"
        },
        "7": {
            "answer": "Très élevée"
        }
    },
    "EC_12": {
        "1": {
            "answer": "Non"
        },
        "2": {
            "answer": 1
        },
        "3": {
            "answer": "Beaucoup"
        },
        "4": {
            "answer": "Très"
        }
    },
    "EC_14": {
        "1": {
            "answer": 1
        },
        "2": {
            "answer": [
                "Achat de biens d'investissement (terrain, immobilier, etc.)"
            ],
            "comment": ""
        },
        "3": {
            "answer": "Un peu"
        },
        "4": {
            "answer": "Beaucoup"
        }
    },
    "EC_01": {
        "1": {
            "answer": "Moins de 45% de fonds propres"
        },
        "2": {
            "answer": "Moyennement"
        },
        "3": {
            "answer": "Beaucoup"
        }
    },
    "EC_15": {
        "1": {
            "answer": "J'ai un peu de 'marge de manoeuvre' (c.-à-d. ce que je peux faire/entreprendre est limité)"
        },
        "2": {
            "answer": 0
        },
        "3": {
            "answer": "Un peu"
        },
        "4": {
            "answer": "Très"
        }
    },
    "EC_10": {
        "1": [
            [
                {
                    "answer": "matériel agricole"
                }
            ],
            [
                {
                    "answer": "intérêts d'emprunts bancaires"
                }
            ],
            [
                {
                    "answer": "bail/loyer"
                }
            ],
            [
                {
                    "answer": "main-d'oeuvre"
                }
            ],
            [
                {
                    "answer": "pesticides"
                }
            ]
        ],
        "2": {
            "answer": 1
        },
        "3": {
            "answer": 0
        },
        "4": {
            "answer": "Beaucoup"
        },
        "5": {
            "answer": "Très"
        }
    },
    "EC_13": {
        "1": [
            [
                {
                    "answer": "Oui"
                }
            ],
            [
                {
                    "answer": "Pas applicable"
                }
            ],
            [
                {
                    "answer": "Oui"
                }
            ],
            [
                {
                    "answer": "Oui"
                }
            ],
            [
                {
                    "answer": "Oui"
                }
            ],
            [
                {
                    "answer": "Oui"
                }
            ],
            [
                {
                    "answer": "Oui"
                }
            ],
            [
                {
                    "answer": "Oui"
                }
            ],
            {
                "0": {
                    "answer": ""
                },
                "comment": ""
            }
        ],
        "2": {
            "answer": 50
        },
        "3": {
            "answer": "Beaucoup"
        },
        "4": {
            "answer": "Beaucoup"
        }
    },
    "EC_07": {
        "1": [
            [
                {
                    "answer": 1
                }
            ],
            [
                {
                    "answer": 1
                }
            ],
            [
                {
                    "answer": 1
                }
            ],
            [
                {
                    "answer": 1
                }
            ],
            [
                {
                    "answer": 1
                }
            ],
            [
                {
                    "answer": 1
                }
            ],
            [
                {
                    "answer": 1
                }
            ],
            [
                {
                    "answer": 0
                }
            ],
            [
                {
                    "answer": 1
                }
            ],
            {
                "comment": ""
            }
        ],
        "2": {
            "answer": "Complètement"
        },
        "3": {
            "answer": "Très"
        }
    },
    "EC_06": {
        "1": {
            "answer": "Souvent"
        },
        "2": {
            "answer": "Moyennement"
        },
        "3": {
            "answer": "Moyennement"
        }
    },
    "EC_03": {
        "1": [
            [
                {
                    "answer": "Non"
                },
                {
                    "answer": ""
                }
            ],
            [
                {
                    "answer": "Non"
                },
                {
                    "answer": ""
                }
            ],
            [
                {
                    "answer": "Non applicable"
                },
                {
                    "answer": ""
                }
            ]
        ],
        "2": {
            "answer": [
                "Je suis satisfait"
            ]
        },
        "3": {
            "answer": "Moyennement"
        },
        "4": {
            "answer": "Très"
        }
    },
    "EC_04": {
        "1": [
            [
                {
                    "answer": "Betteraves"
                },
                {
                    "answer": 1
                },
                {
                    "answer": "Un mixte des deux"
                },
                {
                    "answer": "Jamais"
                },
                {
                    "answer": 1
                }
            ],
            [
                {
                    "answer": "Prairies extensives vendues pour chevaux"
                },
                {
                    "answer": 0
                },
                {
                    "answer": "Je suis satisfait"
                },
                {
                    "answer": "Jamais"
                },
                {
                    "answer": 1
                }
            ],
            [
                {
                    "answer": "Blé"
                },
                {
                    "answer": 1
                },
                {
                    "answer": "Je suis satisfait"
                },
                {
                    "answer": "Jamais"
                },
                {
                    "answer": 1
                }
            ],
            [
                {
                    "answer": "Pomme de terre"
                },
                {
                    "answer": 0
                },
                {
                    "answer": "Je suis satisfait"
                },
                {
                    "answer": "Jamais"
                },
                {
                    "answer": 1
                }
            ],
            [
                {
                    "answer": "Colza"
                },
                {
                    "answer": 1
                },
                {
                    "answer": "Je suis satisfait"
                },
                {
                    "answer": "Jamais"
                },
                {
                    "answer": 1
                }
            ],
            [
                {
                    "answer": "Maïs"
                },
                {
                    "answer": 1
                },
                {
                    "answer": "Je suis satisfait"
                },
                {
                    "answer": "Jamais"
                },
                {
                    "answer": 1
                }
            ]
        ],
        "2": {
            "answer": "Moyennement"
        },
        "3": {
            "answer": "Beaucoup"
        }
    },
    "EC_02": {
        "2": [
            {
                "0": {
                    "answer": ""
                },
                "2": {
                    "answer": ""
                },
                "3": {
                    "answer": ""
                }
            },
            {
                "0": {
                    "answer": ""
                },
                "2": {
                    "answer": ""
                },
                "3": {
                    "answer": ""
                }
            },
            {
                "0": {
                    "answer": ""
                },
                "2": {
                    "answer": ""
                },
                "3": {
                    "answer": ""
                }
            },
            {
                "0": {
                    "answer": ""
                },
                "2": {
                    "answer": ""
                },
                "3": {
                    "answer": ""
                }
            },
            {
                "0": {
                    "answer": ""
                },
                "2": {
                    "answer": ""
                },
                "3": {
                    "answer": ""
                }
            },
            {
                "0": {
                    "answer": ""
                },
                "2": {
                    "answer": ""
                },
                "3": {
                    "answer": ""
                }
            }
        ],
        "3": {
            "answer": ""
        },
        "4": {
            "answer": ""
        },
        "5": {
            "answer": ""
        }
    },
    "EC_16": {
        "1": [
            [
                {
                    "answer": "Betteraves"
                },
                {
                    "answer": "Agro-industrie"
                },
                {
                    "answer": 0
                },
                {
                    "answer": "Acteur de la chaîne agroalimentaire"
                },
                {
                    "answer": "Vous"
                },
                {
                    "answer": "Pas du tout"
                },
                {
                    "answer": "Pas du tout"
                },
                {
                    "answer": "Pas du tout"
                }
            ],
            [
                {
                    "answer": "Prairies extensives vendues pour chevaux"
                },
                {
                    "answer": "Vente aux détaillants sans passer par un intermédiaire"
                },
                {
                    "answer": 1
                },
                {
                    "answer": "Acteur de la chaîne agroalimentaire"
                },
                {
                    "answer": "Vous"
                },
                {
                    "answer": "Pas du tout"
                },
                {
                    "answer": "Pas du tout"
                },
                {
                    "answer": "Pas du tout"
                }
            ],
            [
                {
                    "answer": "Blé"
                },
                {
                    "answer": "Agro-industrie"
                },
                {
                    "answer": 0
                },
                {
                    "answer": "Acteur de la chaîne agroalimentaire"
                },
                {
                    "answer": "Vous"
                },
                {
                    "answer": "Pas du tout"
                },
                {
                    "answer": "Pas du tout"
                },
                {
                    "answer": "Pas du tout"
                }
            ],
            [
                {
                    "answer": "Pomme de terre"
                },
                {
                    "answer": "Vente aux détaillants sans passer par un intermédiaire"
                },
                {
                    "answer": 1
                },
                {
                    "answer": "Acteur de la chaîne agroalimentaire"
                },
                {
                    "answer": "Vous"
                },
                {
                    "answer": "Pas du tout"
                },
                {
                    "answer": "Pas du tout"
                },
                {
                    "answer": "Pas du tout"
                }
            ],
            [
                {
                    "answer": "Colza"
                },
                {
                    "answer": "Agro-industrie"
                },
                {
                    "answer": 0
                },
                {
                    "answer": "Acteur de la chaîne agroalimentaire"
                },
                {
                    "answer": "Vous"
                },
                {
                    "answer": "Pas du tout"
                },
                {
                    "answer": "Pas du tout"
                },
                {
                    "answer": "Pas du tout"
                }
            ],
            [
                {
                    "answer": "Maïs"
                },
                {
                    "answer": "Agro-industrie"
                },
                {
                    "answer": 0
                },
                {
                    "answer": "Acteur de la chaîne agroalimentaire"
                },
                {
                    "answer": "Vous"
                },
                {
                    "answer": "Pas du tout"
                },
                {
                    "answer": "Pas du tout"
                },
                {
                    "answer": "Pas du tout"
                }
            ]
        ],
        "2": {
            "answer": "Pas suffisamment"
        },
        "3": {
            "answer": "Beaucoup"
        },
        "4": {
            "answer": "Moyennement"
        }
    },
    "EC_05": {
        "1": [
            [
                {
                    "answer": "Betteraves"
                },
                {
                    "answer": [
                        "Suffisamment élevé"
                    ]
                },
                {
                    "answer": ""
                }
            ],
            [
                {
                    "answer": "Prairies extensives vendues pour chevaux"
                },
                {
                    "answer": [
                        "Stable"
                    ]
                },
                {
                    "answer": ""
                }
            ],
            [
                {
                    "answer": "Blé"
                },
                {
                    "answer": [
                        "Trop bas"
                    ]
                },
                {
                    "answer": ""
                }
            ],
            [
                {
                    "answer": "Pomme de terre"
                },
                {
                    "answer": [
                        "Trop bas"
                    ]
                },
                {
                    "answer": ""
                }
            ],
            [
                {
                    "answer": "Colza"
                },
                {
                    "answer": [
                        "Trop bas"
                    ]
                },
                {
                    "answer": ""
                }
            ],
            [
                {
                    "answer": "Maïs"
                },
                {
                    "answer": [
                        "Trop bas"
                    ]
                },
                {
                    "answer": ""
                }
            ]
        ],
        "2": {
            "answer": "Pas du tout"
        },
        "3": {
            "answer": "Complètement"
        }
    }
}