{
    "ADM_01": {
        "1": {
            "answer": "adelaide"
        },
        "2": {
            "answer": "rainer"
        },
        "3": {
            "answer": "huber"
        },
        "4": {
            "answer": 1.12
        },
        "5": {
            "answer": "Betriebsleiter*in"
        },
        "6": {
            "answer": ""
        },
        "7": {
            "answer": "deutschlqnd"
        },
        "8": {
            "answer": "bawu"
        },
        "9": {
            "answer": "bodenseekreis"
        },
        "10": {
            "answer": "deggenhausertal"
        },
        "11": {
            "answer": ""
        },
        "12": {
            "answer": ""
        },
        "13": {
            "answer": 8.2
        },
        "14": {
            "answer": "Mann"
        },
        "15": {
            "answer": 52
        },
        "16": {
            "answer": "Viehbetrieb"
        },
        "17": {
            "answer": "Konventionell"
        },
        "18": {
            "answer": "51-100 ha"
        }
    },
    "PSP_02": {
        "1": [
            [
                {
                    "answer": true
                },
                {
                    "answer": false
                },
                {
                    "answer": true
                }
            ],
            [
                {
                    "answer": true
                },
                {
                    "answer": false
                },
                {
                    "answer": true
                }
            ],
            [
                {
                    "answer": false
                },
                {
                    "answer": false
                },
                {
                    "answer": false
                }
            ],
            [
                {
                    "answer": false
                },
                {
                    "answer": false
                },
                {
                    "answer": false
                }
            ],
            [
                {
                    "answer": false
                },
                {
                    "answer": false
                },
                {
                    "answer": false
                }
            ],
            [
                {
                    "answer": false
                },
                {
                    "answer": false
                },
                {
                    "answer": false
                }
            ],
            [
                {
                    "answer": true
                },
                {
                    "answer": true
                },
                {
                    "answer": false
                }
            ],
            [
                {
                    "answer": false
                },
                {
                    "answer": false
                },
                {
                    "answer": false
                }
            ],
            [
                {
                    "answer": false
                },
                {
                    "answer": false
                },
                {
                    "answer": false
                }
            ],
            [
                {
                    "answer": false
                },
                {
                    "answer": false
                },
                {
                    "answer": false
                }
            ],
            [
                {
                    "answer": false
                },
                {
                    "answer": false
                },
                {
                    "answer": false
                }
            ],
            [
                {
                    "answer": true
                },
                {
                    "answer": true
                },
                {
                    "answer": false
                }
            ]
        ],
        "2": [
            [
                {
                    "answer": true
                }
            ],
            [
                {
                    "answer": false
                }
            ],
            [
                {
                    "answer": false
                }
            ]
        ],
        "3": {
            "answer": "Mittelmäßig"
        },
        "4": {
            "answer": "Sehr"
        }
    },
    "PSP_01": {
        "1": [
            [
                {
                    "answer": 1
                },
                {
                    "answer": true
                },
                {
                    "answer": 1
                },
                {
                    "answer": 1
                },
                {
                    "answer": 1
                },
                {
                    "answer": ""
                },
                {
                    "answer": 1
                }
            ],
            [
                {
                    "answer": 1
                },
                {
                    "answer": false
                },
                {
                    "answer": 1
                },
                {
                    "answer": ""
                },
                {
                    "answer": 1
                },
                {
                    "answer": ""
                },
                {
                    "answer": ""
                }
            ],
            [
                {
                    "answer": ""
                },
                {
                    "answer": false
                },
                {
                    "answer": ""
                },
                {
                    "answer": ""
                },
                {
                    "answer": ""
                },
                {
                    "answer": ""
                },
                {
                    "answer": ""
                }
            ],
            [
                {
                    "answer": ""
                },
                {
                    "answer": false
                },
                {
                    "answer": ""
                },
                {
                    "answer": ""
                },
                {
                    "answer": ""
                },
                {
                    "answer": ""
                },
                {
                    "answer": ""
                }
            ],
            [
                {
                    "answer": 1
                },
                {
                    "answer": false
                },
                {
                    "answer": ""
                },
                {
                    "answer": 1
                },
                {
                    "answer": ""
                },
                {
                    "answer": ""
                },
                {
                    "answer": 1
                }
            ],
            [
                {
                    "answer": ""
                },
                {
                    "answer": false
                },
                {
                    "answer": ""
                },
                {
                    "answer": ""
                },
                {
                    "answer": ""
                },
                {
                    "answer": ""
                },
                {
                    "answer": ""
                }
            ]
        ],
        "2": {
            "answer": "Zwischen 49h und 70h/Woche"
        },
        "3": {
            "answer": "Nein"
        },
        "4": {
            "answer": "Er/Sie konnte sich nicht frei entscheiden, aber ist glücklich mit dem Beruf."
        },
        "5": [
            [
                {
                    "answer": true
                },
                {
                    "answer": "schweinehaltung"
                }
            ],
            [
                {
                    "answer": false
                },
                {
                    "answer": ""
                }
            ]
        ],
        "6": {
            "answer": "Sehr"
        },
        "7": {
            "answer": "Sehr"
        }
    },
    "PSP_04": {
        "1": {
            "answer": "Ja"
        },
        "2": [
            [
                {
                    "answer": true
                },
                {
                    "answer": ""
                }
            ],
            [
                {
                    "answer": false
                },
                {
                    "answer": ""
                }
            ],
            [
                {
                    "answer": false
                },
                {
                    "answer": ""
                }
            ],
            [
                {
                    "answer": true
                },
                {
                    "answer": ""
                }
            ],
            [
                {
                    "answer": true
                },
                {
                    "answer": ""
                }
            ],
            [
                {
                    "answer": false
                },
                {
                    "answer": ""
                }
            ],
            [
                {
                    "answer": false
                },
                {
                    "answer": ""
                }
            ],
            [
                {
                    "answer": false
                },
                {
                    "answer": ""
                }
            ],
            [
                {
                    "answer": false
                },
                {
                    "answer": ""
                }
            ],
            [
                {
                    "answer": false
                },
                {
                    "answer": ""
                }
            ],
            [
                {
                    "answer": true
                },
                {
                    "answer": ""
                }
            ],
            [
                {
                    "answer": false
                },
                {
                    "answer": ""
                }
            ],
            [
                {
                    "answer": false
                },
                {
                    "answer": ""
                }
            ],
            [
                {
                    "answer": false
                },
                {
                    "answer": ""
                }
            ],
            [
                {
                    "answer": false
                },
                {
                    "answer": ""
                }
            ],
            [
                {
                    "answer": false
                },
                {
                    "answer": ""
                }
            ],
            [
                {
                    "answer": true
                },
                {
                    "answer": ""
                }
            ],
            [
                {
                    "answer": false
                },
                {
                    "answer": ""
                }
            ],
            [
                {
                    "answer": false
                },
                {
                    "answer": ""
                }
            ],
            [
                {
                    "answer": false
                },
                {
                    "answer": ""
                }
            ],
            [
                {
                    "answer": false
                },
                {
                    "answer": ""
                }
            ],
            [
                {
                    "answer": false
                },
                {
                    "answer": ""
                }
            ],
            [
                {
                    "answer": false
                },
                {
                    "answer": ""
                }
            ],
            [
                {
                    "answer": false
                },
                {
                    "answer": ""
                }
            ],
            [
                {
                    "answer": false
                },
                {
                    "answer": ""
                }
            ],
            [
                {
                    "answer": false
                },
                {
                    "answer": ""
                }
            ],
            [
                {
                    "answer": false
                },
                {
                    "answer": ""
                }
            ],
            [
                {
                    "answer": false
                },
                {
                    "answer": ""
                }
            ],
            [
                {
                    "answer": false
                },
                {
                    "answer": ""
                }
            ],
            [
                {
                    "answer": false
                },
                {
                    "answer": ""
                }
            ],
            [
                {
                    "answer": false
                },
                {
                    "answer": ""
                }
            ],
            [
                {
                    "answer": false
                },
                {
                    "answer": ""
                }
            ]
        ],
        "3": {
            "answer": "Ja",
            "comment": ""
        },
        "4": [
            [
                {
                    "answer": false
                }
            ],
            [
                {
                    "answer": true
                }
            ],
            [
                {
                    "answer": true
                }
            ],
            [
                {
                    "answer": false
                }
            ]
        ],
        "5": {
            "answer": "Vollständig"
        },
        "6": {
            "answer": "Sehr"
        }
    },
    "PSP_05": {
        "1": {
            "answer": "Ja"
        },
        "2": [
            [
                {
                    "answer": ""
                },
                {
                    "answer": ""
                },
                {
                    "answer": false
                }
            ],
            [
                {
                    "answer": ""
                },
                {
                    "answer": ""
                },
                {
                    "answer": false
                }
            ],
            [
                {
                    "answer": ""
                },
                {
                    "answer": ""
                },
                {
                    "answer": false
                }
            ],
            [
                {
                    "answer": ""
                },
                {
                    "answer": ""
                },
                {
                    "answer": false
                }
            ],
            [
                {
                    "answer": 500
                },
                {
                    "answer": 1
                },
                {
                    "answer": true
                }
            ],
            [
                {
                    "answer": ""
                },
                {
                    "answer": ""
                },
                {
                    "answer": false
                }
            ],
            [
                {
                    "answer": ""
                },
                {
                    "answer": ""
                },
                {
                    "answer": false
                }
            ],
            [
                {
                    "answer": ""
                },
                {
                    "answer": ""
                },
                {
                    "answer": false
                }
            ]
        ],
        "3": {
            "answer": "Vollständig"
        },
        "4": {
            "answer": "Überhaupt nicht"
        }
    },
    "PSP_07": {
        "1": [
            [
                {
                    "answer": false
                }
            ],
            [
                {
                    "answer": false
                }
            ],
            [
                {
                    "answer": false
                }
            ],
            [
                {
                    "answer": false
                }
            ],
            [
                {
                    "answer": false
                }
            ],
            [
                {
                    "answer": false
                }
            ],
            [
                {
                    "answer": false
                }
            ],
            [
                {
                    "answer": false
                }
            ]
        ],
        "2": {
            "answer": ""
        },
        "3": {
            "answer": "sojaschrot und rapsschrot, mineralien, faserschrot"
        },
        "4": [],
        "5": {
            "answer": "11-20%"
        },
        "6": {
            "answer": "Ja"
        },
        "7": {
            "answer": "Vollständig"
        },
        "8": {
            "answer": "Sehr"
        }
    },
    "PSP_03": {
        "1": {
            "answer": "Nein"
        },
        "2": [
            [
                {
                    "answer": ""
                },
                {
                    "answer": ""
                },
                {
                    "answer": false
                },
                {
                    "answer": ""
                },
                {
                    "answer": ""
                }
            ],
            [
                {
                    "answer": ""
                },
                {
                    "answer": ""
                },
                {
                    "answer": false
                },
                {
                    "answer": ""
                },
                {
                    "answer": ""
                }
            ],
            [
                {
                    "answer": ""
                },
                {
                    "answer": ""
                },
                {
                    "answer": false
                },
                {
                    "answer": ""
                },
                {
                    "answer": ""
                }
            ],
            [
                {
                    "answer": ""
                },
                {
                    "answer": ""
                },
                {
                    "answer": false
                },
                {
                    "answer": ""
                },
                {
                    "answer": ""
                }
            ]
        ],
        "3": [],
        "4": []
    },
    "PSP_08": {
        "1": [
            [
                {
                    "answer": "Nein"
                },
                []
            ],
            [
                {
                    "answer": "Nein"
                },
                []
            ],
            [
                {
                    "answer": "Nein"
                },
                []
            ],
            [
                {
                    "answer": "Nein"
                },
                {
                    "answer": "Ja"
                }
            ],
            [
                {
                    "answer": "Ja"
                },
                []
            ],
            [
                {
                    "answer": "Nein"
                },
                []
            ],
            [
                {
                    "answer": "Nein"
                },
                {
                    "answer": "Nein"
                }
            ],
            [
                {
                    "answer": "Nein"
                },
                {
                    "answer": "Nein"
                }
            ]
        ],
        "2": {
            "answer": "Vollständig"
        },
        "3": {
            "answer": "Sehr"
        },
        "4": {
            "answer": "Vollständig"
        },
        "5": {
            "answer": "Überhaupt nicht"
        }
    },
    "PSP_09": {
        "1": {
            "answer": "Ich weiß es nicht."
        },
        "2": {
            "answer": "hybridsorte raps"
        },
        "3": {
            "answer": "nur raps"
        },
        "4": {
            "answer": ""
        },
        "5": {
            "answer": "Ja"
        },
        "6": {
            "answer": "Nein"
        },
        "7": {
            "answer": ""
        },
        "8": {
            "answer": "Nein"
        },
        "9": {
            "answer": ""
        },
        "10": {
            "answer": ""
        },
        "11": {
            "answer": ""
        },
        "12": [],
        "13": [],
        "14": [],
        "15": {
            "answer": "Ein wenig"
        }
    },
    "PSP_10": {
        "1": {
            "answer": "Nein"
        },
        "2": {
            "answer": ""
        },
        "3": [],
        "4": {
            "answer": []
        },
        "5": {
            "answer": "11-20 %"
        },
        "6": {
            "answer": ""
        },
        "7": {
            "answer": [
                "Brennholz",
                "Holz für Baumaterial"
            ]
        },
        "8": {
            "answer": "Vollständig"
        },
        "9": {
            "answer": "Sehr"
        }
    },
    "PSP_11": {
        "1": {
            "answer": "Ja"
        },
        "2": {
            "answer": [
                "Starker Wind ",
                "Hagel"
            ]
        },
        "3": [
            [
                {
                    "answer": false
                },
                {
                    "answer": ""
                }
            ],
            [
                {
                    "answer": true
                },
                {
                    "answer": "versicherung, futter zukaufen"
                }
            ]
        ],
        "4": {
            "answer": "Nein"
        },
        "5": {
            "answer": []
        },
        "6": [
            [
                {
                    "answer": false
                },
                {
                    "answer": ""
                }
            ],
            [
                {
                    "answer": false
                },
                {
                    "answer": ""
                }
            ]
        ],
        "7": {
            "answer": "Vollständig"
        },
        "8": {
            "answer": "Überhaupt nicht"
        }
    },
    "PSP_12": {
        "1": [
            [
                {
                    "answer": "Ja"
                }
            ],
            [
                {
                    "answer": "Ja"
                }
            ],
            [
                {
                    "answer": "Nein"
                }
            ],
            [
                {
                    "answer": "Ja"
                }
            ],
            [
                {
                    "answer": "Ja"
                }
            ],
            [
                {
                    "answer": "Nicht anwendbar"
                }
            ],
            [
                {
                    "answer": "Ja"
                }
            ],
            [
                {
                    "answer": "Ja"
                }
            ],
            [
                {
                    "answer": "Ja"
                }
            ],
            [
                {
                    "answer": "Ja"
                }
            ],
            [
                []
            ]
        ],
        "2": {
            "answer": "Beinahe völlig"
        },
        "3": {
            "answer": "Sehr"
        }
    },
    "PSP_13": {
        "1": [
            [
                {
                    "answer": true
                },
                {
                    "answer": true
                }
            ],
            [
                {
                    "answer": true
                },
                {
                    "answer": true
                }
            ],
            [
                {
                    "answer": true
                },
                {
                    "answer": false
                }
            ],
            [
                {
                    "answer": true
                },
                {
                    "answer": true
                }
            ],
            [
                {
                    "answer": true
                },
                {
                    "answer": true
                }
            ],
            [
                {
                    "answer": true
                },
                {
                    "answer": true
                }
            ],
            [
                {
                    "answer": true
                },
                {
                    "answer": false
                }
            ],
            [
                {
                    "answer": true
                },
                {
                    "answer": true
                }
            ],
            [
                {
                    "answer": true
                },
                {
                    "answer": true
                }
            ],
            [
                {
                    "answer": false
                },
                {
                    "answer": false
                }
            ]
        ],
        "2": {
            "answer": "Vollständig"
        },
        "3": {
            "answer": "Sehr"
        }
    },
    "PSP_14": {
        "1": {
            "answer": "Ja"
        },
        "2": {
            "answer": "Ja"
        },
        "3": {
            "answer": [
                "Höhere Temperaturen",
                "Anderes (Bitte spezifizieren):"
            ]
        },
        "4": {
            "answer": "sturmschaden"
        },
        "5": {
            "answer": "Ja"
        },
        "6": {
            "answer": "Ja"
        },
        "7": {
            "answer": "gut"
        },
        "8": {
            "answer": "Ja"
        },
        "9": [
            [
                {
                    "answer": true
                }
            ],
            [
                {
                    "answer": true
                }
            ],
            [
                {
                    "answer": true
                }
            ],
            [
                {
                    "answer": true
                }
            ],
            [
                {
                    "answer": false
                }
            ],
            [
                {
                    "answer": true
                }
            ],
            [
                {
                    "answer": true
                }
            ],
            [
                {
                    "answer": true
                }
            ],
            [
                {
                    "answer": false
                }
            ]
        ],
        "10": {
            "answer": "Nein"
        },
        "11": {
            "answer": "Ja"
        },
        "12": {
            "answer": "Drei Quellen oder mehr"
        },
        "13": {
            "answer": "Beinahe völlig"
        },
        "14": {
            "answer": "Sehr"
        }
    },
    "PSP_15": {
        "1": {
            "answer": "Ja"
        },
        "2": {
            "answer": ""
        },
        "3": {
            "answer": "Beinahe völlig"
        },
        "4": {
            "answer": "Sehr"
        }
    },
    "PSP_16": {
        "1": {
            "answer": "Ja"
        },
        "2": [
            [
                {
                    "answer": false
                }
            ],
            [
                {
                    "answer": true
                }
            ],
            [
                {
                    "answer": true
                }
            ],
            [
                {
                    "answer": true
                }
            ],
            [
                {
                    "answer": true
                }
            ],
            [
                {
                    "answer": false
                }
            ],
            [
                {
                    "answer": false
                }
            ],
            [
                {
                    "answer": false
                }
            ],
            [
                {
                    "answer": false
                }
            ],
            [
                {
                    "answer": false
                }
            ]
        ],
        "3": {
            "answer": "Beinahe völlig"
        },
        "4": {
            "answer": "Sehr"
        }
    },
    "PSP_17": {
        "1": [
            [
                {
                    "answer": true
                },
                {
                    "answer": true
                }
            ],
            [
                {
                    "answer": true
                },
                {
                    "answer": true
                }
            ],
            [
                {
                    "answer": true
                },
                {
                    "answer": true
                }
            ]
        ],
        "2": {
            "answer": "Manchmal"
        },
        "3": {
            "answer": [
                "Augenschutz",
                "Handschuhe"
            ]
        },
        "4": {
            "answer": [
                "Rücknahmestation (z.B. Pamira)"
            ]
        },
        "5": {
            "answer": "Mittelmäßig"
        },
        "6": {
            "answer": "Sehr"
        }
    },
    "PSP_18": {
        "1": {
            "answer": "Nein",
            "comment": ""
        },
        "2": {
            "answer": ""
        },
        "3": [],
        "4": [],
        "5": []
    },
    "GOV_01": {
        "1": {
            "answer": "Ja"
        },
        "2": [
            [
                {
                    "answer": false
                }
            ],
            [
                {
                    "answer": false
                }
            ],
            [
                {
                    "answer": true
                }
            ],
            [
                {
                    "answer": false
                }
            ]
        ],
        "3": {
            "answer": "Nein, sie sind nicht flexibel genug."
        },
        "4": {
            "answer": ""
        },
        "5": {
            "answer": "Ja"
        },
        "6": {
            "answer": "Überhaupt nicht"
        },
        "7": {
            "answer": "Mittelmäßig"
        }
    },
    "ENV_01": {
        "1": [
            [
                [],
                [],
                {
                    "answer": ""
                }
            ],
            [
                [],
                [],
                {
                    "answer": ""
                }
            ],
            [
                [],
                [],
                {
                    "answer": ""
                }
            ],
            [
                [],
                [],
                {
                    "answer": ""
                }
            ],
            [
                [],
                [],
                {
                    "answer": ""
                }
            ]
        ],
        "2": [],
        "3": []
    },
    "ENV_02": {
        "1": {
            "answer": []
        },
        "2": [],
        "3": []
    },
    "ENV_03": {
        "1": [
            [
                {
                    "answer": false
                },
                {
                    "answer": ""
                }
            ],
            [
                {
                    "answer": false
                },
                {
                    "answer": ""
                }
            ],
            [
                {
                    "answer": false
                },
                {
                    "answer": ""
                }
            ],
            [
                {
                    "answer": false
                },
                {
                    "answer": ""
                }
            ],
            [
                {
                    "answer": false
                },
                {
                    "answer": ""
                }
            ],
            [
                {
                    "answer": false
                },
                {
                    "answer": ""
                }
            ]
        ],
        "2": [],
        "3": [],
        "4": [],
        "5": []
    },
    "ENV_04": {
        "1": [
            [
                {
                    "answer": 30
                },
                {
                    "answer": 27
                },
                {
                    "answer": ""
                },
                {
                    "answer": ""
                }
            ],
            [
                {
                    "answer": ""
                },
                {
                    "answer": ""
                },
                {
                    "answer": ""
                },
                {
                    "answer": ""
                }
            ],
            [
                {
                    "answer": 20
                },
                {
                    "answer": ""
                },
                {
                    "answer": ""
                },
                {
                    "answer": ""
                }
            ]
        ],
        "2": {
            "answer": 70
        },
        "3": {
            "answer": ""
        },
        "4": {
            "answer": "Mittelmäßig"
        },
        "5": {
            "answer": "Sehr"
        }
    },
    "ENV_05": {
        "1": {
            "answer": "schwere boden"
        },
        "2": {
            "answer": [
                "Tonig"
            ]
        },
        "3": {
            "answer": "Mittelmäßig"
        },
        "4": {
            "answer": "Ja"
        },
        "5": {
            "answer": "Mittelmäßig"
        },
        "6": {
            "answer": "Ziemlich"
        },
        "7": {
            "answer": "Nein"
        },
        "8": {
            "answer": ""
        },
        "9": {
            "answer": "Ja"
        },
        "10": {
            "answer": "Ja"
        }
    },
    "ENV_06": {
        "1": [
            [
                {
                    "answer": true
                },
                {
                    "answer": ""
                }
            ],
            [
                {
                    "answer": true
                },
                {
                    "answer": ""
                }
            ],
            [
                {
                    "answer": true
                },
                {
                    "answer": ""
                }
            ],
            [
                {
                    "answer": true
                },
                {
                    "answer": ""
                }
            ],
            [
                {
                    "answer": false
                },
                {
                    "answer": ""
                }
            ],
            [
                {
                    "answer": true
                },
                {
                    "answer": ""
                }
            ],
            [
                {
                    "answer": false
                },
                {
                    "answer": ""
                }
            ],
            [
                {
                    "answer": false
                },
                {
                    "answer": ""
                }
            ],
            [
                {
                    "answer": false
                },
                {
                    "answer": ""
                }
            ],
            [
                {
                    "answer": true
                },
                {
                    "answer": ""
                }
            ],
            [
                {
                    "answer": true
                },
                {
                    "answer": ""
                }
            ],
            [
                {
                    "answer": true
                },
                {
                    "answer": ""
                }
            ],
            [
                {
                    "answer": false
                },
                {
                    "answer": ""
                }
            ],
            [
                {
                    "answer": false
                },
                {
                    "answer": ""
                }
            ],
            [
                {
                    "answer": false
                },
                {
                    "answer": ""
                }
            ],
            [
                {
                    "answer": false
                },
                {
                    "answer": ""
                }
            ]
        ],
        "2": {
            "answer": "Mittelmäßig"
        },
        "3": {
            "answer": "Ziemlich"
        }
    },
    "ENV_07": {
        "1": {
            "answer": "Ja, jedes Jahr"
        },
        "2": {
            "answer": "futtererbse"
        },
        "3": {
            "answer": "Sehr"
        },
        "4": {
            "answer": "Ziemlich"
        }
    },
    "ENV_08": {
        "1": {
            "answer": "Weniger als 7%"
        },
        "2": {
            "answer": "Überhaupt nicht"
        },
        "3": {
            "answer": "Ein wenig"
        }
    },
    "ENV_09": {
        "1": [
            [
                {
                    "answer": false
                },
                {
                    "answer": true
                },
                {
                    "answer": false
                }
            ],
            [
                {
                    "answer": false
                },
                {
                    "answer": false
                },
                {
                    "answer": false
                }
            ],
            [
                {
                    "answer": false
                },
                {
                    "answer": false
                },
                {
                    "answer": false
                }
            ],
            [
                {
                    "answer": true
                },
                {
                    "answer": false
                },
                {
                    "answer": false
                }
            ],
            [
                {
                    "answer": false
                },
                {
                    "answer": false
                },
                {
                    "answer": false
                }
            ],
            [
                {
                    "answer": false
                },
                {
                    "answer": false
                },
                {
                    "answer": false
                }
            ],
            [
                {
                    "answer": false
                },
                {
                    "answer": false
                },
                {
                    "answer": false
                }
            ],
            [
                {
                    "answer": true
                },
                {
                    "answer": false
                },
                {
                    "answer": false
                }
            ],
            [
                {
                    "answer": false
                },
                {
                    "answer": false
                },
                {
                    "answer": false
                }
            ],
            [
                {
                    "answer": false
                },
                {
                    "answer": false
                },
                {
                    "answer": true
                }
            ],
            [
                {
                    "answer": false
                },
                {
                    "answer": false
                },
                {
                    "answer": false
                }
            ],
            [
                {
                    "answer": false
                },
                {
                    "answer": false
                },
                {
                    "answer": true
                }
            ],
            [
                {
                    "answer": false
                },
                {
                    "answer": false
                },
                {
                    "answer": false
                }
            ],
            [
                {
                    "answer": false
                },
                {
                    "answer": false
                },
                {
                    "answer": false
                }
            ],
            [
                {
                    "answer": false
                },
                {
                    "answer": true
                },
                {
                    "answer": false
                }
            ],
            [
                {
                    "answer": false
                },
                {
                    "answer": false
                },
                {
                    "answer": false
                }
            ]
        ],
        "2": {
            "answer": "Die gesamte Energie (81-100%) wird auf dem Betrieb produziert."
        },
        "3": {
            "answer": "Beinahe völlig"
        },
        "4": {
            "answer": "Sehr"
        }
    },
    "ENV_10": {
        "1": {
            "answer": "Ja"
        },
        "2": [
            [
                {
                    "answer": false
                }
            ],
            [
                {
                    "answer": false
                }
            ],
            [
                {
                    "answer": false
                }
            ],
            [
                {
                    "answer": true
                }
            ]
        ],
        "3": {
            "answer": "Geschlossen"
        },
        "4": {
            "answer": "Offen"
        },
        "5": {
            "answer": "Nein"
        },
        "6": [],
        "7": {
            "answer": "Beinahe völlig"
        },
        "8": {
            "answer": "Sehr"
        }
    },
    "ENV_11": {
        "1": {
            "answer": "Ja"
        },
        "2": {
            "answer": "Ja"
        },
        "3": [
            [
                {
                    "answer": false
                }
            ],
            [
                {
                    "answer": false
                }
            ],
            [
                {
                    "answer": false
                }
            ]
        ],
        "4": {
            "answer": "Beinahe völlig"
        },
        "5": {
            "answer": "Sehr"
        },
        "6": [
            [
                {
                    "answer": false
                },
                {
                    "answer": ""
                },
                {
                    "answer": false
                }
            ],
            [
                {
                    "answer": true
                },
                {
                    "answer": ""
                },
                {
                    "answer": true
                }
            ],
            [
                {
                    "answer": false
                },
                {
                    "answer": ""
                },
                {
                    "answer": false
                }
            ]
        ],
        "7": {
            "answer": "Ja"
        },
        "8": {
            "answer": "Ja"
        },
        "9": [
            [
                {
                    "answer": true
                }
            ],
            [
                {
                    "answer": true
                }
            ],
            [
                {
                    "answer": false
                }
            ],
            [
                {
                    "answer": false
                }
            ],
            [
                {
                    "answer": false
                }
            ],
            [
                {
                    "answer": false
                }
            ]
        ],
        "10": {
            "answer": "Vollständig"
        },
        "11": {
            "answer": "Sehr"
        }
    },
    "ENV_12": {
        "1": [
            [
                {
                    "answer": true
                }
            ],
            [
                {
                    "answer": true
                }
            ],
            [
                {
                    "answer": false
                }
            ],
            [
                {
                    "answer": true
                }
            ],
            [
                {
                    "answer": false
                }
            ],
            [
                {
                    "answer": true
                }
            ],
            [
                {
                    "answer": true
                }
            ],
            [
                {
                    "answer": false
                }
            ],
            [
                {
                    "answer": false
                }
            ],
            [
                {
                    "answer": false
                }
            ]
        ],
        "2": {
            "answer": "wald: indische springkraut, kreuzkraut"
        },
        "3": {
            "answer": "Ja"
        },
        "4": {
            "answer": "Ziemlich"
        },
        "5": {
            "answer": "Sehr"
        }
    },
    "SOC_01": {
        "1": {
            "answer": "Ja"
        },
        "2": [
            [
                {
                    "answer": false
                },
                [],
                []
            ],
            [
                {
                    "answer": false
                },
                [],
                []
            ],
            [
                {
                    "answer": false
                },
                [],
                []
            ],
            [
                {
                    "answer": false
                },
                [],
                []
            ],
            [
                {
                    "answer": false
                },
                [],
                []
            ],
            [
                {
                    "answer": false
                },
                [],
                []
            ],
            [
                {
                    "answer": false
                },
                [],
                []
            ],
            [
                {
                    "answer": true
                },
                {
                    "answer": "Sehr aktiv"
                },
                {
                    "answer": "Einmal im Monat"
                }
            ],
            [
                {
                    "answer": true
                },
                {
                    "answer": "Leiter*in"
                },
                {
                    "answer": "Einmal im Monat"
                }
            ],
            [
                {
                    "answer": false
                },
                [],
                []
            ],
            [
                {
                    "answer": false
                },
                [],
                []
            ],
            [
                {
                    "answer": false
                },
                [],
                []
            ],
            [
                {
                    "answer": false
                },
                [],
                []
            ],
            [
                {
                    "answer": false
                },
                [],
                []
            ],
            [
                {
                    "answer": false
                },
                [],
                []
            ],
            [
                {
                    "answer": false
                },
                [],
                []
            ],
            [
                {
                    "answer": false
                },
                [],
                []
            ],
            [
                {
                    "answer": false
                },
                [],
                []
            ],
            [
                {
                    "answer": false
                },
                [],
                []
            ],
            [
                {
                    "answer": false
                },
                [],
                []
            ],
            [
                {
                    "answer": false
                },
                [],
                []
            ]
        ],
        "3": [
            [
                {
                    "answer": false
                }
            ],
            [
                {
                    "answer": false
                }
            ],
            [
                {
                    "answer": false
                }
            ],
            [
                {
                    "answer": false
                }
            ],
            [
                {
                    "answer": true
                }
            ],
            [
                {
                    "answer": true
                }
            ],
            [
                {
                    "answer": false
                }
            ],
            [
                {
                    "answer": false
                }
            ]
        ],
        "4": {
            "answer": "Nein"
        },
        "5": {
            "answer": "frustriert das nix funktioniert"
        },
        "6": {
            "answer": "Ziemlich"
        },
        "7": {
            "answer": "Ziemlich"
        },
        "8": {
            "answer": "Mittelmäßig"
        },
        "9": {
            "answer": "Sehr"
        }
    },
    "SOC_02": {
        "1": {
            "answer": "Ja"
        },
        "2": {
            "answer": "Vollständig"
        },
        "3": {
            "answer": "Sehr"
        }
    },
    "SOC_03": {
        "1": [
            [
                {
                    "answer": false
                }
            ],
            [
                {
                    "answer": false
                }
            ],
            [
                {
                    "answer": false
                }
            ],
            [
                {
                    "answer": true
                }
            ],
            [
                {
                    "answer": true
                }
            ],
            [
                {
                    "answer": true
                }
            ],
            [
                {
                    "answer": true
                }
            ],
            [
                {
                    "answer": true
                }
            ],
            [
                {
                    "answer": true
                }
            ],
            [
                {
                    "answer": true
                }
            ],
            [
                {
                    "answer": false
                }
            ]
        ],
        "2": {
            "answer": "Nein"
        },
        "3": {
            "answer": ""
        },
        "4": {
            "answer": "Mittelmäßig"
        },
        "5": {
            "answer": "Ja"
        },
        "6": {
            "answer": "Mittelmäßig"
        },
        "7": {
            "answer": "Mittelmäßig"
        }
    },
    "SOC_04": {
        "1": {
            "answer": "Ja, und mit hoher Qualität "
        },
        "2": {
            "answer": "Vollständig"
        },
        "3": {
            "answer": "Sehr"
        }
    },
    "SOC_05": {
        "1": {
            "answer": "Einigermaßen"
        },
        "2": {
            "answer": "Nein"
        },
        "3": [
            [
                {
                    "answer": true
                }
            ],
            [
                {
                    "answer": true
                }
            ],
            [
                {
                    "answer": false
                }
            ],
            [
                {
                    "answer": false
                }
            ]
        ],
        "4": [
            [
                {
                    "answer": true
                }
            ],
            [
                {
                    "answer": true
                }
            ],
            [
                {
                    "answer": true
                }
            ],
            [
                {
                    "answer": false
                }
            ],
            [
                {
                    "answer": false
                }
            ]
        ],
        "5": {
            "answer": "Mittelmäßig"
        },
        "6": {
            "answer": "Ziemlich"
        }
    },
    "SOC_06": {
        "1": {
            "answer": "Nicht anwendbar"
        },
        "2": {
            "answer": "Ja"
        },
        "3": {
            "answer": "Ja"
        },
        "4": {
            "answer": "Mittelmäßig"
        },
        "5": {
            "answer": "Ziemlich"
        }
    },
    "EC_09": {
        "1": [
            [
                {
                    "answer": 1
                },
                {
                    "answer": ""
                }
            ],
            [
                {
                    "answer": 1
                },
                {
                    "answer": ""
                }
            ],
            [
                {
                    "answer": 1
                },
                {
                    "answer": ""
                }
            ],
            [
                {
                    "answer": 1
                },
                {
                    "answer": ""
                }
            ],
            [
                {
                    "answer": 1
                },
                {
                    "answer": ""
                }
            ],
            [
                {
                    "answer": 1
                },
                {
                    "answer": ""
                }
            ],
            [
                [],
                {
                    "answer": ""
                }
            ]
        ],
        "2": {
            "answer": "Beinahe völlig"
        },
        "3": {
            "answer": "Sehr"
        }
    },
    "EC_08": {
        "1": [
            [
                {
                    "answer": "gebaude"
                },
                {
                    "answer": true
                },
                {
                    "answer": true
                },
                {
                    "answer": false
                },
                {
                    "answer": ""
                },
                {
                    "answer": true
                }
            ],
            [
                {
                    "answer": "hagelversicherung"
                },
                {
                    "answer": false
                },
                {
                    "answer": false
                },
                {
                    "answer": false
                },
                {
                    "answer": ""
                },
                {
                    "answer": true
                }
            ],
            [
                {
                    "answer": "fahrzeuge"
                },
                {
                    "answer": false
                },
                {
                    "answer": false
                },
                {
                    "answer": false
                },
                {
                    "answer": ""
                },
                {
                    "answer": true
                }
            ],
            [
                {
                    "answer": "rechtschutz"
                },
                {
                    "answer": false
                },
                {
                    "answer": false
                },
                {
                    "answer": false
                },
                {
                    "answer": ""
                },
                {
                    "answer": false
                }
            ],
            [
                {
                    "answer": "hausrat"
                },
                {
                    "answer": false
                },
                {
                    "answer": false
                },
                {
                    "answer": false
                },
                {
                    "answer": ""
                },
                {
                    "answer": false
                }
            ],
            [
                {
                    "answer": "lebensvers."
                },
                {
                    "answer": false
                },
                {
                    "answer": false
                },
                {
                    "answer": false
                },
                {
                    "answer": ""
                },
                {
                    "answer": false
                }
            ],
            [
                {
                    "answer": "unfall"
                },
                {
                    "answer": false
                },
                {
                    "answer": false
                },
                {
                    "answer": false
                },
                {
                    "answer": ""
                },
                {
                    "answer": false
                }
            ],
            [
                {
                    "answer": "tierseuchenkasse"
                },
                {
                    "answer": false
                },
                {
                    "answer": false
                },
                {
                    "answer": false
                },
                {
                    "answer": "zwingend"
                },
                {
                    "answer": false
                }
            ],
            [
                {
                    "answer": ""
                },
                {
                    "answer": false
                },
                {
                    "answer": false
                },
                {
                    "answer": false
                },
                {
                    "answer": ""
                },
                {
                    "answer": false
                }
            ],
            [
                {
                    "answer": ""
                },
                {
                    "answer": false
                },
                {
                    "answer": false
                },
                {
                    "answer": false
                },
                {
                    "answer": ""
                },
                {
                    "answer": false
                }
            ]
        ],
        "2": {
            "answer": "Beinahe völlig"
        },
        "3": {
            "answer": "Sehr"
        }
    },
    "EC_11": {
        "1": {
            "answer": 4
        },
        "2": [
            [
                {
                    "answer": "Nicht landwirtschaftliche Tätigkeiten"
                }
            ],
            [
                {
                    "answer": "Landwirtschaftliche Produktion"
                }
            ],
            [
                {
                    "answer": "Anderes (außer staatliche Direktzahlungen)"
                }
            ]
        ],
        "3": {
            "answer": "Kein Defizit und kein Profit"
        },
        "4": {
            "answer": "75 nur lw"
        },
        "5": {
            "answer": "Nein"
        },
        "6": {
            "answer": "Beinahe völlig"
        },
        "7": {
            "answer": "Sehr"
        }
    },
    "EC_12": {
        "1": {
            "answer": "Ja, das ganze Jahr"
        },
        "2": {
            "answer": "Ja"
        },
        "3": {
            "answer": "Mittelmäßigt"
        },
        "4": {
            "answer": "Sehr"
        }
    },
    "EC_14": {
        "1": {
            "answer": "Nein"
        },
        "2": {
            "answer": [
                " auf der BBank",
                "Investitionen/Finanzanlagen"
            ]
        },
        "3": {
            "answer": "Vollständig"
        },
        "4": {
            "answer": "Sehr"
        }
    },
    "EC_01": {
        "1": {
            "answer": "Mehr als 55% Eigenkapital"
        },
        "2": {
            "answer": "Vollständig"
        },
        "3": {
            "answer": "Sehr"
        }
    },
    "EC_15": {
        "1": {
            "answer": "Etwas Handlungsspielraum (Es gibt aber Limits)."
        },
        "2": {
            "answer": "Ja"
        },
        "3": {
            "answer": "Mittelmäßig"
        },
        "4": {
            "answer": "Sehr"
        }
    },
    "EC_10": {
        "1": [
            [
                {
                    "answer": "Arbeit"
                }
            ],
            [
                {
                    "answer": "Anderes"
                }
            ],
            [
                []
            ],
            [
                []
            ],
            [
                []
            ]
        ],
        "2": {
            "answer": "Nein"
        },
        "3": [],
        "4": {
            "answer": "Vollständig"
        },
        "5": {
            "answer": "Sehr"
        }
    },
    "EC_13": {
        "1": [
            [
                {
                    "answer": "Ja"
                }
            ],
            [
                {
                    "answer": "Ja"
                }
            ],
            [
                {
                    "answer": "Ja"
                }
            ],
            [
                {
                    "answer": "Ja"
                }
            ],
            [
                {
                    "answer": "Ja"
                }
            ],
            [
                {
                    "answer": "Ja"
                }
            ],
            [
                {
                    "answer": "Ja"
                }
            ],
            [
                {
                    "answer": "Ja"
                }
            ],
            [
                []
            ]
        ],
        "2": {
            "answer": 80
        },
        "3": {
            "answer": "Vollständig"
        },
        "4": {
            "answer": "Sehr"
        }
    },
    "EC_07": {
        "1": [
            [
                {
                    "answer": "Ja"
                }
            ],
            [
                {
                    "answer": "Ja"
                }
            ],
            [
                {
                    "answer": "Ja"
                }
            ],
            [
                {
                    "answer": "Nein"
                }
            ],
            [
                {
                    "answer": "Ja"
                }
            ],
            [
                {
                    "answer": "Ja"
                }
            ],
            [
                {
                    "answer": "Ja"
                }
            ],
            [
                {
                    "answer": "Ja"
                }
            ],
            [
                {
                    "answer": "Ja"
                }
            ],
            [
                []
            ]
        ],
        "2": {
            "answer": "Vollständig"
        },
        "3": {
            "answer": "Sehr"
        }
    },
    "EC_06": {
        "1": {
            "answer": "Oft"
        },
        "2": {
            "answer": "Vollständig"
        },
        "3": {
            "answer": "Sehr"
        }
    },
    "EC_03": {
        "1": [
            [
                {
                    "answer": "Nein"
                },
                {
                    "answer": ""
                }
            ],
            [
                {
                    "answer": "Nein"
                },
                {
                    "answer": ""
                }
            ],
            [
                {
                    "answer": "Nein"
                },
                {
                    "answer": ""
                }
            ]
        ],
        "2": {
            "answer": []
        },
        "3": {
            "answer": "Vollständig"
        },
        "4": {
            "answer": "Sehr"
        }
    },
    "EC_04": {
        "1": [
            [
                {
                    "answer": "schwein"
                },
                {
                    "answer": false
                },
                {
                    "answer": "Ich bin zufrieden"
                },
                {
                    "answer": "Nie"
                },
                {
                    "answer": true
                }
            ],
            [
                {
                    "answer": "holz"
                },
                {
                    "answer": false
                },
                [],
                [],
                {
                    "answer": true
                }
            ],
            [
                {
                    "answer": ""
                },
                {
                    "answer": false
                },
                [],
                [],
                {
                    "answer": false
                }
            ],
            [
                {
                    "answer": ""
                },
                {
                    "answer": false
                },
                [],
                [],
                {
                    "answer": false
                }
            ],
            [
                {
                    "answer": ""
                },
                {
                    "answer": false
                },
                [],
                [],
                {
                    "answer": false
                }
            ],
            [
                {
                    "answer": ""
                },
                {
                    "answer": false
                },
                [],
                [],
                {
                    "answer": false
                }
            ]
        ],
        "2": [],
        "3": {
            "answer": "Überhaupt nicht"
        }
    },
    "EC_02": {
        "1": {
            "answer": "Nein"
        },
        "2": [
            [
                {
                    "answer": ""
                },
                [],
                []
            ],
            [
                {
                    "answer": ""
                },
                [],
                []
            ],
            [
                {
                    "answer": ""
                },
                [],
                []
            ],
            [
                {
                    "answer": ""
                },
                [],
                []
            ],
            [
                {
                    "answer": ""
                },
                [],
                []
            ],
            [
                {
                    "answer": ""
                },
                [],
                []
            ]
        ],
        "3": {
            "answer": ""
        },
        "4": [],
        "5": []
    },
    "EC_05": {
        "1": [
            [
                {
                    "answer": "schwein"
                },
                {
                    "answer": "Unberechenbar"
                },
                {
                    "answer": ""
                }
            ],
            [
                {
                    "answer": "holz"
                },
                {
                    "answer": "Unberechenbar"
                },
                {
                    "answer": ""
                }
            ],
            [
                {
                    "answer": ""
                },
                [],
                {
                    "answer": ""
                }
            ],
            [
                {
                    "answer": ""
                },
                [],
                {
                    "answer": ""
                }
            ],
            [
                {
                    "answer": ""
                },
                [],
                {
                    "answer": ""
                }
            ],
            [
                {
                    "answer": ""
                },
                [],
                {
                    "answer": ""
                }
            ]
        ],
        "2": {
            "answer": "Ein wenig"
        },
        "3": {
            "answer": "Sehr"
        }
    },
    "EC_16": {
        "1": [
            [
                {
                    "answer": "schwein"
                },
                {
                    "answer": "Landwirtschaftliche Genossenschaft"
                },
                {
                    "answer": false
                },
                {
                    "answer": "Akteur einer Lebensmittelkette"
                },
                {
                    "answer": "Akteure, die keine Landwirte sind"
                },
                [],
                [],
                []
            ],
            [
                {
                    "answer": ""
                },
                [],
                {
                    "answer": false
                },
                [],
                [],
                [],
                [],
                []
            ],
            [
                {
                    "answer": ""
                },
                [],
                {
                    "answer": false
                },
                [],
                [],
                [],
                [],
                []
            ],
            [
                {
                    "answer": ""
                },
                [],
                {
                    "answer": false
                },
                [],
                [],
                [],
                [],
                []
            ],
            [
                {
                    "answer": ""
                },
                [],
                {
                    "answer": false
                },
                [],
                [],
                [],
                [],
                []
            ],
            [
                {
                    "answer": ""
                },
                [],
                {
                    "answer": false
                },
                [],
                [],
                [],
                [],
                []
            ]
        ],
        "2": {
            "answer": "Nein"
        },
        "3": {
            "answer": "Ein wenig"
        },
        "4": {
            "answer": "Ein wenig"
        }
    },
    "meta": {
        "version": "v-1.0.4-DE",
        "filename": "uuid_a97c591c-2a06-4803-be26-b34a560c2c8d_answer_22.json"
    }
}