{
    "ADM_01": {
        "1": {
            "answer": "Hélène"
        },
        "2": {
            "answer": "Ramel"
        },
        "3": {
            "answer": "Marc David"
        },
        "4": {
            "answer": "oui"
        },
        "5": {
            "answer": "Chef de l'exploitation"
        },
        "6": {
            "answer": ""
        },
        "7": {
            "answer": "Suisse"
        },
        "8": {
            "answer": "Vaud"
        },
        "9": {
            "answer": "Pays-d'enHaut"
        },
        "10": {
            "answer": "Château-d'Oex"
        },
        "11": {
            "answer": ""
        },
        "12": {
            "answer": ""
        },
        "13": {
            "answer": "2018-04-25"
        },
        "14": {
            "answer": "Homme"
        },
        "15": {
            "answer": 56
        },
        "16": {
            "answer": "Elevage"
        },
        "17": {
            "answer": "Exploitation biologique certifiée"
        },
        "18": {
            "answer": "11-30 ha"
        }
    },
    "meta": {
        "filename": "d9c7985bb9a63643006ad6eeea54e1e802a3def8.json",
        "version": "v-1.0.6-FR",
        "creation-date": 1524650552,
        "client-ip": "176.127.102.1",
        "pid": 983
    },
    "PSP_02": {
        "1": [
            [
                {
                    "answer": 0
                },
                {
                    "answer": 0
                },
                {
                    "answer": ""
                }
            ],
            [
                {
                    "answer": 0
                },
                {
                    "answer": 0
                },
                {
                    "answer": ""
                }
            ],
            [
                {
                    "answer": 1
                },
                {
                    "answer": 0
                },
                {
                    "answer": 1
                }
            ],
            [
                {
                    "answer": 0
                },
                {
                    "answer": 0
                },
                {
                    "answer": ""
                }
            ],
            [
                {
                    "answer": 0
                },
                {
                    "answer": 0
                },
                {
                    "answer": ""
                }
            ],
            [
                {
                    "answer": 0
                },
                {
                    "answer": 0
                },
                {
                    "answer": ""
                }
            ],
            [
                {
                    "answer": 0
                },
                {
                    "answer": 0
                },
                {
                    "answer": ""
                }
            ],
            [
                {
                    "answer": 0
                },
                {
                    "answer": 0
                },
                {
                    "answer": ""
                }
            ],
            [
                {
                    "answer": 0
                },
                {
                    "answer": 0
                },
                {
                    "answer": ""
                }
            ],
            [
                {
                    "answer": 0
                },
                {
                    "answer": 0
                },
                {
                    "answer": ""
                }
            ],
            [
                {
                    "answer": 0
                },
                {
                    "answer": 0
                },
                {
                    "answer": ""
                }
            ],
            {
                "0": {
                    "answer": 0
                },
                "1": {
                    "answer": 0
                },
                "2": {
                    "answer": ""
                },
                "comment": ""
            }
        ],
        "2": [
            [
                {
                    "answer": 1
                }
            ],
            [
                {
                    "answer": 0
                }
            ],
            {
                "0": {
                    "answer": 0
                },
                "comment": ""
            }
        ],
        "3": {
            "answer": "Complètement"
        },
        "4": {
            "answer": "Beaucoup"
        }
    },
    "PSP_01": {
        "1": [
            [
                {
                    "answer": 1
                },
                {
                    "answer": 1
                },
                {
                    "answer": ""
                },
                {
                    "answer": 1
                },
                {
                    "answer": ""
                },
                {
                    "answer": ""
                },
                {
                    "answer": 1
                }
            ],
            [
                {
                    "answer": 1
                },
                {
                    "answer": ""
                },
                {
                    "answer": ""
                },
                {
                    "answer": 1
                },
                {
                    "answer": ""
                },
                {
                    "answer": ""
                },
                {
                    "answer": ""
                }
            ],
            [
                {
                    "answer": ""
                },
                {
                    "answer": ""
                },
                {
                    "answer": ""
                },
                {
                    "answer": ""
                },
                {
                    "answer": ""
                },
                {
                    "answer": ""
                },
                {
                    "answer": ""
                }
            ],
            [
                {
                    "answer": ""
                },
                {
                    "answer": ""
                },
                {
                    "answer": ""
                },
                {
                    "answer": ""
                },
                {
                    "answer": ""
                },
                {
                    "answer": ""
                },
                {
                    "answer": ""
                }
            ],
            [
                {
                    "answer": ""
                },
                {
                    "answer": ""
                },
                {
                    "answer": ""
                },
                {
                    "answer": ""
                },
                {
                    "answer": ""
                },
                {
                    "answer": ""
                },
                {
                    "answer": ""
                }
            ],
            [
                {
                    "answer": ""
                },
                {
                    "answer": ""
                },
                {
                    "answer": ""
                },
                {
                    "answer": ""
                },
                {
                    "answer": ""
                },
                {
                    "answer": ""
                },
                {
                    "answer": ""
                }
            ]
        ],
        "2": {
            "answer": "Plus de 70h/semaine"
        },
        "3": {
            "answer": "Non-applicable"
        },
        "4": {
            "answer": "Oui, il a pu choisir librement"
        },
        "5": [
            [
                {
                    "answer": 0
                },
                {
                    "answer": ""
                }
            ],
            [
                {
                    "answer": 0
                },
                {
                    "answer": ""
                }
            ]
        ],
        "6": {
            "answer": "Beaucoup"
        },
        "7": {
            "answer": "Elevée"
        }
    },
    "PSP_04": {
        "1": {
            "answer": 0
        },
        "2": [
            [
                {
                    "answer": 0
                },
                {
                    "answer": ""
                }
            ],
            [
                {
                    "answer": 0
                },
                {
                    "answer": ""
                }
            ],
            [
                {
                    "answer": 0
                },
                {
                    "answer": ""
                }
            ],
            [
                {
                    "answer": 0
                },
                {
                    "answer": ""
                }
            ],
            [
                {
                    "answer": 0
                },
                {
                    "answer": ""
                }
            ],
            [
                {
                    "answer": 0
                },
                {
                    "answer": ""
                }
            ],
            [
                {
                    "answer": 0
                },
                {
                    "answer": ""
                }
            ],
            [
                {
                    "answer": 0
                },
                {
                    "answer": ""
                }
            ],
            [
                {
                    "answer": 0
                },
                {
                    "answer": ""
                }
            ],
            [
                {
                    "answer": 0
                },
                {
                    "answer": ""
                }
            ],
            [
                {
                    "answer": 0
                },
                {
                    "answer": ""
                }
            ],
            [
                {
                    "answer": 0
                },
                {
                    "answer": ""
                }
            ],
            [
                {
                    "answer": 0
                },
                {
                    "answer": ""
                }
            ],
            [
                {
                    "answer": 0
                },
                {
                    "answer": ""
                }
            ],
            [
                {
                    "answer": 0
                },
                {
                    "answer": ""
                }
            ],
            [
                {
                    "answer": 0
                },
                {
                    "answer": ""
                }
            ],
            [
                {
                    "answer": 0
                },
                {
                    "answer": ""
                }
            ],
            [
                {
                    "answer": 0
                },
                {
                    "answer": ""
                }
            ],
            [
                {
                    "answer": 0
                },
                {
                    "answer": ""
                }
            ],
            [
                {
                    "answer": 0
                },
                {
                    "answer": ""
                }
            ],
            [
                {
                    "answer": 0
                },
                {
                    "answer": ""
                }
            ],
            [
                {
                    "answer": 0
                },
                {
                    "answer": ""
                }
            ],
            [
                {
                    "answer": 0
                },
                {
                    "answer": ""
                }
            ],
            [
                {
                    "answer": 0
                },
                {
                    "answer": ""
                }
            ],
            [
                {
                    "answer": 0
                },
                {
                    "answer": ""
                }
            ],
            [
                {
                    "answer": 0
                },
                {
                    "answer": ""
                }
            ],
            [
                {
                    "answer": 0
                },
                {
                    "answer": ""
                }
            ],
            [
                {
                    "answer": 0
                },
                {
                    "answer": ""
                }
            ],
            [
                {
                    "answer": 0
                },
                {
                    "answer": ""
                }
            ],
            [
                {
                    "answer": 0
                },
                {
                    "answer": ""
                }
            ],
            [
                {
                    "answer": 0
                },
                {
                    "answer": ""
                }
            ],
            [
                {
                    "answer": 0
                },
                {
                    "answer": ""
                }
            ],
            {
                "0": {
                    "answer": 0
                },
                "1": {
                    "answer": ""
                },
                "comment": ""
            }
        ],
        "3": {
            "answer": 0,
            "comment": ""
        },
        "4": [
            [
                {
                    "answer": 0
                }
            ],
            [
                {
                    "answer": 0
                }
            ],
            [
                {
                    "answer": 0
                }
            ],
            {
                "0": {
                    "answer": 0
                },
                "comment": ""
            }
        ],
        "5": {
            "answer": ""
        },
        "6": {
            "answer": ""
        }
    },
    "PSP_05": {
        "2": [
            [
                {
                    "answer": ""
                },
                {
                    "answer": ""
                }
            ],
            [
                {
                    "answer": 16
                },
                {
                    "answer": 4
                },
                {
                    "answer": 0
                },
                {
                    "answer": 1
                }
            ],
            [
                {
                    "answer": ""
                },
                {
                    "answer": ""
                }
            ],
            [
                {
                    "answer": ""
                },
                {
                    "answer": ""
                }
            ],
            [
                {
                    "answer": ""
                },
                {
                    "answer": ""
                }
            ],
            [
                {
                    "answer": 3
                },
                {
                    "answer": 1
                },
                {
                    "answer": 0
                },
                {
                    "answer": 1
                }
            ],
            [
                {
                    "answer": ""
                },
                {
                    "answer": ""
                }
            ],
            {
                "0": {
                    "answer": ""
                },
                "1": {
                    "answer": ""
                },
                "comment": ""
            }
        ],
        "3": {
            "answer": "Beaucoup"
        },
        "4": {
            "answer": "Aucune"
        }
    },
    "PSP_07": {
        "1": [
            [
                {
                    "answer": 0
                }
            ],
            [
                {
                    "answer": 1
                }
            ],
            [
                {
                    "answer": 0
                }
            ],
            [
                {
                    "answer": 0
                }
            ],
            [
                {
                    "answer": 0
                }
            ],
            [
                {
                    "answer": 1
                }
            ],
            [
                {
                    "answer": 0
                }
            ],
            {
                "0": {
                    "answer": 0
                },
                "comment": ""
            }
        ],
        "2": {
            "answer": 1
        },
        "3": {
            "answer": ""
        },
        "4": {
            "answer": "Non"
        },
        "5": {
            "answer": "1-10%"
        },
        "6": {
            "answer": 0
        },
        "7": {
            "answer": "Complètement"
        },
        "8": {
            "answer": "Elevée"
        }
    },
    "PSP_03": {
        "1": {
            "answer": 0
        },
        "2": [
            [
                {
                    "answer": ""
                },
                {
                    "answer": ""
                },
                {
                    "answer": 0
                },
                {
                    "answer": ""
                },
                {
                    "answer": ""
                }
            ],
            [
                {
                    "answer": ""
                },
                {
                    "answer": ""
                },
                {
                    "answer": 0
                },
                {
                    "answer": ""
                },
                {
                    "answer": ""
                }
            ],
            [
                {
                    "answer": ""
                },
                {
                    "answer": ""
                },
                {
                    "answer": 0
                },
                {
                    "answer": ""
                },
                {
                    "answer": ""
                }
            ],
            [
                {
                    "answer": ""
                },
                {
                    "answer": ""
                },
                {
                    "answer": 0
                },
                {
                    "answer": ""
                },
                {
                    "answer": ""
                }
            ]
        ],
        "3": {
            "answer": ""
        },
        "4": {
            "answer": ""
        }
    },
    "PSP_08": {
        "1": [
            [
                {
                    "answer": ""
                },
                {
                    "answer": ""
                }
            ],
            [
                {
                    "answer": ""
                },
                {
                    "answer": ""
                }
            ],
            [
                {
                    "answer": ""
                },
                {
                    "answer": ""
                }
            ],
            [
                {
                    "answer": ""
                },
                {
                    "answer": ""
                }
            ],
            [
                {
                    "answer": ""
                },
                {
                    "answer": ""
                }
            ],
            [
                {
                    "answer": ""
                },
                {
                    "answer": ""
                }
            ],
            [
                {
                    "answer": ""
                },
                {
                    "answer": "Oui"
                }
            ],
            {
                "0": {
                    "answer": ""
                },
                "1": {
                    "answer": ""
                },
                "comment": ""
            }
        ],
        "2": {
            "answer": ""
        },
        "3": {
            "answer": ""
        },
        "4": {
            "answer": "Complètement"
        },
        "5": {
            "answer": "Aucune"
        }
    },
    "PSP_09": {
        "1": {
            "answer": "Non"
        },
        "2": {
            "answer": ""
        },
        "3": {
            "answer": ""
        },
        "4": {
            "answer": ""
        },
        "7": {
            "answer": ""
        },
        "8": {
            "answer": "Non"
        },
        "9": {
            "answer": ""
        },
        "10": {
            "answer": ""
        },
        "11": {
            "answer": ""
        },
        "14": {
            "answer": ""
        },
        "15": {
            "answer": ""
        }
    },
    "PSP_10": {
        "1": {
            "answer": 0
        },
        "2": {
            "answer": ""
        },
        "3": {
            "answer": 0
        },
        "4": {
            "comment": ""
        },
        "5": {
            "answer": ""
        },
        "6": {
            "answer": ""
        },
        "7": {
            "comment": ""
        },
        "8": {
            "answer": "Pas du tout"
        },
        "9": {
            "answer": "Aucune"
        }
    },
    "PSP_11": {
        "1": {
            "answer": 0
        },
        "2": {
            "comment": ""
        },
        "3": [
            [
                {
                    "answer": 0
                },
                {
                    "answer": ""
                }
            ],
            [
                {
                    "answer": 0
                },
                {
                    "answer": ""
                }
            ]
        ],
        "4": {
            "answer": 0
        },
        "5": {
            "comment": ""
        },
        "6": [
            [
                {
                    "answer": 0
                },
                {
                    "answer": ""
                }
            ],
            [
                {
                    "answer": 0
                },
                {
                    "answer": ""
                }
            ]
        ],
        "7": {
            "answer": ""
        },
        "8": {
            "answer": ""
        }
    },
    "PSP_12": {
        "1": [
            [
                {
                    "answer": "Non"
                }
            ],
            [
                {
                    "answer": "Non"
                }
            ],
            [
                {
                    "answer": "Non"
                }
            ],
            [
                {
                    "answer": "Non"
                }
            ],
            [
                {
                    "answer": "Non"
                }
            ],
            [
                {
                    "answer": "Non"
                }
            ],
            [
                {
                    "answer": "Non"
                }
            ],
            [
                {
                    "answer": "Non"
                }
            ],
            [
                {
                    "answer": "Non"
                }
            ],
            [
                {
                    "answer": "Oui"
                }
            ],
            {
                "0": {
                    "answer": "Non"
                },
                "comment": ""
            }
        ],
        "2": {
            "answer": "Complètement"
        },
        "3": {
            "answer": "Pas du tout"
        }
    },
    "PSP_13": {
        "1": [
            [
                {
                    "answer": 1
                },
                {
                    "answer": 0
                }
            ],
            [
                {
                    "answer": 1
                },
                {
                    "answer": 1
                }
            ],
            [
                {
                    "answer": 1
                },
                {
                    "answer": 0
                }
            ],
            [
                {
                    "answer": 1
                },
                {
                    "answer": 1
                }
            ],
            [
                {
                    "answer": 1
                },
                {
                    "answer": 1
                }
            ],
            [
                {
                    "answer": 1
                },
                {
                    "answer": 1
                }
            ],
            [
                {
                    "answer": 1
                },
                {
                    "answer": 1
                }
            ],
            [
                {
                    "answer": 1
                },
                {
                    "answer": 1
                }
            ],
            [
                {
                    "answer": 0
                }
            ],
            [
                {
                    "answer": 0
                }
            ],
            {
                "0": {
                    "answer": 0
                },
                "comment": ""
            }
        ],
        "2": {
            "answer": "Beaucoup"
        },
        "3": {
            "answer": "Moyennement"
        }
    },
    "PSP_14": {
        "1": {
            "answer": 1
        },
        "2": {
            "answer": 1
        },
        "3": {
            "answer": [
                "Plus grande variabilité des précipitations",
                "Augmentation de la température",
                "Arrivée du printemps précoce",
                "Sécheresse inhabituelle"
            ],
            "comment": ""
        },
        "4": {
            "answer": "perte de fourrage en cas de sécheresse, s'adapter au jour le jour "
        },
        "5": {
            "answer": 0
        },
        "6": {
            "answer": 1
        },
        "7": {
            "answer": "moyen à bon"
        },
        "8": {
            "answer": 1
        },
        "9": [
            [
                {
                    "answer": 0
                }
            ],
            [
                {
                    "answer": 0
                }
            ],
            [
                {
                    "answer": 0
                }
            ],
            [
                {
                    "answer": 0
                }
            ],
            [
                {
                    "answer": 1
                }
            ],
            [
                {
                    "answer": 1
                }
            ],
            [
                {
                    "answer": 0
                }
            ],
            [
                {
                    "answer": 0
                }
            ],
            {
                "0": {
                    "answer": 0
                },
                "comment": ""
            }
        ],
        "10": {
            "answer": 0
        },
        "11": {
            "answer": 0
        },
        "13": {
            "answer": "Moyennement"
        },
        "14": {
            "answer": "Faible"
        }
    },
    "PSP_15": {
        "1": {
            "answer": 1
        },
        "2": {
            "answer": 2
        },
        "3": {
            "answer": "Beaucoup"
        },
        "4": {
            "answer": "Elevée"
        }
    },
    "PSP_16": {
        "1": {
            "answer": 0
        },
        "2": [
            [
                {
                    "answer": 0
                }
            ],
            [
                {
                    "answer": 0
                }
            ],
            [
                {
                    "answer": 0
                }
            ],
            [
                {
                    "answer": 0
                }
            ],
            [
                {
                    "answer": 0
                }
            ],
            [
                {
                    "answer": 0
                }
            ],
            [
                {
                    "answer": 0
                }
            ],
            [
                {
                    "answer": 0
                }
            ],
            [
                {
                    "answer": 0
                }
            ],
            [
                {
                    "answer": 0
                }
            ],
            {
                "0": {
                    "answer": 0
                },
                "comment": ""
            }
        ],
        "3": {
            "answer": ""
        },
        "4": {
            "answer": ""
        }
    },
    "PSP_17": {
        "1": [
            [
                {
                    "answer": 0
                }
            ],
            [
                {
                    "answer": 0
                }
            ],
            [
                {
                    "answer": 0
                }
            ]
        ],
        "3": {
            "comment": ""
        },
        "4": {
            "comment": ""
        },
        "5": {
            "answer": ""
        },
        "6": {
            "answer": ""
        }
    },
    "PSP_18": {
        "1": {
            "answer": 0,
            "comment": ""
        },
        "2": {
            "answer": ""
        },
        "3": {
            "answer": 0
        },
        "4": {
            "answer": ""
        },
        "5": {
            "answer": ""
        }
    },
    "GOV_01": {
        "1": {
            "answer": "Non"
        },
        "2": [
            [
                {
                    "answer": 0
                }
            ],
            [
                {
                    "answer": 0
                }
            ],
            [
                {
                    "answer": 0
                }
            ],
            {
                "0": {
                    "answer": 0
                },
                "comment": ""
            }
        ],
        "3": {
            "answer": "Oui, elles sont suffisamment flexibles"
        },
        "4": {
            "answer": ""
        },
        "5": {
            "answer": 1
        },
        "6": {
            "answer": "Un peu"
        },
        "7": {
            "answer": "Elevée"
        }
    },
    "ENV_01": {
        "1": [
            [
                {
                    "answer": "Autre (mais excepté la pluie)"
                },
                {
                    "answer": "Changement négatif"
                },
                {
                    "answer": "diminution du débit d'eau"
                }
            ],
            [
                {
                    "answer": ""
                },
                {
                    "answer": ""
                },
                {
                    "answer": ""
                }
            ],
            [
                {
                    "answer": ""
                },
                {
                    "answer": ""
                },
                {
                    "answer": ""
                }
            ],
            [
                {
                    "answer": ""
                },
                {
                    "answer": ""
                },
                {
                    "answer": ""
                }
            ],
            [
                {
                    "answer": ""
                },
                {
                    "answer": ""
                },
                {
                    "answer": ""
                }
            ]
        ],
        "2": {
            "answer": "Beaucoup"
        },
        "3": {
            "answer": "Très"
        }
    },
    "ENV_02": {
        "1": {
            "answer": [
                "Citernes"
            ],
            "comment": "source privée"
        },
        "2": {
            "answer": "Beaucoup"
        },
        "3": {
            "answer": "Elevée"
        }
    },
    "ENV_03": {
        "1": [
            [
                {
                    "answer": 0
                },
                {
                    "answer": ""
                }
            ],
            [
                {
                    "answer": 0
                },
                {
                    "answer": ""
                }
            ],
            [
                {
                    "answer": 0
                },
                {
                    "answer": ""
                }
            ],
            [
                {
                    "answer": 0
                },
                {
                    "answer": ""
                }
            ],
            [
                {
                    "answer": 0
                },
                {
                    "answer": ""
                }
            ],
            {
                "0": {
                    "answer": 0
                },
                "1": {
                    "answer": ""
                },
                "comment": ""
            }
        ],
        "2": {
            "answer": "Complètement"
        },
        "3": {
            "answer": "Complètement"
        },
        "4": {
            "answer": "Complètement"
        },
        "5": {
            "answer": "Très élevée"
        }
    },
    "ENV_04": {
        "1": [
            [
                {
                    "answer": 18
                },
                {
                    "answer": 6
                },
                {
                    "answer": 1
                },
                {
                    "answer": ""
                }
            ],
            [
                {
                    "answer": ""
                },
                {
                    "answer": ""
                },
                {
                    "answer": ""
                },
                {
                    "answer": ""
                }
            ],
            [
                {
                    "answer": 5
                },
                {
                    "answer": ""
                },
                {
                    "answer": ""
                },
                {
                    "answer": ""
                }
            ]
        ],
        "2": {
            "answer": 25.59
        },
        "3": {
            "answer": 3
        },
        "4": {
            "answer": "Complètement"
        },
        "5": {
            "answer": "Très élevée"
        }
    },
    "ENV_08": {
        "1": {
            "answer": "7% ou + mais moins de 15%"
        },
        "2": {
            "answer": "Pas du tout"
        },
        "3": {
            "answer": "Moyennement"
        }
    },
    "ENV_07": {
        "1": {
            "answer": "Jamais"
        },
        "2": {
            "answer": ""
        },
        "3": {
            "answer": ""
        },
        "4": {
            "answer": "Moyenne"
        }
    },
    "ENV_06": {
        "1": [
            [
                {
                    "answer": 0
                },
                {
                    "answer": ""
                }
            ],
            [
                {
                    "answer": 0
                },
                {
                    "answer": ""
                }
            ],
            [
                {
                    "answer": 0
                },
                {
                    "answer": ""
                }
            ],
            [
                {
                    "answer": 0
                },
                {
                    "answer": ""
                }
            ],
            [
                {
                    "answer": 0
                },
                {
                    "answer": ""
                }
            ],
            [
                {
                    "answer": 0
                },
                {
                    "answer": ""
                }
            ],
            [
                {
                    "answer": 0
                },
                {
                    "answer": ""
                }
            ],
            [
                {
                    "answer": 0
                },
                {
                    "answer": ""
                }
            ],
            [
                {
                    "answer": 0
                },
                {
                    "answer": ""
                }
            ],
            [
                {
                    "answer": 0
                },
                {
                    "answer": ""
                }
            ],
            [
                {
                    "answer": 0
                },
                {
                    "answer": ""
                }
            ],
            [
                {
                    "answer": 0
                },
                {
                    "answer": ""
                }
            ],
            [
                {
                    "answer": 0
                },
                {
                    "answer": ""
                }
            ],
            [
                {
                    "answer": 0
                },
                {
                    "answer": ""
                }
            ],
            [
                {
                    "answer": 0
                },
                {
                    "answer": ""
                }
            ],
            [
                {
                    "answer": 0
                },
                {
                    "answer": ""
                }
            ]
        ],
        "2": {
            "answer": ""
        },
        "3": {
            "answer": "Moyenne"
        }
    },
    "ENV_05": {
        "1": {
            "answer": 2
        },
        "2": {
            "answer": [
                "Limoneux?",
                "Argileux?"
            ]
        },
        "3": {
            "answer": "Assez riche"
        },
        "4": {
            "answer": 0
        },
        "5": {
            "answer": "Beaucoup"
        },
        "6": {
            "answer": "Moyennement"
        },
        "7": {
            "answer": 1
        },
        "8": {
            "answer": "les Souris"
        },
        "9": {
            "answer": "Pas applicable"
        },
        "10": {
            "answer": "Non"
        }
    },
    "ENV_09": {
        "1": [
            [
                {
                    "answer": 0
                },
                {
                    "answer": 0
                },
                {
                    "answer": 0
                }
            ],
            [
                {
                    "answer": 0
                },
                {
                    "answer": 0
                },
                {
                    "answer": 0
                }
            ],
            [
                {
                    "answer": 0
                },
                {
                    "answer": 0
                },
                {
                    "answer": 0
                }
            ],
            [
                {
                    "answer": 0
                },
                {
                    "answer": 0
                },
                {
                    "answer": 0
                }
            ],
            [
                {
                    "answer": 0
                },
                {
                    "answer": 0
                },
                {
                    "answer": 0
                }
            ],
            [
                {
                    "answer": 0
                },
                {
                    "answer": 0
                },
                {
                    "answer": 0
                }
            ],
            [
                {
                    "answer": 0
                },
                {
                    "answer": 0
                },
                {
                    "answer": 0
                }
            ],
            [
                {
                    "answer": 0
                },
                {
                    "answer": 0
                },
                {
                    "answer": 0
                }
            ],
            [
                {
                    "answer": 0
                },
                {
                    "answer": 0
                },
                {
                    "answer": 0
                }
            ],
            [
                {
                    "answer": 0
                },
                {
                    "answer": 0
                },
                {
                    "answer": 1
                }
            ],
            [
                {
                    "answer": 0
                },
                {
                    "answer": 0
                },
                {
                    "answer": 0
                }
            ],
            [
                {
                    "answer": 0
                },
                {
                    "answer": 0
                },
                {
                    "answer": 1
                }
            ],
            [
                {
                    "answer": 0
                },
                {
                    "answer": 0
                },
                {
                    "answer": 0
                }
            ],
            [
                {
                    "answer": 0
                },
                {
                    "answer": 0
                },
                {
                    "answer": 0
                }
            ],
            [
                {
                    "answer": 1
                },
                {
                    "answer": 1
                },
                {
                    "answer": 1
                }
            ],
            {
                "0": {
                    "answer": 0
                },
                "1": {
                    "answer": 0
                },
                "2": {
                    "answer": 0
                },
                "comment": ""
            }
        ],
        "2": {
            "answer": "Tout ou la plupart de l'énergie dépend d'acteurs externes (0-20% viennent de votre propre exploitation)"
        },
        "3": {
            "answer": "Complètement"
        },
        "4": {
            "answer": "Elevée"
        }
    },
    "ENV_10": {
        "1": {
            "answer": 1
        },
        "2": [
            [
                {
                    "answer": 1
                }
            ],
            [
                {
                    "answer": 0
                }
            ],
            [
                {
                    "answer": 1
                }
            ],
            {
                "0": {
                    "answer": 0
                },
                "comment": ""
            }
        ],
        "3": {
            "answer": "Fermé"
        },
        "4": {
            "answer": "Ouvert"
        },
        "5": {
            "answer": 0
        },
        "7": {
            "answer": "Un peu"
        },
        "8": {
            "answer": "Moyenne"
        }
    },
    "ENV_11": {
        "1": {
            "answer": 0
        },
        "3": [
            {
                "0": {
                    "answer": 1
                },
                "comment": "production biologique "
            },
            [
                {
                    "answer": 0
                }
            ],
            {
                "0": {
                    "answer": 0
                },
                "comment": ""
            }
        ],
        "4": {
            "answer": ""
        },
        "5": {
            "answer": ""
        },
        "6": [
            [
                {
                    "answer": 0
                },
                {
                    "answer": ""
                }
            ],
            [
                {
                    "answer": 1
                },
                {
                    "answer": ""
                },
                {
                    "answer": 1
                }
            ],
            {
                "0": {
                    "answer": 0
                },
                "1": {
                    "answer": ""
                },
                "comment": ""
            }
        ],
        "7": {
            "answer": 0
        },
        "8": {
            "answer": 0
        },
        "9": [
            [
                {
                    "answer": 1
                }
            ],
            [
                {
                    "answer": 0
                }
            ],
            [
                {
                    "answer": 0
                }
            ],
            [
                {
                    "answer": 0
                }
            ],
            [
                {
                    "answer": 0
                }
            ],
            {
                "0": {
                    "answer": 0
                },
                "comment": ""
            }
        ],
        "10": {
            "answer": "Complètement"
        },
        "11": {
            "answer": "Très élevée"
        }
    },
    "ENV_12": {
        "1": [
            [
                {
                    "answer": 0
                }
            ],
            [
                {
                    "answer": 0
                }
            ],
            [
                {
                    "answer": 1
                }
            ],
            [
                {
                    "answer": 0
                }
            ],
            [
                {
                    "answer": 0
                }
            ],
            [
                {
                    "answer": 0
                }
            ],
            [
                {
                    "answer": 0
                }
            ],
            [
                {
                    "answer": 1
                }
            ],
            [
                {
                    "answer": 0
                }
            ],
            {
                "0": {
                    "answer": 0
                },
                "comment": ""
            }
        ],
        "2": {
            "answer": 5
        },
        "3": {
            "answer": 0
        },
        "4": {
            "answer": "Beaucoup"
        },
        "5": {
            "answer": "Moyennement"
        }
    },
    "SOC_01": {
        "2": [
            [
                {
                    "answer": 0
                },
                {
                    "answer": ""
                },
                {
                    "answer": ""
                }
            ],
            [
                {
                    "answer": 0
                },
                {
                    "answer": ""
                },
                {
                    "answer": ""
                }
            ],
            [
                {
                    "answer": 0
                },
                {
                    "answer": ""
                },
                {
                    "answer": ""
                }
            ],
            [
                {
                    "answer": 0
                },
                {
                    "answer": ""
                },
                {
                    "answer": ""
                }
            ],
            [
                {
                    "answer": 0
                },
                {
                    "answer": ""
                },
                {
                    "answer": ""
                }
            ],
            [
                {
                    "answer": 0
                },
                {
                    "answer": ""
                },
                {
                    "answer": ""
                }
            ],
            [
                {
                    "answer": 0
                },
                {
                    "answer": ""
                },
                {
                    "answer": ""
                }
            ],
            [
                {
                    "answer": 0
                },
                {
                    "answer": ""
                },
                {
                    "answer": ""
                }
            ],
            [
                {
                    "answer": 1
                },
                {
                    "answer": "Pas actif"
                },
                {
                    "answer": "Deux fois par année ou moins"
                }
            ],
            [
                {
                    "answer": 1
                },
                {
                    "answer": "Pas actif"
                },
                {
                    "answer": "Jamais"
                }
            ],
            [
                {
                    "answer": 0
                },
                {
                    "answer": ""
                },
                {
                    "answer": ""
                }
            ],
            [
                {
                    "answer": 1
                },
                {
                    "answer": "Très actif"
                },
                {
                    "answer": "Une fois par semaine"
                }
            ],
            [
                {
                    "answer": 0
                },
                {
                    "answer": ""
                },
                {
                    "answer": ""
                }
            ],
            [
                {
                    "answer": 0
                },
                {
                    "answer": ""
                },
                {
                    "answer": ""
                }
            ],
            [
                {
                    "answer": 0
                },
                {
                    "answer": ""
                },
                {
                    "answer": ""
                }
            ],
            [
                {
                    "answer": 0
                },
                {
                    "answer": ""
                },
                {
                    "answer": ""
                }
            ],
            [
                {
                    "answer": 0
                },
                {
                    "answer": ""
                },
                {
                    "answer": ""
                }
            ],
            [
                {
                    "answer": 0
                },
                {
                    "answer": ""
                },
                {
                    "answer": ""
                }
            ],
            [
                {
                    "answer": 0
                },
                {
                    "answer": ""
                },
                {
                    "answer": ""
                }
            ],
            [
                {
                    "answer": 0
                },
                {
                    "answer": ""
                },
                {
                    "answer": ""
                }
            ],
            {
                "0": {
                    "answer": 0
                },
                "1": {
                    "answer": ""
                },
                "2": {
                    "answer": ""
                },
                "comment": ""
            }
        ],
        "3": [
            [
                {
                    "answer": 0
                }
            ],
            [
                {
                    "answer": 0
                }
            ],
            [
                {
                    "answer": 0
                }
            ],
            [
                {
                    "answer": 1
                }
            ],
            [
                {
                    "answer": 1
                }
            ],
            [
                {
                    "answer": 1
                }
            ],
            [
                {
                    "answer": 0
                }
            ],
            {
                "0": {
                    "answer": 0
                },
                "comment": ""
            }
        ],
        "4": {
            "answer": 0
        },
        "5": {
            "answer": ""
        },
        "6": {
            "answer": "Un peu"
        },
        "7": {
            "answer": "Beaucoup"
        },
        "8": {
            "answer": "Moyennement"
        },
        "9": {
            "answer": "Aucune"
        }
    },
    "SOC_02": {
        "1": {
            "answer": 1
        },
        "2": {
            "answer": "Complètement"
        },
        "3": {
            "answer": "Très élevée"
        }
    },
    "SOC_03": {
        "1": [
            [
                {
                    "answer": 0
                }
            ],
            [
                {
                    "answer": 0
                }
            ],
            [
                {
                    "answer": 0
                }
            ],
            [
                {
                    "answer": 0
                }
            ],
            [
                {
                    "answer": 1
                }
            ],
            [
                {
                    "answer": 1
                }
            ],
            [
                {
                    "answer": 1
                }
            ],
            [
                {
                    "answer": 0
                }
            ],
            [
                {
                    "answer": 1
                }
            ],
            [
                {
                    "answer": 0
                }
            ],
            {
                "0": {
                    "answer": 0
                },
                "comment": ""
            }
        ],
        "2": {
            "answer": 0
        },
        "3": {
            "answer": ""
        },
        "4": {
            "answer": "Moyennement"
        },
        "5": {
            "answer": 1
        },
        "6": {
            "answer": "Un peu"
        },
        "7": {
            "answer": "Un peu"
        }
    },
    "SOC_04": {
        "1": {
            "answer": "Oui et ils sont de bonne qualité"
        },
        "2": {
            "answer": "Complètement"
        },
        "3": {
            "answer": "Très élevée"
        }
    },
    "SOC_05": {
        "1": {
            "answer": "Moyennement"
        },
        "2": {
            "answer": 0
        },
        "3": [
            [
                {
                    "answer": 1
                }
            ],
            [
                {
                    "answer": 0
                }
            ],
            [
                {
                    "answer": 0
                }
            ],
            {
                "0": {
                    "answer": 0
                },
                "comment": ""
            }
        ],
        "4": [
            [
                {
                    "answer": 0
                }
            ],
            [
                {
                    "answer": 0
                }
            ],
            [
                {
                    "answer": 0
                }
            ],
            [
                {
                    "answer": 0
                }
            ],
            {
                "0": {
                    "answer": 0
                },
                "comment": ""
            }
        ],
        "5": {
            "answer": "Un peu"
        },
        "6": {
            "answer": "Moyenne"
        }
    },
    "SOC_06": {
        "1": {
            "answer": "Jamais"
        },
        "2": {
            "answer": 0
        },
        "3": {
            "answer": 0
        },
        "4": {
            "answer": ""
        },
        "5": {
            "answer": ""
        }
    },
    "EC_09": {
        "1": [
            [
                {
                    "answer": 1
                },
                {
                    "answer": ""
                }
            ],
            [
                {
                    "answer": 1
                },
                {
                    "answer": ""
                }
            ],
            [
                {
                    "answer": "Pas de possession"
                },
                {
                    "answer": ""
                }
            ],
            [
                {
                    "answer": 1
                },
                {
                    "answer": ""
                }
            ],
            [
                {
                    "answer": 3
                },
                {
                    "answer": ""
                }
            ],
            {
                "0": {
                    "answer": ""
                },
                "1": {
                    "answer": ""
                },
                "comment": ""
            }
        ],
        "2": {
            "answer": "Beaucoup"
        },
        "3": {
            "answer": "Elevée"
        }
    },
    "EC_08": {
        "1": [
            [
                {
                    "answer": "herbage"
                },
                {
                    "answer": 1
                },
                {
                    "answer": 0
                },
                {
                    "answer": 0
                },
                {
                    "answer": "grêle"
                },
                {
                    "answer": 0
                }
            ],
            [
                {
                    "answer": "bétail"
                },
                {
                    "answer": 1
                },
                {
                    "answer": 1
                },
                {
                    "answer": 0
                },
                {
                    "answer": "épizooties, danger naturel"
                },
                {
                    "answer": 0
                }
            ],
            [
                {
                    "answer": "revenu"
                },
                {
                    "answer": 0
                },
                {
                    "answer": 0
                },
                {
                    "answer": 1
                },
                {
                    "answer": "accidents invalidité"
                },
                {
                    "answer": 0
                }
            ],
            [
                {
                    "answer": "bâtiment"
                },
                {
                    "answer": 0
                },
                {
                    "answer": 1
                },
                {
                    "answer": 0
                },
                {
                    "answer": "incendie"
                },
                {
                    "answer": 0
                }
            ],
            [
                {
                    "answer": "machine"
                },
                {
                    "answer": 0
                },
                {
                    "answer": 0
                },
                {
                    "answer": 1
                },
                {
                    "answer": "vol"
                },
                {
                    "answer": 0
                }
            ],
            [
                {
                    "answer": ""
                },
                {
                    "answer": 0
                },
                {
                    "answer": 0
                },
                {
                    "answer": 0
                },
                {
                    "answer": ""
                },
                {
                    "answer": 0
                }
            ],
            [
                {
                    "answer": ""
                },
                {
                    "answer": 0
                },
                {
                    "answer": 0
                },
                {
                    "answer": 0
                },
                {
                    "answer": ""
                },
                {
                    "answer": 0
                }
            ],
            [
                {
                    "answer": ""
                },
                {
                    "answer": 0
                },
                {
                    "answer": 0
                },
                {
                    "answer": 0
                },
                {
                    "answer": ""
                },
                {
                    "answer": 0
                }
            ],
            [
                {
                    "answer": ""
                },
                {
                    "answer": 0
                },
                {
                    "answer": 0
                },
                {
                    "answer": 0
                },
                {
                    "answer": ""
                },
                {
                    "answer": 0
                }
            ],
            [
                {
                    "answer": ""
                },
                {
                    "answer": 0
                },
                {
                    "answer": 0
                },
                {
                    "answer": 0
                },
                {
                    "answer": ""
                },
                {
                    "answer": 0
                }
            ]
        ],
        "2": {
            "answer": "Beaucoup"
        },
        "3": {
            "answer": "Elevée"
        }
    },
    "EC_11": {
        "1": {
            "answer": 2
        },
        "2": [
            [
                {
                    "answer": "Production agricoles"
                }
            ],
            [
                {
                    "answer": "Activités non-agricoles"
                }
            ],
            [
                {
                    "answer": ""
                }
            ]
        ],
        "3": {
            "answer": "Déficit stable"
        },
        "4": {
            "answer": 50
        },
        "5": {
            "answer": 0
        },
        "6": {
            "answer": "Moyennement"
        },
        "7": {
            "answer": "Moyenne"
        }
    },
    "EC_15": {
        "1": {
            "answer": "J'ai un peu de 'marge de manoeuvre' (c.-à-d. ce que je peux faire/entreprendre est limité)"
        },
        "2": {
            "answer": 1
        },
        "3": {
            "answer": "Un peu"
        },
        "4": {
            "answer": "Moyennement"
        }
    },
    "EC_10": {
        "1": [
            [
                {
                    "answer": "Autre"
                }
            ],
            [
                {
                    "answer": ""
                }
            ],
            [
                {
                    "answer": ""
                }
            ],
            [
                {
                    "answer": ""
                }
            ],
            [
                {
                    "answer": ""
                }
            ]
        ],
        "2": {
            "answer": 0
        },
        "3": {
            "answer": 0
        },
        "4": {
            "answer": "Beaucoup"
        },
        "5": {
            "answer": "Beaucoup"
        }
    },
    "EC_13": {
        "1": [
            [
                {
                    "answer": "Pas applicable"
                }
            ],
            [
                {
                    "answer": "Pas applicable"
                }
            ],
            [
                {
                    "answer": "Pas applicable"
                }
            ],
            [
                {
                    "answer": "Oui"
                }
            ],
            [
                {
                    "answer": "Pas applicable"
                }
            ],
            [
                {
                    "answer": "Oui"
                }
            ],
            [
                {
                    "answer": "Pas applicable"
                }
            ],
            [
                {
                    "answer": "Oui"
                }
            ],
            {
                "0": {
                    "answer": ""
                },
                "comment": ""
            }
        ],
        "2": {
            "answer": 90
        },
        "3": {
            "answer": "Beaucoup"
        },
        "4": {
            "answer": "Beaucoup"
        }
    },
    "EC_07": {
        "1": [
            [
                {
                    "answer": 1
                }
            ],
            [
                {
                    "answer": 1
                }
            ],
            [
                {
                    "answer": 1
                }
            ],
            [
                {
                    "answer": 0
                }
            ],
            [
                {
                    "answer": 1
                }
            ],
            [
                {
                    "answer": 1
                }
            ],
            [
                {
                    "answer": 0
                }
            ],
            [
                {
                    "answer": 0
                }
            ],
            [
                {
                    "answer": 0
                }
            ],
            {
                "comment": ""
            }
        ],
        "2": {
            "answer": "Moyennement"
        },
        "3": {
            "answer": "Un peu"
        }
    },
    "EC_06": {
        "1": {
            "answer": "Quelques fois"
        },
        "2": {
            "answer": "Un peu"
        },
        "3": {
            "answer": "Moyennement"
        }
    },
    "EC_03": {
        "1": [
            [
                {
                    "answer": "Non"
                },
                {
                    "answer": ""
                }
            ],
            [
                {
                    "answer": "Non applicable"
                },
                {
                    "answer": ""
                }
            ],
            [
                {
                    "answer": "Non"
                },
                {
                    "answer": ""
                }
            ]
        ],
        "2": {
            "answer": [
                "Je suis satisfait"
            ]
        },
        "3": {
            "answer": "Moyennement"
        },
        "4": {
            "answer": "Moyennement"
        }
    },
    "EC_04": {
        "1": [
            [
                {
                    "answer": "lait bio transformé en gruyère"
                },
                {
                    "answer": 1
                },
                {
                    "answer": "Je suis satisfait"
                },
                {
                    "answer": "Très rarement"
                },
                {
                    "answer": 1
                }
            ],
            {
                "0": {
                    "answer": ""
                },
                "2": {
                    "answer": ""
                },
                "3": {
                    "answer": ""
                }
            },
            {
                "0": {
                    "answer": ""
                },
                "2": {
                    "answer": ""
                },
                "3": {
                    "answer": ""
                }
            },
            {
                "0": {
                    "answer": ""
                },
                "2": {
                    "answer": ""
                },
                "3": {
                    "answer": ""
                }
            },
            {
                "0": {
                    "answer": ""
                },
                "2": {
                    "answer": ""
                },
                "3": {
                    "answer": ""
                }
            },
            {
                "0": {
                    "answer": ""
                },
                "2": {
                    "answer": ""
                },
                "3": {
                    "answer": ""
                }
            }
        ],
        "2": {
            "answer": "Beaucoup"
        },
        "3": {
            "answer": "Beaucoup"
        }
    },
    "EC_02": {
        "1": {
            "answer": 1
        },
        "2": [
            [
                {
                    "answer": "lait bio transformé en Gruyère"
                },
                {
                    "answer": 0
                },
                {
                    "answer": "Chaque semaine"
                },
                {
                    "answer": "Tout le temps (4+ fois par semaine)"
                }
            ],
            {
                "0": {
                    "answer": ""
                },
                "2": {
                    "answer": ""
                },
                "3": {
                    "answer": ""
                }
            },
            {
                "0": {
                    "answer": ""
                },
                "2": {
                    "answer": ""
                },
                "3": {
                    "answer": ""
                }
            },
            {
                "0": {
                    "answer": ""
                },
                "2": {
                    "answer": ""
                },
                "3": {
                    "answer": ""
                }
            },
            {
                "0": {
                    "answer": ""
                },
                "2": {
                    "answer": ""
                },
                "3": {
                    "answer": ""
                }
            },
            {
                "0": {
                    "answer": ""
                },
                "2": {
                    "answer": ""
                },
                "3": {
                    "answer": ""
                }
            }
        ],
        "3": {
            "answer": ""
        },
        "4": {
            "answer": "Beaucoup"
        },
        "5": {
            "answer": "Beaucoup"
        }
    },
    "EC_16": {
        "1": [
            [
                {
                    "answer": "lait bio transformé en Gruyère"
                },
                {
                    "answer": "Société coopérative locale"
                },
                {
                    "answer": 0
                },
                {
                    "answer": "Entité productive individuelle"
                },
                {
                    "answer": "Vous et d'autres agriculteurs"
                },
                {
                    "answer": "Pas du tout"
                },
                {
                    "answer": "Pas du tout"
                },
                {
                    "answer": "Pas du tout"
                }
            ],
            {
                "0": {
                    "answer": ""
                },
                "1": {
                    "answer": ""
                },
                "3": {
                    "answer": ""
                },
                "4": {
                    "answer": ""
                },
                "5": {
                    "answer": ""
                },
                "6": {
                    "answer": ""
                },
                "7": {
                    "answer": ""
                }
            },
            {
                "0": {
                    "answer": ""
                },
                "1": {
                    "answer": ""
                },
                "3": {
                    "answer": ""
                },
                "4": {
                    "answer": ""
                },
                "5": {
                    "answer": ""
                },
                "6": {
                    "answer": ""
                },
                "7": {
                    "answer": ""
                }
            },
            {
                "0": {
                    "answer": ""
                },
                "1": {
                    "answer": ""
                },
                "3": {
                    "answer": ""
                },
                "4": {
                    "answer": ""
                },
                "5": {
                    "answer": ""
                },
                "6": {
                    "answer": ""
                },
                "7": {
                    "answer": ""
                }
            },
            {
                "0": {
                    "answer": ""
                },
                "1": {
                    "answer": ""
                },
                "3": {
                    "answer": ""
                },
                "4": {
                    "answer": ""
                },
                "5": {
                    "answer": ""
                },
                "6": {
                    "answer": ""
                },
                "7": {
                    "answer": ""
                }
            },
            {
                "0": {
                    "answer": ""
                },
                "1": {
                    "answer": ""
                },
                "3": {
                    "answer": ""
                },
                "4": {
                    "answer": ""
                },
                "5": {
                    "answer": ""
                },
                "6": {
                    "answer": ""
                },
                "7": {
                    "answer": ""
                }
            }
        ],
        "2": {
            "answer": "Pas suffisamment"
        },
        "3": {
            "answer": "Complètement"
        },
        "4": {
            "answer": "Beaucoup"
        }
    },
    "EC_05": {
        "1": [
            [
                {
                    "answer": "lait bio transformé en Gruyère"
                },
                {
                    "answer": [
                        "Stable",
                        "Imprévisible"
                    ]
                },
                {
                    "answer": ""
                }
            ],
            {
                "0": {
                    "answer": ""
                },
                "2": {
                    "answer": ""
                }
            },
            {
                "0": {
                    "answer": ""
                },
                "2": {
                    "answer": ""
                }
            },
            {
                "0": {
                    "answer": ""
                },
                "2": {
                    "answer": ""
                }
            },
            {
                "0": {
                    "answer": ""
                },
                "2": {
                    "answer": ""
                }
            },
            {
                "0": {
                    "answer": ""
                },
                "2": {
                    "answer": ""
                }
            }
        ],
        "2": {
            "answer": "Moyennement"
        },
        "3": {
            "answer": "Moyennement"
        }
    }
}