{
    "ADM_01": {
        "1": {
            "answer": "claire"
        },
        "2": {
            "answer": "Renaud"
        },
        "3": {
            "answer": "Cedric"
        },
        "4": {
            "answer": "1.2."
        },
        "5": {
            "answer": "Chef de l'exploitation"
        },
        "6": {
            "answer": ""
        },
        "7": {
            "answer": "suisse"
        },
        "8": {
            "answer": "vaud"
        },
        "9": {
            "answer": "Nyon"
        },
        "10": {
            "answer": "Le Vaud"
        },
        "11": {
            "answer": ""
        },
        "12": {
            "answer": ""
        },
        "13": {
            "answer": "15.12.17"
        },
        "14": {
            "answer": "Homme"
        },
        "15": {
            "answer": "42 ans"
        },
        "16": {
            "answer": "Production végétale"
        },
        "17": {
            "answer": "Exploitation conventionnelle"
        },
        "18": {
            "answer": "51-100 ha"
        }
    },
    "PSP_02": {
        "1": [
            [
                {
                    "answer": true
                },
                {
                    "answer": false
                },
                {
                    "answer": true
                }
            ],
            [
                {
                    "answer": false
                },
                {
                    "answer": false
                },
                {
                    "answer": false
                }
            ],
            [
                {
                    "answer": false
                },
                {
                    "answer": false
                },
                {
                    "answer": false
                }
            ],
            [
                {
                    "answer": false
                },
                {
                    "answer": false
                },
                {
                    "answer": false
                }
            ],
            [
                {
                    "answer": false
                },
                {
                    "answer": false
                },
                {
                    "answer": false
                }
            ],
            [
                {
                    "answer": false
                },
                {
                    "answer": false
                },
                {
                    "answer": false
                }
            ],
            [
                {
                    "answer": false
                },
                {
                    "answer": false
                },
                {
                    "answer": false
                }
            ],
            [
                {
                    "answer": false
                },
                {
                    "answer": false
                },
                {
                    "answer": false
                }
            ],
            [
                {
                    "answer": false
                },
                {
                    "answer": false
                },
                {
                    "answer": false
                }
            ],
            [
                {
                    "answer": false
                },
                {
                    "answer": false
                },
                {
                    "answer": false
                }
            ],
            [
                {
                    "answer": false
                },
                {
                    "answer": false
                },
                {
                    "answer": false
                }
            ],
            [
                {
                    "answer": true
                },
                {
                    "answer": true
                },
                {
                    "answer": false
                }
            ]
        ],
        "2": [
            [
                {
                    "answer": true
                }
            ],
            [
                {
                    "answer": false
                }
            ],
            [
                {
                    "answer": false
                }
            ]
        ],
        "3": {
            "answer": "Moyennement"
        },
        "4": {
            "answer": "Beaucoup"
        }
    },
    "PSP_01": {
        "1": [
            [
                {
                    "answer": 1
                },
                {
                    "answer": true
                },
                {
                    "answer": 1
                },
                {
                    "answer": ""
                },
                {
                    "answer": 1
                },
                {
                    "answer": ""
                },
                {
                    "answer": 1
                }
            ],
            [
                {
                    "answer": 1
                },
                {
                    "answer": false
                },
                {
                    "answer": 1
                },
                {
                    "answer": ""
                },
                {
                    "answer": 1
                },
                {
                    "answer": ""
                },
                {
                    "answer": ""
                }
            ],
            [
                {
                    "answer": ""
                },
                {
                    "answer": false
                },
                {
                    "answer": ""
                },
                {
                    "answer": ""
                },
                {
                    "answer": ""
                },
                {
                    "answer": ""
                },
                {
                    "answer": ""
                }
            ],
            [
                {
                    "answer": 2
                },
                {
                    "answer": false
                },
                {
                    "answer": ""
                },
                {
                    "answer": ""
                },
                {
                    "answer": ""
                },
                {
                    "answer": ""
                },
                {
                    "answer": ""
                }
            ],
            [
                {
                    "answer": ""
                },
                {
                    "answer": false
                },
                {
                    "answer": ""
                },
                {
                    "answer": ""
                },
                {
                    "answer": ""
                },
                {
                    "answer": ""
                },
                {
                    "answer": ""
                }
            ],
            [
                {
                    "answer": ""
                },
                {
                    "answer": false
                },
                {
                    "answer": ""
                },
                {
                    "answer": ""
                },
                {
                    "answer": ""
                },
                {
                    "answer": ""
                },
                {
                    "answer": ""
                }
            ]
        ],
        "2": {
            "answer": "Entre 51h et 70h/semaine"
        },
        "3": {
            "answer": "Non-applicable"
        },
        "4": {
            "answer": "Oui, il a pu choisir librement"
        },
        "5": [
            [
                {
                    "answer": false
                },
                {
                    "answer": ""
                }
            ],
            [
                {
                    "answer": false
                },
                {
                    "answer": ""
                }
            ]
        ],
        "6": {
            "answer": "Beaucoup"
        },
        "7": {
            "answer": "Elevée"
        }
    },
    "PSP_04": {
        "1": {
            "answer": "Oui"
        },
        "2": [
            [
                {
                    "answer": true
                },
                {
                    "answer": 1
                }
            ],
            [
                {
                    "answer": true
                },
                {
                    "answer": 1
                }
            ],
            [
                {
                    "answer": false
                },
                {
                    "answer": ""
                }
            ],
            [
                {
                    "answer": true
                },
                {
                    "answer": 2
                }
            ],
            [
                {
                    "answer": true
                },
                {
                    "answer": 2
                }
            ],
            [
                {
                    "answer": false
                },
                {
                    "answer": ""
                }
            ],
            [
                {
                    "answer": false
                },
                {
                    "answer": ""
                }
            ],
            [
                {
                    "answer": false
                },
                {
                    "answer": ""
                }
            ],
            [
                {
                    "answer": false
                },
                {
                    "answer": ""
                }
            ],
            [
                {
                    "answer": false
                },
                {
                    "answer": ""
                }
            ],
            [
                {
                    "answer": true
                },
                {
                    "answer": 1
                }
            ],
            [
                {
                    "answer": false
                },
                {
                    "answer": ""
                }
            ],
            [
                {
                    "answer": true
                },
                {
                    "answer": 1
                }
            ],
            [
                {
                    "answer": false
                },
                {
                    "answer": ""
                }
            ],
            [
                {
                    "answer": false
                },
                {
                    "answer": ""
                }
            ],
            [
                {
                    "answer": false
                },
                {
                    "answer": ""
                }
            ],
            [
                {
                    "answer": true
                },
                {
                    "answer": 1
                }
            ],
            [
                {
                    "answer": false
                },
                {
                    "answer": ""
                }
            ],
            [
                {
                    "answer": false
                },
                {
                    "answer": ""
                }
            ],
            [
                {
                    "answer": false
                },
                {
                    "answer": ""
                }
            ],
            [
                {
                    "answer": false
                },
                {
                    "answer": ""
                }
            ],
            [
                {
                    "answer": false
                },
                {
                    "answer": ""
                }
            ],
            [
                {
                    "answer": false
                },
                {
                    "answer": ""
                }
            ],
            [
                {
                    "answer": false
                },
                {
                    "answer": ""
                }
            ],
            [
                {
                    "answer": false
                },
                {
                    "answer": ""
                }
            ],
            [
                {
                    "answer": false
                },
                {
                    "answer": ""
                }
            ],
            [
                {
                    "answer": true
                },
                {
                    "answer": 2
                }
            ],
            [
                {
                    "answer": false
                },
                {
                    "answer": ""
                }
            ],
            [
                {
                    "answer": false
                },
                {
                    "answer": ""
                }
            ],
            [
                {
                    "answer": false
                },
                {
                    "answer": ""
                }
            ],
            [
                {
                    "answer": false
                },
                {
                    "answer": ""
                }
            ],
            [
                {
                    "answer": false
                },
                {
                    "answer": ""
                }
            ],
            [
                {
                    "answer": false
                },
                {
                    "answer": ""
                }
            ]
        ],
        "3": {
            "answer": "Oui",
            "comment": ""
        },
        "4": [
            [
                {
                    "answer": false
                }
            ],
            [
                {
                    "answer": false
                }
            ],
            [
                {
                    "answer": false
                }
            ],
            [
                {
                    "answer": true
                }
            ]
        ],
        "5": {
            "answer": "Beaucoup"
        },
        "6": {
            "answer": "Elevée"
        }
    },
    "PSP_05": {
        "1": {
            "answer": "Non"
        },
        "2": [
            [
                {
                    "answer": ""
                },
                {
                    "answer": ""
                },
                {
                    "answer": false
                },
                {
                    "answer": false
                }
            ],
            [
                {
                    "answer": ""
                },
                {
                    "answer": ""
                },
                {
                    "answer": false
                },
                {
                    "answer": false
                }
            ],
            [
                {
                    "answer": ""
                },
                {
                    "answer": ""
                },
                {
                    "answer": false
                },
                {
                    "answer": false
                }
            ],
            [
                {
                    "answer": ""
                },
                {
                    "answer": ""
                },
                {
                    "answer": false
                },
                {
                    "answer": false
                }
            ],
            [
                {
                    "answer": ""
                },
                {
                    "answer": ""
                },
                {
                    "answer": false
                },
                {
                    "answer": false
                }
            ],
            [
                {
                    "answer": ""
                },
                {
                    "answer": ""
                },
                {
                    "answer": false
                },
                {
                    "answer": false
                }
            ],
            [
                {
                    "answer": ""
                },
                {
                    "answer": ""
                },
                {
                    "answer": false
                },
                {
                    "answer": false
                }
            ],
            [
                {
                    "answer": ""
                },
                {
                    "answer": ""
                },
                {
                    "answer": false
                },
                {
                    "answer": false
                }
            ]
        ],
        "3": [],
        "4": []
    },
    "PSP_07": {
        "1": [
            [
                {
                    "answer": false
                }
            ],
            [
                {
                    "answer": false
                }
            ],
            [
                {
                    "answer": false
                }
            ],
            [
                {
                    "answer": false
                }
            ],
            [
                {
                    "answer": false
                }
            ],
            [
                {
                    "answer": false
                }
            ],
            [
                {
                    "answer": false
                }
            ],
            [
                {
                    "answer": false
                }
            ]
        ],
        "2": {
            "answer": ""
        },
        "3": {
            "answer": ""
        },
        "4": [],
        "5": [],
        "6": [],
        "7": [],
        "8": []
    },
    "PSP_03": {
        "1": {
            "answer": "Non"
        },
        "2": [
            [
                {
                    "answer": ""
                },
                {
                    "answer": ""
                },
                {
                    "answer": false
                },
                {
                    "answer": ""
                },
                {
                    "answer": ""
                }
            ],
            [
                {
                    "answer": ""
                },
                {
                    "answer": ""
                },
                {
                    "answer": false
                },
                {
                    "answer": ""
                },
                {
                    "answer": ""
                }
            ],
            [
                {
                    "answer": ""
                },
                {
                    "answer": ""
                },
                {
                    "answer": false
                },
                {
                    "answer": ""
                },
                {
                    "answer": ""
                }
            ],
            [
                {
                    "answer": ""
                },
                {
                    "answer": ""
                },
                {
                    "answer": false
                },
                {
                    "answer": ""
                },
                {
                    "answer": ""
                }
            ]
        ],
        "3": [],
        "4": []
    },
    "PSP_08": {
        "1": [
            [
                {
                    "answer": "Oui"
                },
                []
            ],
            [
                {
                    "answer": "Oui"
                },
                []
            ],
            [
                {
                    "answer": "Pas applicable"
                },
                {
                    "answer": "Pas applicable"
                }
            ],
            [
                [],
                []
            ],
            [
                {
                    "answer": "Oui"
                },
                []
            ],
            [
                [],
                []
            ],
            [
                {
                    "answer": "Oui"
                },
                []
            ],
            [
                [],
                []
            ]
        ],
        "2": {
            "answer": "Complètement"
        },
        "3": {
            "answer": "Elevée"
        },
        "4": [],
        "5": []
    },
    "PSP_09": {
        "1": {
            "answer": "Oui"
        },
        "2": {
            "answer": ""
        },
        "3": {
            "answer": ""
        },
        "4": {
            "answer": ""
        },
        "5": {
            "answer": "Oui"
        },
        "6": {
            "answer": "Non"
        },
        "7": {
            "answer": ""
        },
        "8": [],
        "9": {
            "answer": ""
        },
        "10": {
            "answer": ""
        },
        "11": {
            "answer": ""
        },
        "12": [],
        "13": {
            "answer": "Non"
        },
        "14": {
            "answer": "Complètement"
        },
        "15": {
            "answer": "Elevée"
        }
    },
    "PSP_10": {
        "1": {
            "answer": "Non"
        },
        "2": {
            "answer": ""
        },
        "3": {
            "answer": "Oui"
        },
        "4": {
            "answer": [
                "Produits alimentaires (personnes)"
            ]
        },
        "5": {
            "answer": "1-10 %"
        },
        "6": {
            "answer": ""
        },
        "7": {
            "answer": [
                "Produits alimentaires (personnes)"
            ]
        },
        "8": {
            "answer": "Moyennement"
        },
        "9": {
            "answer": "Moyenne"
        }
    },
    "PSP_11": {
        "1": {
            "answer": "Oui"
        },
        "2": {
            "answer": [
                "Sécheresse",
                "Grêle"
            ]
        },
        "3": [
            [
                {
                    "answer": true
                },
                {
                    "answer": "choix des cultures par parcelles"
                }
            ],
            [
                {
                    "answer": true
                },
                {
                    "answer": "assurances"
                }
            ]
        ],
        "4": [],
        "5": {
            "answer": []
        },
        "6": [
            [
                {
                    "answer": false
                },
                {
                    "answer": ""
                }
            ],
            [
                {
                    "answer": false
                },
                {
                    "answer": ""
                }
            ]
        ],
        "7": {
            "answer": "Moyennement"
        },
        "8": {
            "answer": "Moyennement"
        }
    },
    "PSP_12": {
        "1": [
            [
                {
                    "answer": "Non"
                }
            ],
            [
                {
                    "answer": "Oui"
                }
            ],
            [
                {
                    "answer": "Non"
                }
            ],
            [
                {
                    "answer": "Oui"
                }
            ],
            [
                {
                    "answer": "Oui"
                }
            ],
            [
                {
                    "answer": "Non"
                }
            ],
            [
                {
                    "answer": "Oui"
                }
            ],
            [
                {
                    "answer": "Oui"
                }
            ],
            [
                {
                    "answer": "Non"
                }
            ],
            [
                {
                    "answer": "Pas applicable"
                }
            ],
            [
                {
                    "answer": "Pas applicable"
                }
            ]
        ],
        "2": {
            "answer": "Beaucoup"
        },
        "3": {
            "answer": "Très"
        }
    },
    "PSP_13": {
        "1": [
            [
                {
                    "answer": true
                },
                {
                    "answer": false
                }
            ],
            [
                {
                    "answer": false
                },
                {
                    "answer": false
                }
            ],
            [
                {
                    "answer": true
                },
                {
                    "answer": true
                }
            ],
            [
                {
                    "answer": true
                },
                {
                    "answer": true
                }
            ],
            [
                {
                    "answer": true
                },
                {
                    "answer": true
                }
            ],
            [
                {
                    "answer": true
                },
                {
                    "answer": true
                }
            ],
            [
                {
                    "answer": false
                },
                {
                    "answer": false
                }
            ],
            [
                {
                    "answer": true
                },
                {
                    "answer": true
                }
            ],
            [
                {
                    "answer": false
                },
                {
                    "answer": false
                }
            ],
            [
                {
                    "answer": false
                },
                {
                    "answer": false
                }
            ],
            [
                {
                    "answer": false
                },
                {
                    "answer": false
                }
            ]
        ],
        "2": {
            "answer": "Beaucoup"
        },
        "3": {
            "answer": "Beaucoup"
        }
    },
    "PSP_14": {
        "1": {
            "answer": "Oui"
        },
        "2": {
            "answer": "Oui"
        },
        "3": {
            "answer": [
                "Plus grande variabilité des précipitations",
                "Inondations",
                null,
                "Sécheresse inhabituelle",
                "Autre (précisez)"
            ]
        },
        "4": {
            "answer": "plus dans les extrêmes . très sec ou très humide. perte de récoltes ou difficultés pour aller dans les champs"
        },
        "5": {
            "answer": "Oui"
        },
        "6": {
            "answer": "Oui"
        },
        "7": {
            "answer": "Excellent"
        },
        "8": {
            "answer": "Oui"
        },
        "9": [
            [
                {
                    "answer": true
                }
            ],
            [
                {
                    "answer": true
                }
            ],
            [
                {
                    "answer": true
                }
            ],
            [
                {
                    "answer": false
                }
            ],
            [
                {
                    "answer": true
                }
            ],
            [
                {
                    "answer": true
                }
            ],
            [
                {
                    "answer": false
                }
            ],
            [
                {
                    "answer": false
                }
            ],
            [
                {
                    "answer": false
                }
            ]
        ],
        "10": {
            "answer": "Non"
        },
        "11": {
            "answer": "Oui"
        },
        "12": {
            "answer": "Deux sources"
        },
        "13": {
            "answer": "Beaucoup"
        },
        "14": {
            "answer": "Elevée"
        }
    },
    "PSP_15": {
        "1": [],
        "2": {
            "answer": ""
        },
        "3": [],
        "4": []
    },
    "PSP_16": {
        "1": {
            "answer": "Oui"
        },
        "2": [
            [
                {
                    "answer": false
                }
            ],
            [
                {
                    "answer": true
                }
            ],
            [
                {
                    "answer": false
                }
            ],
            [
                {
                    "answer": false
                }
            ],
            [
                {
                    "answer": true
                }
            ],
            [
                {
                    "answer": true
                }
            ],
            [
                {
                    "answer": false
                }
            ],
            [
                {
                    "answer": false
                }
            ],
            [
                {
                    "answer": false
                }
            ],
            [
                {
                    "answer": false
                }
            ],
            [
                {
                    "answer": false
                }
            ]
        ],
        "3": {
            "answer": "Beaucoup"
        },
        "4": {
            "answer": "Elevée"
        }
    },
    "PSP_17": {
        "1": [
            [
                {
                    "answer": true
                },
                {
                    "answer": true
                }
            ],
            [
                {
                    "answer": true
                },
                {
                    "answer": true
                }
            ],
            [
                {
                    "answer": true
                },
                {
                    "answer": true
                }
            ]
        ],
        "2": {
            "answer": "Toujours"
        },
        "3": {
            "answer": [
                null,
                "Gants"
            ]
        },
        "4": {
            "answer": [
                "Donnés à des collecteurs",
                "Jetés à la poubelle"
            ]
        },
        "5": {
            "answer": "Beaucoup"
        },
        "6": {
            "answer": "Moyenne"
        }
    },
    "PSP_18": {
        "1": {
            "answer": "Non",
            "comment": ""
        },
        "2": {
            "answer": ""
        },
        "3": [],
        "4": [],
        "5": []
    },
    "GOV_01": {
        "1": {
            "answer": "Oui"
        },
        "2": [
            [
                {
                    "answer": false
                }
            ],
            [
                {
                    "answer": true
                }
            ],
            [
                {
                    "answer": false
                }
            ],
            [
                {
                    "answer": false
                }
            ]
        ],
        "3": {
            "answer": "Oui, elles sont suffisamment flexibles"
        },
        "4": {
            "answer": ""
        },
        "5": {
            "answer": "Non"
        },
        "6": {
            "answer": "Moyennement"
        },
        "7": {
            "answer": "Elevée"
        }
    },
    "ENV_01": {
        "1": [
            [
                [],
                [],
                {
                    "answer": ""
                }
            ],
            [
                [],
                [],
                {
                    "answer": ""
                }
            ],
            [
                [],
                [],
                {
                    "answer": ""
                }
            ],
            [
                [],
                [],
                {
                    "answer": ""
                }
            ],
            [
                [],
                [],
                {
                    "answer": ""
                }
            ]
        ],
        "2": [],
        "3": {
            "answer": "Un peu"
        }
    },
    "ENV_02": {
        "1": {
            "answer": []
        },
        "2": [],
        "3": {
            "answer": "Aucune"
        }
    },
    "ENV_03": {
        "1": [
            [
                {
                    "answer": false
                },
                {
                    "answer": ""
                }
            ],
            [
                {
                    "answer": false
                },
                {
                    "answer": ""
                }
            ],
            [
                {
                    "answer": false
                },
                {
                    "answer": ""
                }
            ],
            [
                {
                    "answer": false
                },
                {
                    "answer": ""
                }
            ],
            [
                {
                    "answer": false
                },
                {
                    "answer": ""
                }
            ],
            [
                {
                    "answer": false
                },
                {
                    "answer": ""
                }
            ]
        ],
        "2": {
            "answer": "Complètement"
        },
        "3": {
            "answer": "Complètement"
        },
        "4": {
            "answer": "Complètement"
        },
        "5": {
            "answer": "Aucune"
        }
    },
    "ENV_04": {
        "1": [
            [
                {
                    "answer": 26
                },
                {
                    "answer": 31
                },
                {
                    "answer": ""
                },
                {
                    "answer": ""
                }
            ],
            [
                {
                    "answer": ""
                },
                {
                    "answer": ""
                },
                {
                    "answer": ""
                },
                {
                    "answer": ""
                }
            ],
            [
                {
                    "answer": ""
                },
                {
                    "answer": ""
                },
                {
                    "answer": ""
                },
                {
                    "answer": ""
                }
            ]
        ],
        "2": {
            "answer": 57
        },
        "3": {
            "answer": "environ 13"
        },
        "4": {
            "answer": "Moyennement"
        },
        "5": {
            "answer": "Moyenne"
        }
    },
    "ENV_05": {
        "1": {
            "answer": 3
        },
        "2": {
            "answer": [
                "Limoneux?",
                "Argileux?",
                "Pierreux?"
            ]
        },
        "3": {
            "answer": "Assez riche"
        },
        "4": {
            "answer": "Oui"
        },
        "5": {
            "answer": "Beaucoup"
        },
        "6": {
            "answer": "Très"
        },
        "7": {
            "answer": "Non"
        },
        "8": {
            "answer": ""
        },
        "9": {
            "answer": "Oui"
        },
        "10": {
            "answer": "Pas applicable"
        }
    },
    "ENV_06": {
        "1": [
            [
                {
                    "answer": true
                },
                {
                    "answer": ""
                }
            ],
            [
                {
                    "answer": false
                },
                {
                    "answer": ""
                }
            ],
            [
                {
                    "answer": false
                },
                {
                    "answer": ""
                }
            ],
            [
                {
                    "answer": true
                },
                {
                    "answer": ""
                }
            ],
            [
                {
                    "answer": false
                },
                {
                    "answer": ""
                }
            ],
            [
                {
                    "answer": true
                },
                {
                    "answer": ""
                }
            ],
            [
                {
                    "answer": false
                },
                {
                    "answer": ""
                }
            ],
            [
                {
                    "answer": false
                },
                {
                    "answer": ""
                }
            ],
            [
                {
                    "answer": false
                },
                {
                    "answer": ""
                }
            ],
            [
                {
                    "answer": true
                },
                {
                    "answer": ""
                }
            ],
            [
                {
                    "answer": true
                },
                {
                    "answer": ""
                }
            ],
            [
                {
                    "answer": false
                },
                {
                    "answer": ""
                }
            ],
            [
                {
                    "answer": false
                },
                {
                    "answer": ""
                }
            ],
            [
                {
                    "answer": true
                },
                {
                    "answer": ""
                }
            ],
            [
                {
                    "answer": false
                },
                {
                    "answer": ""
                }
            ],
            [
                {
                    "answer": true
                },
                {
                    "answer": "semis sous litière"
                }
            ]
        ],
        "2": {
            "answer": "Beaucoup"
        },
        "3": {
            "answer": "Elevée"
        }
    },
    "ENV_07": {
        "1": {
            "answer": "Oui chaque année"
        },
        "2": {
            "answer": "Pois, Trèfle dans les couvertures de sols"
        },
        "3": {
            "answer": "Beaucoup"
        },
        "4": {
            "answer": "Elevée"
        }
    },
    "ENV_08": {
        "1": {
            "answer": "7% ou + mais moins de 15%"
        },
        "2": {
            "answer": "Pas du tout"
        },
        "3": {
            "answer": "Pas du tout"
        }
    },
    "ENV_09": {
        "1": [
            [
                {
                    "answer": false
                },
                {
                    "answer": false
                },
                {
                    "answer": false
                }
            ],
            [
                {
                    "answer": false
                },
                {
                    "answer": false
                },
                {
                    "answer": false
                }
            ],
            [
                {
                    "answer": false
                },
                {
                    "answer": false
                },
                {
                    "answer": false
                }
            ],
            [
                {
                    "answer": true
                },
                {
                    "answer": false
                },
                {
                    "answer": false
                }
            ],
            [
                {
                    "answer": false
                },
                {
                    "answer": false
                },
                {
                    "answer": false
                }
            ],
            [
                {
                    "answer": false
                },
                {
                    "answer": false
                },
                {
                    "answer": false
                }
            ],
            [
                {
                    "answer": false
                },
                {
                    "answer": false
                },
                {
                    "answer": false
                }
            ],
            [
                {
                    "answer": false
                },
                {
                    "answer": false
                },
                {
                    "answer": false
                }
            ],
            [
                {
                    "answer": false
                },
                {
                    "answer": false
                },
                {
                    "answer": false
                }
            ],
            [
                {
                    "answer": true
                },
                {
                    "answer": false
                },
                {
                    "answer": true
                }
            ],
            [
                {
                    "answer": false
                },
                {
                    "answer": false
                },
                {
                    "answer": false
                }
            ],
            [
                {
                    "answer": true
                },
                {
                    "answer": false
                },
                {
                    "answer": true
                }
            ],
            [
                {
                    "answer": false
                },
                {
                    "answer": false
                },
                {
                    "answer": false
                }
            ],
            [
                {
                    "answer": false
                },
                {
                    "answer": false
                },
                {
                    "answer": false
                }
            ],
            [
                {
                    "answer": true
                },
                {
                    "answer": true
                },
                {
                    "answer": false
                }
            ],
            [
                {
                    "answer": false
                },
                {
                    "answer": false
                },
                {
                    "answer": false
                }
            ]
        ],
        "2": {
            "answer": "Tout ou la plupart de l'énergie dépend d'acteurs externes (0-20% viennent de votre propre exploitation)"
        },
        "3": {
            "answer": "Beaucoup"
        },
        "4": {
            "answer": "Elevée"
        }
    },
    "ENV_10": {
        "1": {
            "answer": "Oui"
        },
        "2": [
            [
                {
                    "answer": true
                }
            ],
            [
                {
                    "answer": false
                }
            ],
            [
                {
                    "answer": true
                }
            ],
            [
                {
                    "answer": false
                }
            ]
        ],
        "3": [],
        "4": [],
        "5": [],
        "6": [],
        "7": [],
        "8": {
            "answer": "Elevée"
        }
    },
    "ENV_11": {
        "1": {
            "answer": "Oui"
        },
        "2": {
            "answer": "Oui"
        },
        "3": [
            [
                {
                    "answer": false
                }
            ],
            [
                {
                    "answer": false
                }
            ],
            [
                {
                    "answer": false
                }
            ]
        ],
        "4": {
            "answer": "Beaucoup"
        },
        "5": {
            "answer": "Beaucoup"
        },
        "6": [
            [
                {
                    "answer": true
                },
                {
                    "answer": ""
                },
                {
                    "answer": false
                }
            ],
            [
                {
                    "answer": true
                },
                {
                    "answer": ""
                },
                {
                    "answer": false
                }
            ],
            [
                {
                    "answer": false
                },
                {
                    "answer": ""
                },
                {
                    "answer": false
                }
            ]
        ],
        "7": {
            "answer": "Oui"
        },
        "8": {
            "answer": "Oui"
        },
        "9": [
            [
                {
                    "answer": false
                }
            ],
            [
                {
                    "answer": true
                }
            ],
            [
                {
                    "answer": false
                }
            ],
            [
                {
                    "answer": true
                }
            ],
            [
                {
                    "answer": false
                }
            ],
            [
                {
                    "answer": false
                }
            ]
        ],
        "10": {
            "answer": "Beaucoup"
        },
        "11": {
            "answer": "Elevée"
        }
    },
    "ENV_12": {
        "1": [
            [
                {
                    "answer": true
                }
            ],
            [
                {
                    "answer": false
                }
            ],
            [
                {
                    "answer": false
                }
            ],
            [
                {
                    "answer": false
                }
            ],
            [
                {
                    "answer": false
                }
            ],
            [
                {
                    "answer": true
                }
            ],
            [
                {
                    "answer": true
                }
            ],
            [
                {
                    "answer": false
                }
            ],
            [
                {
                    "answer": false
                }
            ],
            [
                {
                    "answer": false
                }
            ]
        ],
        "2": {
            "answer": "une dizaine"
        },
        "3": {
            "answer": "Oui"
        },
        "4": {
            "answer": "Beaucoup"
        },
        "5": {
            "answer": "Beaucoup"
        }
    },
    "SOC_01": {
        "1": {
            "answer": "Oui"
        },
        "2": [
            [
                {
                    "answer": false
                },
                [],
                []
            ],
            [
                {
                    "answer": false
                },
                [],
                []
            ],
            [
                {
                    "answer": false
                },
                [],
                []
            ],
            [
                {
                    "answer": false
                },
                [],
                []
            ],
            [
                {
                    "answer": false
                },
                [],
                []
            ],
            [
                {
                    "answer": false
                },
                [],
                []
            ],
            [
                {
                    "answer": false
                },
                [],
                []
            ],
            [
                {
                    "answer": false
                },
                [],
                []
            ],
            [
                {
                    "answer": true
                },
                {
                    "answer": "Assez actif"
                },
                {
                    "answer": "Deux fois par année ou moins"
                }
            ],
            [
                {
                    "answer": true
                },
                {
                    "answer": "Assez actif"
                },
                {
                    "answer": "Deux fois par année ou moins"
                }
            ],
            [
                {
                    "answer": false
                },
                [],
                []
            ],
            [
                {
                    "answer": false
                },
                [],
                []
            ],
            [
                {
                    "answer": false
                },
                [],
                []
            ],
            [
                {
                    "answer": false
                },
                [],
                []
            ],
            [
                {
                    "answer": false
                },
                [],
                []
            ],
            [
                {
                    "answer": false
                },
                [],
                []
            ],
            [
                {
                    "answer": false
                },
                [],
                []
            ],
            [
                {
                    "answer": false
                },
                [],
                []
            ],
            [
                {
                    "answer": false
                },
                [],
                []
            ],
            [
                {
                    "answer": false
                },
                [],
                []
            ],
            [
                {
                    "answer": false
                },
                [],
                []
            ]
        ],
        "3": [
            [
                {
                    "answer": true
                }
            ],
            [
                {
                    "answer": false
                }
            ],
            [
                {
                    "answer": false
                }
            ],
            [
                {
                    "answer": true
                }
            ],
            [
                {
                    "answer": true
                }
            ],
            [
                {
                    "answer": true
                }
            ],
            [
                {
                    "answer": false
                }
            ],
            [
                {
                    "answer": false
                }
            ]
        ],
        "4": {
            "answer": "Oui"
        },
        "5": {
            "answer": ""
        },
        "6": {
            "answer": "Beaucoup"
        },
        "7": {
            "answer": "Beaucoup"
        },
        "8": {
            "answer": "Moyennement"
        },
        "9": {
            "answer": "Elevée"
        }
    },
    "SOC_02": {
        "1": [],
        "2": [],
        "3": []
    },
    "SOC_03": {
        "1": [
            [
                {
                    "answer": false
                }
            ],
            [
                {
                    "answer": false
                }
            ],
            [
                {
                    "answer": false
                }
            ],
            [
                {
                    "answer": true
                }
            ],
            [
                {
                    "answer": false
                }
            ],
            [
                {
                    "answer": false
                }
            ],
            [
                {
                    "answer": false
                }
            ],
            [
                {
                    "answer": true
                }
            ],
            [
                {
                    "answer": false
                }
            ],
            [
                {
                    "answer": true
                }
            ],
            [
                {
                    "answer": false
                }
            ]
        ],
        "2": {
            "answer": "Oui"
        },
        "3": {
            "answer": "choix des cultures"
        },
        "4": {
            "answer": "Moyennement"
        },
        "5": {
            "answer": "Oui"
        },
        "6": {
            "answer": "Moyennement"
        },
        "7": {
            "answer": "Moyennement"
        }
    },
    "SOC_04": {
        "1": {
            "answer": "Non"
        },
        "2": [],
        "3": []
    },
    "SOC_05": {
        "1": {
            "answer": "Moyennement"
        },
        "2": {
            "answer": "Non"
        },
        "3": [
            [
                {
                    "answer": false
                }
            ],
            [
                {
                    "answer": false
                }
            ],
            [
                {
                    "answer": false
                }
            ],
            [
                {
                    "answer": false
                }
            ]
        ],
        "4": [
            [
                {
                    "answer": false
                }
            ],
            [
                {
                    "answer": false
                }
            ],
            [
                {
                    "answer": false
                }
            ],
            [
                {
                    "answer": false
                }
            ],
            [
                {
                    "answer": false
                }
            ]
        ],
        "5": {
            "answer": "Moyennement"
        },
        "6": {
            "answer": "Moyenne"
        }
    },
	"SOC_06": {
	  "1": {
	   "answer": "Quelques fois"
	  },
	  "2": {
	   "answer": "Oui"
	  },
	  "3": {
	   "answer": "Non"
	  },
	  "4": {
	   "answer": "Moyennement"
	  },
	  "5": {
	   "answer": "Moyenne"
	  }
	 },
	 "EC_09": {
	  "1": {
	   "0": [
		{
		 "answer": "1"
		},
		{
		 "answer": ""
		}
	   ],
	   "1": [
		{
		 "answer": "Pas de possession"
		},
		{
		 "answer": ""
		}
	   ],
	   "2": [
		{
		 "answer": "Pas de possession"
		},
		{
		 "answer": ""
		}
	   ],
	   "3": [
		{
		 "answer": "3"
		},
		{
		 "answer": ""
		}
	   ],
	   "4": [
		{
		 "answer": "2"
		},
		{
		 "answer": ""
		}
	   ],
	   "5": [
		{},
		{
		 "answer": ""
		}
	   ]
	  },
	  "2": {
	   "answer": "Beaucoup"
	  },
	  "3": {
	   "answer": "Très élevée"
	  }
	 },
	 "EC_08": {
	  "1": {
	   "0": [
		{
		 "answer": "cultures"
		},
		{
		 "answer": true
		},
		{
		 "answer": false
		},
		{
		 "answer": false
		},
		{
		 "answer": ""
		},
		{
		 "answer": true
		}
	   ],
	   "1": [
		{
		 "answer": "machines"
		},
		{
		 "answer": true
		},
		{
		 "answer": true
		},
		{
		 "answer": false
		},
		{
		 "answer": ""
		},
		{
		 "answer": false
		}
	   ],
	   "2": [
		{
		 "answer": "batiment"
		},
		{
		 "answer": true
		},
		{
		 "answer": true
		},
		{
		 "answer": false
		},
		{
		 "answer": ""
		},
		{
		 "answer": true
		}
	   ],
	   "3": [
		{
		 "answer": ""
		},
		{
		 "answer": false
		},
		{
		 "answer": false
		},
		{
		 "answer": false
		},
		{
		 "answer": ""
		},
		{
		 "answer": false
		}
	   ],
	   "4": [
		{
		 "answer": ""
		},
		{
		 "answer": false
		},
		{
		 "answer": false
		},
		{
		 "answer": false
		},
		{
		 "answer": ""
		},
		{
		 "answer": false
		}
	   ],
	   "5": [
		{
		 "answer": ""
		},
		{
		 "answer": false
		},
		{
		 "answer": false
		},
		{
		 "answer": false
		},
		{
		 "answer": ""
		},
		{
		 "answer": false
		}
	   ],
	   "6": [
		{
		 "answer": ""
		},
		{
		 "answer": false
		},
		{
		 "answer": false
		},
		{
		 "answer": false
		},
		{
		 "answer": ""
		},
		{
		 "answer": false
		}
	   ],
	   "7": [
		{
		 "answer": ""
		},
		{
		 "answer": false
		},
		{
		 "answer": false
		},
		{
		 "answer": false
		},
		{
		 "answer": ""
		},
		{
		 "answer": false
		}
	   ],
	   "8": [
		{
		 "answer": ""
		},
		{
		 "answer": false
		},
		{
		 "answer": false
		},
		{
		 "answer": false
		},
		{
		 "answer": ""
		},
		{
		 "answer": false
		}
	   ],
	   "9": [
		{
		 "answer": ""
		},
		{
		 "answer": false
		},
		{
		 "answer": false
		},
		{
		 "answer": false
		},
		{
		 "answer": ""
		},
		{
		 "answer": false
		}
	   ]
	  },
	  "2": {
	   "answer": "Complètement"
	  },
	  "3": {
	   "answer": "Elevée"
	  }
	 },
	 "EC_11": {
	  "1": {
	   "answer": "4"
	  },
	  "2": {
	   "0": [
		{
		 "answer": "Production agricoles"
		}
	   ],
	   "1": [
		{
		 "answer": "Revenu externe à l'exploitation"
		}
	   ],
	   "2": [
		{
		 "answer": "Activités non-agricoles"
		}
	   ]
	  },
	  "3": {
	   "answer": "Profit croissant"
	  },
	  "4": {
	   "answer": "40"
	  },
	  "5": {
	   "answer": "Non"
	  },
	  "6": {
	   "answer": "Un peu"
	  },
	  "7": {
	   "answer": "Faible"
	  }
	 },
	 "EC_12": {
	  "1": {
	   "answer": "Non"
	  },
	  "2": {
	   "answer": "Oui"
	  },
	  "3": {
	   "answer": "Moyennement"
	  },
	  "4": {
	   "answer": "Un peu"
	  }
	 },
	 "EC_14": {
	  "1": {
	   "answer": "Non"
	  },
	  "2": {
	   "answer": [
		"Banque"
	   ]
	  },
	  "3": {
	   "answer": "Moyennement"
	  },
	  "4": {
	   "answer": "Moyennement"
	  }
	 },
	 "EC_01": {
	  "1": {
	   "answer": "Moins de 45% de fonds propres"
	  },
	  "2": {
	   "answer": "Moyennement"
	  },
	  "3": {
	   "answer": "Moyennement"
	  }
	 },
	 "EC_15": {
	  "1": {
	   "answer": "J'ai un peu de 'marge de manoeuvre' (c.-à-d. ce que je peux faire\/entreprendre est limité)"
	  },
	  "2": {
	   "answer": "Oui"
	  },
	  "3": {
	   "answer": "Beaucoup"
	  },
	  "4": {
	   "answer": "Beaucoup"
	  }
	 },
	 "EC_10": {
	  "1": {
	   "0": [
		{
		 "answer": "nouveau bâtiment"
		}
	   ],
	   "1": [
		{
		 "answer": "pesticides"
		}
	   ],
	   "2": [
		{
		 "answer": "engrais"
		}
	   ],
	   "3": [
		{
		 "answer": "matériel agricole"
		}
	   ],
	   "4": [
		{
		 "answer": "assurances"
		}
	   ]
	  },
	  "2": {
	   "answer": "Oui"
	  },
	  "3": {
	   "answer": "Non"
	  },
	  "4": {
	   "answer": "Complètement"
	  },
	  "5": {
	   "answer": "Très"
	  }
	 },
	 "EC_13": {
	  "1": {
	   "0": [
		{
		 "answer": "Oui"
		}
	   ],
	   "1": [
		{
		 "answer": "Pas applicable"
		}
	   ],
	   "2": [
		{
		 "answer": "Oui"
		}
	   ],
	   "3": [
		{
		 "answer": "Oui"
		}
	   ],
	   "4": [
		{
		 "answer": "Oui"
		}
	   ],
	   "5": [
		{
		 "answer": "Oui"
		}
	   ],
	   "6": [
		{
		 "answer": "Pas applicable"
		}
	   ],
	   "7": [
		{
		 "answer": "Oui"
		}
	   ],
	   "8": [
		{}
	   ]
	  },
	  "2": {
	   "answer": "0"
	  },
	  "3": {
	   "answer": "Beaucoup"
	  },
	  "4": {
	   "answer": "Beaucoup"
	  }
	 },
	 "EC_07": {
	  "1": {
	   "0": [
		{
		 "answer": "Oui"
		}
	   ],
	   "1": [
		{
		 "answer": "Oui"
		}
	   ],
	   "2": [
		{
		 "answer": "Oui"
		}
	   ],
	   "3": [
		{
		 "answer": "Oui"
		}
	   ],
	   "4": [
		{
		 "answer": "Oui"
		}
	   ],
	   "5": [
		{
		 "answer": "Oui"
		}
	   ],
	   "6": [
		{
		 "answer": "Non"
		}
	   ],
	   "7": [
		{
		 "answer": "Non"
		}
	   ],
	   "8": [
		{
		 "answer": "Non"
		}
	   ],
	   "9": [
		{}
	   ]
	  },
	  "2": {
	   "answer": "Beaucoup"
	  },
	  "3": {
	   "answer": "Beaucoup"
	  }
	 },
	 "EC_06": {
	  "1": {
	   "answer": "Souvent"
	  },
	  "2": {
	   "answer": "Beaucoup"
	  },
	  "3": {
	   "answer": "Très"
	  }
	 },
	 "EC_03": {
	  "1": {
	   "0": [
		{
		 "answer": "Oui"
		},
		{
		 "answer": "fumier, lisier,compost"
		}
	   ],
	   "1": [
		{
		 "answer": "Non"
		},
		{
		 "answer": ""
		}
	   ],
	   "2": [
		{
		 "answer": "Non applicable"
		},
		{
		 "answer": ""
		}
	   ]
	  },
	  "2": {
	   "answer": [
		"Je suis satisfait"
	   ]
	  },
	  "3": {
	   "answer": "Beaucoup"
	  },
	  "4": {
	   "answer": "Un peu"
	  }
	 },
	 "EC_04": {
	  "1": {
	   "0": [
		{
		 "answer": "blé"
		},
		{
		 "answer": false
		},
		{
		 "answer": "Je suis satisfait"
		},
		{
		 "answer": "Jamais"
		},
		{
		 "answer": true
		}
	   ],
	   "1": [
		{
		 "answer": "colza"
		},
		{
		 "answer": true
		},
		{
		 "answer": "Je suis satisfait"
		},
		{
		 "answer": "Souvent"
		},
		{
		 "answer": true
		}
	   ],
	   "2": [
		{
		 "answer": "orge,pois fourrager"
		},
		{
		 "answer": true
		},
		{
		 "answer": "Je suis satisfait"
		},
		{
		 "answer": "Jamais"
		},
		{
		 "answer": true
		}
	   ],
	   "3": [
		{
		 "answer": "camomille romaine,persil"
		},
		{
		 "answer": true
		},
		{
		 "answer": "Je suis satisfait"
		},
		{
		 "answer": "Souvent"
		},
		{
		 "answer": false
		}
	   ],
	   "4": [
		{
		 "answer": "tournesol,"
		},
		{
		 "answer": true
		},
		{
		 "answer": "Je suis satisfait"
		},
		{
		 "answer": "Jamais"
		},
		{
		 "answer": true
		}
	   ],
	   "5": [
		{
		 "answer": "maïs, prairies, avoine"
		},
		{
		 "answer": false
		},
		{
		 "answer": "Je suis satisfait"
		},
		{
		 "answer": "Jamais"
		},
		{
		 "answer": true
		}
	   ]
	  },
	  "2": {
	   "answer": "Complètement"
	  },
	  "3": {
	   "answer": "Très"
	  }
	 },
	 "EC_02": {
	  "1": {
	   "answer": "Oui"
	  },
	  "2": {
	   "0": [
		{
		 "answer": "camomille,persil"
		},
		{
		 "answer": false
		},
		{
		 "answer": "Chaque semaine"
		},
		{
		 "answer": "Non"
		}
	   ],
	   "1": [
		{
		 "answer": "colza"
		},
		{
		 "answer": false
		},
		{
		 "answer": "Chaque semaine"
		},
		{
		 "answer": "Non"
		}
	   ],
	   "2": [
		{
		 "answer": ""
		},
		{
		 "answer": false
		},
		{},
		{}
	   ],
	   "3": [
		{
		 "answer": ""
		},
		{
		 "answer": false
		},
		{},
		{}
	   ],
	   "4": [
		{
		 "answer": ""
		},
		{
		 "answer": false
		},
		{},
		{}
	   ],
	   "5": [
		{
		 "answer": ""
		},
		{
		 "answer": false
		},
		{},
		{}
	   ]
	  },
	  "3": {
	   "answer": "0-5"
	  },
	  "4": {
	   "answer": "Un peu"
	  },
	  "5": {
	   "answer": "Beaucoup"
	  }
	 },
	 "EC_16": {
	  "1": {
	   "0": [
		{
		 "answer": "blé"
		},
		{
		 "answer": "Trop bas"
		},
		{
		 "answer": "false"
		}
	   ],
	   "1": [
		{
		 "answer": "colza"
		},
		{
		 "answer": "Stable"
		},
		{
		 "answer": "false"
		}
	   ],
	   "2": [
		{
		 "answer": "orge, pois fourrager"
		},
		{
		 "answer": "Trop bas"
		},
		{
		 "answer": "false"
		}
	   ],
	   "3": [
		{
		 "answer": "camomille, persil"
		},
		{
		 "answer": "Stable"
		},
		{
		 "answer": "true"
		}
	   ],
	   "4": [
		{
		 "answer": "tournesol"
		},
		{
		 "answer": "Stable"
		},
		{
		 "answer": "false"
		}
	   ],
	   "5": [
		{
		 "answer": "maïs,prairies,avoine"
		},
		{
		 "answer": "Stable"
		},
		{
		 "answer": "false"
		}
	   ]
	  },
	  "2": {
	   "answer": "Moyennement"
	  },
	  "3": {
	   "answer": "Beaucoup"
	  }
	 },
    "meta": {
        "version": "v-1.0.6-FR",
        "filename": "uuid_eaeb9417-4cf7-44d7-b8e9-9b38f54a01ab_answer_5.json"
    }
}