{
    "ADM_01": {
        "1": {
            "answer": "Patrick Sordet"
        },
        "2": {
            "answer": "Sordet"
        },
        "3": {
            "answer": "Patrick"
        },
        "4": {
            "answer": "sordet Patrick"
        },
        "5": {
            "answer": "Chef de l'exploitation"
        },
        "6": {
            "answer": ""
        },
        "7": {
            "answer": "Irlande"
        },
        "8": {
            "answer": "County Dublin"
        },
        "9": {
            "answer": "Dublin City"
        },
        "10": {
            "answer": "Dublin"
        },
        "11": {
            "answer": 53.3566945
        },
        "12": {
            "answer": -6.2322616
        },
        "13": {
            "answer": ""
        },
        "14": {
            "answer": "Homme"
        },
        "15": {
            "answer": 46
        },
        "16": {
            "answer": "Mixte"
        },
        "17": {
            "answer": "Exploitation biologique certifiée"
        },
        "18": {
            "answer": "51-100 ha"
        }
    },
    "meta": {
        "filename": "bf7205376946bf2fd4e7bf79f9c798e0f2b96391.json",
        "version": "v-1.0.6-FR",
        "creation-date": 1523776845,
        "client-ip": "178.197.227.168",
        "pid": 952
    },
    "PSP_02": {
        "1": [
            [
                {
                    "answer": 1
                },
                {
                    "answer": 0
                },
                {
                    "answer": ""
                }
            ],
            [
                {
                    "answer": 1
                },
                {
                    "answer": 0
                },
                {
                    "answer": ""
                }
            ],
            [
                {
                    "answer": 1
                },
                {
                    "answer": 0
                },
                {
                    "answer": ""
                }
            ],
            [
                {
                    "answer": 0
                },
                {
                    "answer": 0
                },
                {
                    "answer": ""
                }
            ],
            [
                {
                    "answer": 0
                },
                {
                    "answer": 0
                },
                {
                    "answer": ""
                }
            ],
            [
                {
                    "answer": 0
                },
                {
                    "answer": 0
                },
                {
                    "answer": ""
                }
            ],
            [
                {
                    "answer": 0
                },
                {
                    "answer": 0
                },
                {
                    "answer": ""
                }
            ],
            [
                {
                    "answer": 0
                },
                {
                    "answer": 0
                },
                {
                    "answer": ""
                }
            ],
            [
                {
                    "answer": 0
                },
                {
                    "answer": 0
                },
                {
                    "answer": ""
                }
            ],
            [
                {
                    "answer": 0
                },
                {
                    "answer": 0
                },
                {
                    "answer": ""
                }
            ],
            [
                {
                    "answer": 0
                },
                {
                    "answer": 0
                },
                {
                    "answer": ""
                }
            ],
            {
                "0": {
                    "answer": 0
                },
                "1": {
                    "answer": 0
                },
                "2": {
                    "answer": ""
                },
                "comment": ""
            }
        ],
        "2": [
            [
                {
                    "answer": 1
                }
            ],
            [
                {
                    "answer": 0
                }
            ],
            {
                "0": {
                    "answer": 0
                },
                "comment": ""
            }
        ],
        "3": {
            "answer": "Moyennement"
        },
        "4": {
            "answer": "Très"
        }
    },
    "PSP_01": {
        "1": [
            [
                {
                    "answer": ""
                },
                {
                    "answer": ""
                },
                {
                    "answer": ""
                },
                {
                    "answer": ""
                },
                {
                    "answer": ""
                },
                {
                    "answer": ""
                },
                {
                    "answer": ""
                }
            ],
            [
                {
                    "answer": 1
                },
                {
                    "answer": ""
                },
                {
                    "answer": ""
                },
                {
                    "answer": ""
                },
                {
                    "answer": 1
                },
                {
                    "answer": ""
                },
                {
                    "answer": ""
                }
            ],
            [
                {
                    "answer": ""
                },
                {
                    "answer": ""
                },
                {
                    "answer": ""
                },
                {
                    "answer": ""
                },
                {
                    "answer": ""
                },
                {
                    "answer": ""
                },
                {
                    "answer": ""
                }
            ],
            [
                {
                    "answer": 1
                },
                {
                    "answer": ""
                },
                {
                    "answer": ""
                },
                {
                    "answer": ""
                },
                {
                    "answer": ""
                },
                {
                    "answer": ""
                },
                {
                    "answer": ""
                }
            ],
            [
                {
                    "answer": ""
                },
                {
                    "answer": ""
                },
                {
                    "answer": ""
                },
                {
                    "answer": ""
                },
                {
                    "answer": ""
                },
                {
                    "answer": ""
                },
                {
                    "answer": ""
                }
            ],
            [
                {
                    "answer": ""
                },
                {
                    "answer": ""
                },
                {
                    "answer": ""
                },
                {
                    "answer": ""
                },
                {
                    "answer": ""
                },
                {
                    "answer": ""
                },
                {
                    "answer": ""
                }
            ]
        ],
        "2": {
            "answer": "Plus de 70h/semaine"
        },
        "4": {
            "answer": "Oui, il a pu choisir librement"
        },
        "5": [
            [
                {
                    "answer": 1
                },
                {
                    "answer": "petits enfants + comptabilité"
                }
            ],
            [
                {
                    "answer": 1
                },
                {
                    "answer": "petits enfants"
                }
            ]
        ],
        "6": {
            "answer": "Beaucoup"
        },
        "7": {
            "answer": "Moyenne"
        }
    },
    "PSP_04": {
        "2": [
            [
                {
                    "answer": 1
                },
                {
                    "answer": 1
                }
            ],
            [
                {
                    "answer": 0
                },
                {
                    "answer": ""
                }
            ],
            [
                {
                    "answer": 1
                },
                {
                    "answer": 1
                }
            ],
            [
                {
                    "answer": 1
                },
                {
                    "answer": 3
                }
            ],
            [
                {
                    "answer": 1
                },
                {
                    "answer": 2
                }
            ],
            [
                {
                    "answer": 0
                },
                {
                    "answer": ""
                }
            ],
            [
                {
                    "answer": 0
                },
                {
                    "answer": ""
                }
            ],
            [
                {
                    "answer": 0
                },
                {
                    "answer": ""
                }
            ],
            [
                {
                    "answer": 0
                },
                {
                    "answer": ""
                }
            ],
            [
                {
                    "answer": 0
                },
                {
                    "answer": ""
                }
            ],
            [
                {
                    "answer": 1
                },
                {
                    "answer": 1
                }
            ],
            [
                {
                    "answer": 0
                },
                {
                    "answer": ""
                }
            ],
            [
                {
                    "answer": 0
                },
                {
                    "answer": ""
                }
            ],
            [
                {
                    "answer": 0
                },
                {
                    "answer": ""
                }
            ],
            [
                {
                    "answer": 0
                },
                {
                    "answer": ""
                }
            ],
            [
                {
                    "answer": 0
                },
                {
                    "answer": ""
                }
            ],
            [
                {
                    "answer": 1
                },
                {
                    "answer": 1
                }
            ],
            [
                {
                    "answer": 0
                },
                {
                    "answer": ""
                }
            ],
            [
                {
                    "answer": 0
                },
                {
                    "answer": ""
                }
            ],
            [
                {
                    "answer": 0
                },
                {
                    "answer": ""
                }
            ],
            [
                {
                    "answer": 0
                },
                {
                    "answer": ""
                }
            ],
            [
                {
                    "answer": 0
                },
                {
                    "answer": ""
                }
            ],
            [
                {
                    "answer": 0
                },
                {
                    "answer": ""
                }
            ],
            [
                {
                    "answer": 0
                },
                {
                    "answer": ""
                }
            ],
            [
                {
                    "answer": 0
                },
                {
                    "answer": ""
                }
            ],
            [
                {
                    "answer": 0
                },
                {
                    "answer": ""
                }
            ],
            [
                {
                    "answer": 0
                },
                {
                    "answer": ""
                }
            ],
            [
                {
                    "answer": 0
                },
                {
                    "answer": ""
                }
            ],
            [
                {
                    "answer": 0
                },
                {
                    "answer": ""
                }
            ],
            [
                {
                    "answer": 1
                },
                {
                    "answer": 1
                }
            ],
            [
                {
                    "answer": 0
                },
                {
                    "answer": ""
                }
            ],
            [
                {
                    "answer": 0
                },
                {
                    "answer": ""
                }
            ],
            {
                "0": {
                    "answer": 0
                },
                "1": {
                    "answer": ""
                },
                "comment": ""
            }
        ],
        "3": {
            "answer": 0,
            "comment": ""
        },
        "4": [
            [
                {
                    "answer": 0
                }
            ],
            [
                {
                    "answer": 0
                }
            ],
            [
                {
                    "answer": 0
                }
            ],
            {
                "0": {
                    "answer": 0
                },
                "comment": ""
            }
        ],
        "5": {
            "answer": "Beaucoup"
        },
        "6": {
            "answer": "Moyenne"
        }
    },
    "PSP_05": {
        "2": [
            [
                {
                    "answer": ""
                },
                {
                    "answer": ""
                }
            ],
            [
                {
                    "answer": 30
                },
                {
                    "answer": 1
                },
                {
                    "answer": 1
                },
                {
                    "answer": 1
                }
            ],
            [
                {
                    "answer": ""
                },
                {
                    "answer": ""
                }
            ],
            [
                {
                    "answer": ""
                },
                {
                    "answer": ""
                }
            ],
            [
                {
                    "answer": ""
                },
                {
                    "answer": ""
                }
            ],
            [
                {
                    "answer": ""
                },
                {
                    "answer": ""
                }
            ],
            [
                {
                    "answer": 3
                },
                {
                    "answer": 2
                },
                {
                    "answer": 0
                },
                {
                    "answer": 1
                }
            ],
            {
                "0": {
                    "answer": ""
                },
                "1": {
                    "answer": ""
                },
                "comment": ""
            }
        ],
        "3": {
            "answer": "Moyennement"
        },
        "4": {
            "answer": "Un peu"
        }
    },
    "PSP_07": {
        "1": [
            [
                {
                    "answer": 0
                }
            ],
            [
                {
                    "answer": 1
                }
            ],
            [
                {
                    "answer": 0
                }
            ],
            [
                {
                    "answer": 0
                }
            ],
            [
                {
                    "answer": 0
                }
            ],
            [
                {
                    "answer": 0
                }
            ],
            [
                {
                    "answer": 1
                }
            ],
            {
                "0": {
                    "answer": 0
                },
                "comment": ""
            }
        ],
        "2": {
            "answer": 2
        },
        "3": {
            "answer": ""
        },
        "5": {
            "answer": "1-10%"
        },
        "6": {
            "answer": 0
        },
        "7": {
            "answer": "Moyennement"
        },
        "8": {
            "answer": "Elevée"
        }
    },
    "PSP_03": {
        "1": {
            "answer": 0
        },
        "2": [
            [
                {
                    "answer": ""
                },
                {
                    "answer": ""
                },
                {
                    "answer": 0
                },
                {
                    "answer": ""
                },
                {
                    "answer": ""
                }
            ],
            [
                {
                    "answer": ""
                },
                {
                    "answer": ""
                },
                {
                    "answer": 0
                },
                {
                    "answer": ""
                },
                {
                    "answer": ""
                }
            ],
            [
                {
                    "answer": ""
                },
                {
                    "answer": ""
                },
                {
                    "answer": 0
                },
                {
                    "answer": ""
                },
                {
                    "answer": ""
                }
            ],
            [
                {
                    "answer": ""
                },
                {
                    "answer": ""
                },
                {
                    "answer": 0
                },
                {
                    "answer": ""
                },
                {
                    "answer": ""
                }
            ]
        ],
        "3": {
            "answer": ""
        },
        "4": {
            "answer": ""
        }
    },
    "PSP_08": {
        "1": [
            [
                {
                    "answer": ""
                },
                {
                    "answer": ""
                }
            ],
            [
                {
                    "answer": "Oui"
                },
                {
                    "answer": "Oui"
                }
            ],
            [
                {
                    "answer": ""
                },
                {
                    "answer": ""
                }
            ],
            [
                {
                    "answer": ""
                },
                {
                    "answer": ""
                }
            ],
            [
                {
                    "answer": "Oui"
                },
                {
                    "answer": "Oui"
                }
            ],
            [
                {
                    "answer": ""
                },
                {
                    "answer": ""
                }
            ],
            [
                {
                    "answer": ""
                },
                {
                    "answer": "Oui"
                }
            ],
            {
                "0": {
                    "answer": ""
                },
                "1": {
                    "answer": ""
                },
                "comment": ""
            }
        ],
        "2": {
            "answer": "Beaucoup"
        },
        "3": {
            "answer": "Très élevée"
        },
        "4": {
            "answer": "Complètement"
        },
        "5": {
            "answer": "Elevée"
        }
    },
    "PSP_09": {
        "1": {
            "answer": "Oui"
        },
        "2": {
            "answer": "pois astronaute. mais semences KWS"
        },
        "3": {
            "answer": "20%"
        },
        "4": {
            "answer": "diversification"
        },
        "5": {
            "answer": "Oui"
        },
        "6": {
            "answer": "Non"
        },
        "7": {
            "answer": ""
        },
        "8": {
            "answer": "Non"
        },
        "9": {
            "answer": ""
        },
        "10": {
            "answer": ""
        },
        "11": {
            "answer": ""
        },
        "12": {
            "answer": "Oui"
        },
        "13": {
            "answer": "Non"
        },
        "14": {
            "answer": "Moyennement"
        },
        "15": {
            "answer": "Moyenne"
        }
    },
    "PSP_10": {
        "1": {
            "answer": 0
        },
        "2": {
            "answer": ""
        },
        "3": {
            "answer": 0
        },
        "4": {
            "comment": ""
        },
        "5": {
            "answer": "1-10 %"
        },
        "6": {
            "answer": "chêne  foyard"
        },
        "7": {
            "answer": [
                "Bois de chauffage"
            ],
            "comment": ""
        },
        "8": {
            "answer": "Complètement"
        },
        "9": {
            "answer": "Aucune"
        }
    },
    "PSP_11": {
        "2": {
            "answer": [
                "Prédateurs/Animaux nuisibles"
            ],
            "comment": ""
        },
        "3": [
            [
                {
                    "answer": 0
                },
                {
                    "answer": ""
                }
            ],
            [
                {
                    "answer": 1
                },
                {
                    "answer": "indémnisation de la faune"
                }
            ]
        ],
        "4": {
            "answer": 0
        },
        "5": {
            "comment": ""
        },
        "6": [
            [
                {
                    "answer": 0
                },
                {
                    "answer": ""
                }
            ],
            [
                {
                    "answer": 0
                },
                {
                    "answer": ""
                }
            ]
        ],
        "7": {
            "answer": ""
        },
        "8": {
            "answer": ""
        }
    },
    "PSP_12": {
        "1": [
            [
                {
                    "answer": "Oui"
                }
            ],
            [
                {
                    "answer": "Non"
                }
            ],
            [
                {
                    "answer": "Non"
                }
            ],
            [
                {
                    "answer": "Oui"
                }
            ],
            [
                {
                    "answer": "Oui"
                }
            ],
            [
                {
                    "answer": "Non"
                }
            ],
            [
                {
                    "answer": "Oui"
                }
            ],
            [
                {
                    "answer": "Oui"
                }
            ],
            [
                {
                    "answer": "Non"
                }
            ],
            [
                {
                    "answer": "Oui"
                }
            ],
            {
                "0": {
                    "answer": "Non"
                },
                "comment": ""
            }
        ],
        "2": {
            "answer": "Moyennement"
        },
        "3": {
            "answer": "Moyennement"
        }
    },
    "PSP_13": {
        "1": [
            [
                {
                    "answer": 1
                },
                {
                    "answer": 0
                }
            ],
            [
                {
                    "answer": 1
                },
                {
                    "answer": 0
                }
            ],
            [
                {
                    "answer": 1
                },
                {
                    "answer": 1
                }
            ],
            [
                {
                    "answer": 1
                },
                {
                    "answer": 1
                }
            ],
            [
                {
                    "answer": 1
                },
                {
                    "answer": 0
                }
            ],
            [
                {
                    "answer": 0
                }
            ],
            [
                {
                    "answer": 1
                },
                {
                    "answer": 1
                }
            ],
            [
                {
                    "answer": 1
                },
                {
                    "answer": 1
                }
            ],
            [
                {
                    "answer": 0
                }
            ],
            [
                {
                    "answer": 1
                },
                {
                    "answer": 1
                }
            ],
            {
                "0": {
                    "answer": 0
                },
                "comment": ""
            }
        ],
        "2": {
            "answer": "Beaucoup"
        },
        "3": {
            "answer": "Beaucoup"
        }
    },
    "PSP_14": {
        "1": {
            "answer": 1
        },
        "2": {
            "answer": 1
        },
        "3": {
            "answer": [
                "Plus grande variabilité des précipitations"
            ],
            "comment": ""
        },
        "4": {
            "answer": "diminution de la sécurité en fourrage"
        },
        "5": {
            "answer": 0
        },
        "6": {
            "answer": 1
        },
        "7": {
            "answer": "fiable"
        },
        "8": {
            "answer": 1
        },
        "9": [
            [
                {
                    "answer": 0
                }
            ],
            [
                {
                    "answer": 1
                }
            ],
            [
                {
                    "answer": 1
                }
            ],
            [
                {
                    "answer": 0
                }
            ],
            [
                {
                    "answer": 0
                }
            ],
            [
                {
                    "answer": 0
                }
            ],
            [
                {
                    "answer": 1
                }
            ],
            [
                {
                    "answer": 1
                }
            ],
            {
                "0": {
                    "answer": 0
                },
                "comment": ""
            }
        ],
        "10": {
            "answer": 0
        },
        "11": {
            "answer": 0
        },
        "12": {
            "answer": "Deux sources"
        },
        "13": {
            "answer": "Beaucoup"
        },
        "14": {
            "answer": "Moyenne"
        }
    },
    "PSP_15": {
        "1": {
            "answer": 1
        },
        "2": {
            "answer": 2
        },
        "3": {
            "answer": "Moyennement"
        },
        "4": {
            "answer": "Elevée"
        }
    },
    "PSP_16": {
        "2": [
            [
                {
                    "answer": 0
                }
            ],
            [
                {
                    "answer": 0
                }
            ],
            [
                {
                    "answer": 1
                }
            ],
            [
                {
                    "answer": 0
                }
            ],
            [
                {
                    "answer": 0
                }
            ],
            [
                {
                    "answer": 0
                }
            ],
            [
                {
                    "answer": 0
                }
            ],
            [
                {
                    "answer": 0
                }
            ],
            [
                {
                    "answer": 0
                }
            ],
            [
                {
                    "answer": 0
                }
            ],
            {
                "0": {
                    "answer": 0
                },
                "comment": ""
            }
        ],
        "3": {
            "answer": "Un peu"
        },
        "4": {
            "answer": "Moyenne"
        }
    },
    "PSP_17": {
        "2": {
            "answer": "Quelquefois"
        },
        "3": {
            "comment": ""
        },
        "4": {
            "answer": [
                "Jetés à la poubelle"
            ],
            "comment": ""
        },
        "5": {
            "answer": ""
        },
        "6": {
            "answer": "Très élevée"
        }
    },
    "PSP_18": {
        "1": {
            "comment": ""
        },
        "2": {
            "answer": ""
        },
        "4": {
            "answer": ""
        },
        "5": {
            "answer": ""
        }
    },
    "GOV_01": {
        "1": {
            "answer": "Oui"
        },
        "2": [
            [
                {
                    "answer": 0
                }
            ],
            [
                {
                    "answer": 1
                }
            ],
            [
                {
                    "answer": 0
                }
            ],
            {
                "0": {
                    "answer": 0
                },
                "comment": ""
            }
        ],
        "3": {
            "answer": "Non, elles ne sont pas flexibles"
        },
        "4": {
            "answer": "pas de vision à long terme"
        },
        "5": {
            "answer": 1
        },
        "6": {
            "answer": "Moyennement"
        },
        "7": {
            "answer": "Très élevée"
        }
    },
    "ENV_01": {
        "1": [
            [
                {
                    "answer": ""
                },
                {
                    "answer": ""
                },
                {
                    "answer": ""
                }
            ],
            [
                {
                    "answer": ""
                },
                {
                    "answer": ""
                },
                {
                    "answer": ""
                }
            ],
            [
                {
                    "answer": ""
                },
                {
                    "answer": ""
                },
                {
                    "answer": ""
                }
            ],
            [
                {
                    "answer": ""
                },
                {
                    "answer": ""
                },
                {
                    "answer": ""
                }
            ],
            [
                {
                    "answer": ""
                },
                {
                    "answer": ""
                },
                {
                    "answer": ""
                }
            ]
        ],
        "2": {
            "answer": "Complètement"
        },
        "3": {
            "answer": "Très"
        }
    },
    "ENV_02": {
        "1": {
            "comment": ""
        },
        "2": {
            "answer": ""
        },
        "3": {
            "answer": ""
        }
    },
    "ENV_03": {
        "1": [
            [
                {
                    "answer": 0
                },
                {
                    "answer": ""
                }
            ],
            [
                {
                    "answer": 0
                },
                {
                    "answer": ""
                }
            ],
            [
                {
                    "answer": 0
                },
                {
                    "answer": ""
                }
            ],
            [
                {
                    "answer": 0
                },
                {
                    "answer": ""
                }
            ],
            [
                {
                    "answer": 0
                },
                {
                    "answer": ""
                }
            ],
            {
                "1": {
                    "answer": ""
                },
                "comment": ""
            }
        ],
        "2": {
            "answer": "Complètement"
        },
        "3": {
            "answer": "Complètement"
        },
        "4": {
            "answer": "Complètement"
        },
        "5": {
            "answer": "Très élevée"
        }
    },
    "ENV_04": {
        "1": [
            [
                {
                    "answer": 43
                },
                {
                    "answer": ""
                },
                {
                    "answer": 20
                },
                {
                    "answer": ""
                }
            ],
            [
                {
                    "answer": ""
                },
                {
                    "answer": ""
                },
                {
                    "answer": ""
                },
                {
                    "answer": ""
                }
            ],
            [
                {
                    "answer": ""
                },
                {
                    "answer": ""
                },
                {
                    "answer": ""
                },
                {
                    "answer": ""
                }
            ]
        ],
        "2": {
            "answer": 63
        },
        "3": {
            "answer": 8
        },
        "4": {
            "answer": "Beaucoup"
        },
        "5": {
            "answer": "Très élevée"
        }
    },
    "ENV_05": {
        "1": {
            "answer": 2
        },
        "2": {
            "answer": [
                "Pierreux?"
            ]
        },
        "3": {
            "answer": "Moyenne"
        },
        "4": {
            "answer": 0
        },
        "5": {
            "answer": "Moyennement"
        },
        "6": {
            "answer": "Beaucoup"
        },
        "7": {
            "answer": 0
        },
        "8": {
            "answer": ""
        },
        "9": {
            "answer": "Oui"
        },
        "10": {
            "answer": "Non"
        }
    },
    "ENV_06": {
        "1": [
            {
                "1": {
                    "answer": ""
                }
            },
            [
                {
                    "answer": 1
                },
                {
                    "answer": ""
                }
            ],
            [
                {
                    "answer": 1
                },
                {
                    "answer": ""
                }
            ],
            [
                {
                    "answer": 1
                },
                {
                    "answer": ""
                }
            ],
            [
                {
                    "answer": 1
                },
                {
                    "answer": ""
                }
            ],
            [
                {
                    "answer": 1
                },
                {
                    "answer": ""
                }
            ],
            {
                "1": {
                    "answer": ""
                }
            },
            {
                "1": {
                    "answer": ""
                }
            },
            {
                "1": {
                    "answer": ""
                }
            },
            [
                {
                    "answer": 1
                },
                {
                    "answer": ""
                }
            ],
            [
                {
                    "answer": 1
                },
                {
                    "answer": ""
                }
            ],
            {
                "1": {
                    "answer": ""
                }
            },
            {
                "1": {
                    "answer": ""
                }
            },
            {
                "1": {
                    "answer": ""
                }
            },
            {
                "1": {
                    "answer": ""
                }
            },
            {
                "1": {
                    "answer": ""
                }
            }
        ],
        "2": {
            "answer": "Beaucoup"
        },
        "3": {
            "answer": "Elevée"
        }
    },
    "ENV_07": {
        "2": {
            "answer": "pois protéagineux"
        },
        "3": {
            "answer": "Moyennement"
        },
        "4": {
            "answer": "Elevée"
        }
    },
    "ENV_08": {
        "1": {
            "answer": "Moins de 7%"
        },
        "2": {
            "answer": "Pas du tout"
        },
        "3": {
            "answer": "Pas du tout"
        }
    },
    "ENV_09": {
        "1": [
            [
                {
                    "answer": 0
                },
                {
                    "answer": 0
                },
                {
                    "answer": 0
                }
            ],
            [
                {
                    "answer": 0
                },
                {
                    "answer": 0
                },
                {
                    "answer": 0
                }
            ],
            [
                {
                    "answer": 0
                },
                {
                    "answer": 0
                },
                {
                    "answer": 0
                }
            ],
            [
                {
                    "answer": 0
                },
                {
                    "answer": 0
                },
                {
                    "answer": 0
                }
            ],
            [
                {
                    "answer": 0
                },
                {
                    "answer": 0
                },
                {
                    "answer": 0
                }
            ],
            [
                {
                    "answer": 0
                },
                {
                    "answer": 0
                },
                {
                    "answer": 0
                }
            ],
            [
                {
                    "answer": 0
                },
                {
                    "answer": 0
                },
                {
                    "answer": 0
                }
            ],
            [
                {
                    "answer": 0
                },
                {
                    "answer": 0
                },
                {
                    "answer": 0
                }
            ],
            [
                {
                    "answer": 0
                },
                {
                    "answer": 0
                },
                {
                    "answer": 0
                }
            ],
            [
                {
                    "answer": 0
                },
                {
                    "answer": 0
                },
                {
                    "answer": 0
                }
            ],
            [
                {
                    "answer": 0
                },
                {
                    "answer": 0
                },
                {
                    "answer": 0
                }
            ],
            [
                {
                    "answer": 1
                },
                {
                    "answer": 0
                },
                {
                    "answer": 1
                }
            ],
            [
                {
                    "answer": 0
                },
                {
                    "answer": 0
                },
                {
                    "answer": 0
                }
            ],
            [
                {
                    "answer": 0
                },
                {
                    "answer": 0
                },
                {
                    "answer": 0
                }
            ],
            [
                {
                    "answer": 0
                },
                {
                    "answer": 1
                },
                {
                    "answer": 1
                }
            ],
            {
                "0": {
                    "answer": 0
                },
                "1": {
                    "answer": 0
                },
                "2": {
                    "answer": 0
                },
                "comment": ""
            }
        ],
        "2": {
            "answer": "Tout ou la plupart de l'énergie dépend d'acteurs externes (0-20% viennent de votre propre exploitation)"
        },
        "3": {
            "answer": "Complètement"
        },
        "4": {
            "answer": "Très élevée"
        }
    },
    "ENV_10": {
        "1": {
            "answer": 0
        },
        "2": [
            [
                {
                    "answer": 0
                }
            ],
            [
                {
                    "answer": 0
                }
            ],
            [
                {
                    "answer": 0
                }
            ],
            {
                "0": {
                    "answer": 0
                },
                "comment": ""
            }
        ],
        "3": {
            "answer": "Fermé"
        },
        "4": {
            "answer": "Fermé"
        },
        "5": {
            "answer": 0
        },
        "6": {
            "answer": 0
        },
        "7": {
            "answer": "Un peu"
        },
        "8": {
            "answer": "Faible"
        }
    },
    "ENV_11": {
        "1": {
            "answer": 1
        },
        "2": {
            "answer": 1
        },
        "3": [
            {
                "0": {
                    "answer": 0
                },
                "comment": ""
            },
            [
                {
                    "answer": 0
                }
            ],
            {
                "0": {
                    "answer": 0
                },
                "comment": ""
            }
        ],
        "4": {
            "answer": "Complètement"
        },
        "5": {
            "answer": "Beaucoup"
        },
        "6": [
            {
                "1": {
                    "answer": ""
                }
            },
            [
                {
                    "answer": 1
                },
                {
                    "answer": ""
                },
                {
                    "answer": 1
                }
            ],
            {
                "1": {
                    "answer": ""
                },
                "comment": ""
            }
        ],
        "7": {
            "answer": 0
        },
        "8": {
            "answer": 1
        },
        "9": [
            [
                {
                    "answer": 1
                }
            ],
            [
                {
                    "answer": 1
                }
            ],
            [
                {
                    "answer": 0
                }
            ],
            [
                {
                    "answer": 0
                }
            ],
            [
                {
                    "answer": 0
                }
            ],
            {
                "0": {
                    "answer": 0
                },
                "comment": ""
            }
        ],
        "10": {
            "answer": "Beaucoup"
        },
        "11": {
            "answer": "Moyenne"
        }
    },
    "ENV_12": {
        "1": [
            [
                {
                    "answer": 1
                }
            ],
            [
                {
                    "answer": 0
                }
            ],
            [
                {
                    "answer": 0
                }
            ],
            [
                {
                    "answer": 0
                }
            ],
            [
                {
                    "answer": 0
                }
            ],
            [
                {
                    "answer": 1
                }
            ],
            [
                {
                    "answer": 1
                }
            ],
            [
                {
                    "answer": 1
                }
            ],
            [
                {
                    "answer": 1
                }
            ],
            {
                "0": {
                    "answer": 0
                },
                "comment": ""
            }
        ],
        "2": {
            "answer": 4
        },
        "3": {
            "answer": 0
        },
        "4": {
            "answer": "Beaucoup"
        },
        "5": {
            "answer": "Beaucoup"
        }
    },
    "SOC_01": {
        "2": [
            [
                {
                    "answer": 0
                },
                {
                    "answer": ""
                },
                {
                    "answer": ""
                }
            ],
            [
                {
                    "answer": 1
                },
                {
                    "answer": "Pas actif"
                },
                {
                    "answer": "Jamais"
                }
            ],
            [
                {
                    "answer": 0
                },
                {
                    "answer": ""
                },
                {
                    "answer": ""
                }
            ],
            [
                {
                    "answer": 0
                },
                {
                    "answer": ""
                },
                {
                    "answer": ""
                }
            ],
            [
                {
                    "answer": 0
                },
                {
                    "answer": ""
                },
                {
                    "answer": ""
                }
            ],
            [
                {
                    "answer": 0
                },
                {
                    "answer": ""
                },
                {
                    "answer": ""
                }
            ],
            [
                {
                    "answer": 0
                },
                {
                    "answer": ""
                },
                {
                    "answer": ""
                }
            ],
            [
                {
                    "answer": 1
                },
                {
                    "answer": "Pas actif"
                },
                {
                    "answer": "Deux fois par année ou moins"
                }
            ],
            [
                {
                    "answer": 0
                },
                {
                    "answer": ""
                },
                {
                    "answer": ""
                }
            ],
            [
                {
                    "answer": 0
                },
                {
                    "answer": ""
                },
                {
                    "answer": ""
                }
            ],
            [
                {
                    "answer": 0
                },
                {
                    "answer": ""
                },
                {
                    "answer": ""
                }
            ],
            [
                {
                    "answer": 0
                },
                {
                    "answer": ""
                },
                {
                    "answer": ""
                }
            ],
            [
                {
                    "answer": 0
                },
                {
                    "answer": ""
                },
                {
                    "answer": ""
                }
            ],
            [
                {
                    "answer": 0
                },
                {
                    "answer": ""
                },
                {
                    "answer": ""
                }
            ],
            [
                {
                    "answer": 0
                },
                {
                    "answer": ""
                },
                {
                    "answer": ""
                }
            ],
            [
                {
                    "answer": 0
                },
                {
                    "answer": ""
                },
                {
                    "answer": ""
                }
            ],
            [
                {
                    "answer": 0
                },
                {
                    "answer": ""
                },
                {
                    "answer": ""
                }
            ],
            [
                {
                    "answer": 0
                },
                {
                    "answer": ""
                },
                {
                    "answer": ""
                }
            ],
            [
                {
                    "answer": 0
                },
                {
                    "answer": ""
                },
                {
                    "answer": ""
                }
            ],
            [
                {
                    "answer": 0
                },
                {
                    "answer": ""
                },
                {
                    "answer": ""
                }
            ],
            {
                "0": {
                    "answer": 0
                },
                "1": {
                    "answer": ""
                },
                "2": {
                    "answer": ""
                },
                "comment": ""
            }
        ],
        "3": [
            [
                {
                    "answer": 0
                }
            ],
            [
                {
                    "answer": 0
                }
            ],
            [
                {
                    "answer": 1
                }
            ],
            [
                {
                    "answer": 1
                }
            ],
            [
                {
                    "answer": 1
                }
            ],
            [
                {
                    "answer": 1
                }
            ],
            [
                {
                    "answer": 0
                }
            ],
            {
                "0": {
                    "answer": 0
                },
                "comment": ""
            }
        ],
        "4": {
            "answer": 0
        },
        "5": {
            "answer": "niveau village pas d'influence"
        },
        "6": {
            "answer": "Moyennement"
        },
        "7": {
            "answer": "Moyennement"
        },
        "8": {
            "answer": "Un peu"
        },
        "9": {
            "answer": "Moyenne"
        }
    },
    "SOC_02": {
        "1": {
            "answer": 1
        },
        "2": {
            "answer": "Complètement"
        },
        "3": {
            "answer": ""
        }
    },
    "SOC_03": {
        "1": [
            [
                {
                    "answer": 1
                }
            ],
            [
                {
                    "answer": 0
                }
            ],
            [
                {
                    "answer": 0
                }
            ],
            [
                {
                    "answer": 0
                }
            ],
            [
                {
                    "answer": 0
                }
            ],
            [
                {
                    "answer": 1
                }
            ],
            [
                {
                    "answer": 0
                }
            ],
            [
                {
                    "answer": 1
                }
            ],
            [
                {
                    "answer": 0
                }
            ],
            [
                {
                    "answer": 1
                }
            ],
            {
                "0": {
                    "answer": 0
                },
                "comment": ""
            }
        ],
        "2": {
            "answer": 0
        },
        "3": {
            "answer": ""
        },
        "4": {
            "answer": "Moyennement"
        },
        "5": {
            "answer": 1
        },
        "6": {
            "answer": "Beaucoup"
        },
        "7": {
            "answer": "Complètement"
        }
    },
    "SOC_04": {
        "1": {
            "answer": "Oui et ils sont de bonne qualité"
        },
        "2": {
            "answer": "Beaucoup"
        },
        "3": {
            "answer": "Très élevée"
        }
    },
    "SOC_05": {
        "1": {
            "answer": "Moyennement"
        },
        "2": {
            "answer": 1
        },
        "3": [
            [
                {
                    "answer": 1
                }
            ],
            [
                {
                    "answer": 0
                }
            ],
            [
                {
                    "answer": 0
                }
            ],
            {
                "0": {
                    "answer": 0
                },
                "comment": ""
            }
        ],
        "4": [
            [
                {
                    "answer": 1
                }
            ],
            [
                {
                    "answer": 1
                }
            ],
            [
                {
                    "answer": 1
                }
            ],
            [
                {
                    "answer": 1
                }
            ],
            {
                "0": {
                    "answer": 0
                },
                "comment": ""
            }
        ],
        "5": {
            "answer": "Beaucoup"
        },
        "6": {
            "answer": "Moyenne"
        }
    },
    "SOC_06": {
        "1": {
            "answer": "Jamais"
        },
        "2": {
            "answer": 1
        },
        "3": {
            "answer": 0
        },
        "4": {
            "answer": "Un peu"
        },
        "5": {
            "answer": "Très élevée"
        }
    },
    "EC_09": {
        "1": [
            [
                {
                    "answer": 1
                },
                {
                    "answer": ""
                }
            ],
            [
                {
                    "answer": 3
                },
                {
                    "answer": ""
                }
            ],
            [
                {
                    "answer": "Pas de possession"
                },
                {
                    "answer": ""
                }
            ],
            [
                {
                    "answer": 2
                },
                {
                    "answer": ""
                }
            ],
            [
                {
                    "answer": 4
                },
                {
                    "answer": ""
                }
            ],
            {
                "0": {
                    "answer": ""
                },
                "1": {
                    "answer": ""
                },
                "comment": ""
            }
        ],
        "2": {
            "answer": "Moyennement"
        },
        "3": {
            "answer": "Moyenne"
        }
    },
    "EC_08": {
        "1": [
            [
                {
                    "answer": "bâtiments"
                },
                {
                    "answer": 0
                },
                {
                    "answer": 1
                },
                {
                    "answer": 0
                },
                {
                    "answer": ""
                },
                {
                    "answer": 0
                }
            ],
            [
                {
                    "answer": "culture"
                },
                {
                    "answer": 1
                },
                {
                    "answer": 0
                },
                {
                    "answer": 0
                },
                {
                    "answer": ""
                },
                {
                    "answer": 1
                }
            ],
            [
                {
                    "answer": "bétails"
                },
                {
                    "answer": 0
                },
                {
                    "answer": 1
                },
                {
                    "answer": 1
                },
                {
                    "answer": "épizootie"
                },
                {
                    "answer": 0
                }
            ],
            [
                {
                    "answer": ""
                },
                {
                    "answer": 0
                },
                {
                    "answer": 0
                },
                {
                    "answer": 0
                },
                {
                    "answer": ""
                },
                {
                    "answer": 0
                }
            ],
            [
                {
                    "answer": ""
                },
                {
                    "answer": 0
                },
                {
                    "answer": 0
                },
                {
                    "answer": 0
                },
                {
                    "answer": ""
                },
                {
                    "answer": 0
                }
            ],
            [
                {
                    "answer": ""
                },
                {
                    "answer": 0
                },
                {
                    "answer": 0
                },
                {
                    "answer": 0
                },
                {
                    "answer": ""
                },
                {
                    "answer": 0
                }
            ],
            [
                {
                    "answer": ""
                },
                {
                    "answer": 0
                },
                {
                    "answer": 0
                },
                {
                    "answer": 0
                },
                {
                    "answer": ""
                },
                {
                    "answer": 0
                }
            ],
            [
                {
                    "answer": ""
                },
                {
                    "answer": 0
                },
                {
                    "answer": 0
                },
                {
                    "answer": 0
                },
                {
                    "answer": ""
                },
                {
                    "answer": 0
                }
            ],
            [
                {
                    "answer": ""
                },
                {
                    "answer": 0
                },
                {
                    "answer": 0
                },
                {
                    "answer": 0
                },
                {
                    "answer": ""
                },
                {
                    "answer": 0
                }
            ],
            [
                {
                    "answer": ""
                },
                {
                    "answer": 0
                },
                {
                    "answer": 0
                },
                {
                    "answer": 0
                },
                {
                    "answer": ""
                },
                {
                    "answer": 0
                }
            ]
        ],
        "2": {
            "answer": "Moyennement"
        },
        "3": {
            "answer": "Elevée"
        }
    },
    "EC_11": {
        "1": {
            "answer": 2
        },
        "2": [
            [
                {
                    "answer": "Production agricoles"
                }
            ],
            [
                {
                    "answer": "Revenu externe à l'exploitation"
                }
            ],
            [
                {
                    "answer": ""
                }
            ]
        ],
        "3": {
            "answer": "Profit stable"
        },
        "4": {
            "answer": "35%"
        },
        "5": {
            "answer": 0
        },
        "6": {
            "answer": "Moyennement"
        },
        "7": {
            "answer": "Elevée"
        }
    },
    "EC_12": {
        "1": {
            "answer": "Oui, toute l'année"
        },
        "2": {
            "answer": 0
        },
        "3": {
            "answer": "Moyennement"
        },
        "4": {
            "answer": "Moyennement"
        }
    },
    "EC_14": {
        "1": {
            "answer": 1
        },
        "2": {
            "answer": [
                "Banque"
            ],
            "comment": ""
        },
        "3": {
            "answer": "Un peu"
        },
        "4": {
            "answer": "Moyennement"
        }
    },
    "EC_01": {
        "1": {
            "answer": "45-55% de fonds propres"
        },
        "2": {
            "answer": "Moyennement"
        },
        "3": {
            "answer": "Beaucoup"
        }
    },
    "EC_15": {
        "1": {
            "answer": "J'ai un peu de 'marge de manoeuvre' (c.-à-d. ce que je peux faire/entreprendre est limité)"
        },
        "2": {
            "answer": 1
        },
        "3": {
            "answer": "Moyennement"
        },
        "4": {
            "answer": "Beaucoup"
        }
    },
    "EC_10": {
        "1": [
            [
                {
                    "answer": "matériel agricole"
                }
            ],
            [
                {
                    "answer": "bail/loyer"
                }
            ],
            [
                {
                    "answer": "énergie pour chauffage/éclairage/machines"
                }
            ],
            [
                {
                    "answer": "assurances"
                }
            ],
            [
                {
                    "answer": "engrais"
                }
            ]
        ],
        "2": {
            "answer": 0
        },
        "3": {
            "answer": 0
        },
        "4": {
            "answer": "Beaucoup"
        },
        "5": {
            "answer": "Beaucoup"
        }
    },
    "EC_13": {
        "1": [
            [
                {
                    "answer": "Oui"
                }
            ],
            [
                {
                    "answer": "Oui"
                }
            ],
            [
                {
                    "answer": "Oui"
                }
            ],
            [
                {
                    "answer": "Oui"
                }
            ],
            [
                {
                    "answer": "Oui"
                }
            ],
            [
                {
                    "answer": "Oui"
                }
            ],
            [
                {
                    "answer": "Oui"
                }
            ],
            [
                {
                    "answer": "Oui"
                }
            ],
            {
                "0": {
                    "answer": ""
                },
                "comment": ""
            }
        ],
        "2": {
            "answer": "40%"
        },
        "3": {
            "answer": "Complètement"
        },
        "4": {
            "answer": "Très"
        }
    },
    "EC_07": {
        "1": {
            "0": [
                {
                    "answer": 1
                }
            ],
            "1": [
                {
                    "answer": 1
                }
            ],
            "2": [
                {
                    "answer": 1
                }
            ],
            "3": [
                {
                    "answer": 1
                }
            ],
            "4": [
                {
                    "answer": 1
                }
            ],
            "5": [
                {
                    "answer": 1
                }
            ],
            "6": [
                {
                    "answer": 1
                }
            ],
            "8": [
                {
                    "answer": 1
                }
            ],
            "9": {
                "comment": ""
            }
        },
        "2": {
            "answer": "Moyennement"
        },
        "3": {
            "answer": "Beaucoup"
        }
    },
    "EC_06": {
        "1": {
            "answer": "Quelques fois"
        },
        "2": {
            "answer": "Beaucoup"
        },
        "3": {
            "answer": "Moyennement"
        }
    },
    "EC_03": {
        "1": [
            [
                {
                    "answer": "Non"
                },
                {
                    "answer": ""
                }
            ],
            [
                {
                    "answer": "Non"
                },
                {
                    "answer": ""
                }
            ],
            [
                {
                    "answer": "Non"
                },
                {
                    "answer": ""
                }
            ]
        ],
        "2": {
            "answer": [
                "Un mixte des deux"
            ]
        },
        "3": {
            "answer": "Moyennement"
        },
        "4": {
            "answer": "Beaucoup"
        }
    },
    "EC_04": {
        "1": [
            [
                {
                    "answer": "viande"
                },
                {
                    "answer": 0
                },
                {
                    "answer": "Je suis satisfait"
                },
                {
                    "answer": "Quelques fois"
                },
                {
                    "answer": 1
                }
            ],
            [
                {
                    "answer": "lait"
                },
                {
                    "answer": 0
                },
                {
                    "answer": "Je suis satisfait"
                },
                {
                    "answer": "Jamais"
                },
                {
                    "answer": 1
                }
            ],
            [
                {
                    "answer": "céréales"
                },
                {
                    "answer": 0
                },
                {
                    "answer": "Je suis satisfait"
                },
                {
                    "answer": "Jamais"
                },
                {
                    "answer": 1
                }
            ],
            [
                {
                    "answer": "oléagineux"
                },
                {
                    "answer": 0
                },
                {
                    "answer": "Je suis satisfait"
                },
                {
                    "answer": "Jamais"
                },
                {
                    "answer": 1
                }
            ],
            {
                "0": {
                    "answer": ""
                },
                "2": {
                    "answer": ""
                },
                "3": {
                    "answer": ""
                }
            },
            {
                "0": {
                    "answer": ""
                },
                "2": {
                    "answer": ""
                },
                "3": {
                    "answer": ""
                }
            }
        ],
        "2": {
            "answer": "Beaucoup"
        },
        "3": {
            "answer": "Beaucoup"
        }
    },
    "EC_02": {
        "1": {
            "answer": 0
        },
        "2": [
            {
                "0": {
                    "answer": ""
                },
                "2": {
                    "answer": ""
                },
                "3": {
                    "answer": ""
                }
            },
            {
                "0": {
                    "answer": ""
                },
                "2": {
                    "answer": ""
                },
                "3": {
                    "answer": ""
                }
            },
            {
                "0": {
                    "answer": ""
                },
                "2": {
                    "answer": ""
                },
                "3": {
                    "answer": ""
                }
            },
            {
                "0": {
                    "answer": ""
                },
                "2": {
                    "answer": ""
                },
                "3": {
                    "answer": ""
                }
            },
            {
                "0": {
                    "answer": ""
                },
                "2": {
                    "answer": ""
                },
                "3": {
                    "answer": ""
                }
            },
            {
                "0": {
                    "answer": ""
                },
                "2": {
                    "answer": ""
                },
                "3": {
                    "answer": ""
                }
            }
        ],
        "3": {
            "answer": ""
        },
        "4": {
            "answer": ""
        },
        "5": {
            "answer": ""
        }
    },
    "EC_16": {
        "1": [
            [
                {
                    "answer": "viande"
                },
                {
                    "answer": "Agro-industrie"
                },
                {
                    "answer": 0
                },
                {
                    "answer": "Entité productive individuelle"
                },
                {
                    "answer": "Vous"
                },
                {
                    "answer": "Pas du tout"
                },
                {
                    "answer": "Pas du tout"
                },
                {
                    "answer": ""
                }
            ],
            [
                {
                    "answer": "lait"
                },
                {
                    "answer": "Coopérative agricole"
                },
                {
                    "answer": 0
                },
                {
                    "answer": "Entité productive individuelle"
                },
                {
                    "answer": "Vous"
                },
                {
                    "answer": "Pas du tout"
                },
                {
                    "answer": "Pas du tout"
                },
                {
                    "answer": ""
                }
            ],
            [
                {
                    "answer": "céréale"
                },
                {
                    "answer": "Coopérative agricole"
                },
                {
                    "answer": 0
                },
                {
                    "answer": "Entité productive individuelle"
                },
                {
                    "answer": "Vous"
                },
                {
                    "answer": "Pas du tout"
                },
                {
                    "answer": "Pas du tout"
                },
                {
                    "answer": ""
                }
            ],
            [
                {
                    "answer": "oléagineux"
                },
                {
                    "answer": "Coopérative agricole"
                },
                {
                    "answer": 0
                },
                {
                    "answer": "Entité productive individuelle"
                },
                {
                    "answer": "Acteurs qui ne sont pas agriculteurs"
                },
                {
                    "answer": "Pas du tout"
                },
                {
                    "answer": "Pas du tout"
                },
                {
                    "answer": ""
                }
            ],
            {
                "0": {
                    "answer": ""
                },
                "1": {
                    "answer": ""
                },
                "3": {
                    "answer": ""
                },
                "4": {
                    "answer": ""
                },
                "5": {
                    "answer": ""
                },
                "6": {
                    "answer": ""
                },
                "7": {
                    "answer": ""
                }
            },
            {
                "0": {
                    "answer": ""
                },
                "1": {
                    "answer": ""
                },
                "3": {
                    "answer": ""
                },
                "4": {
                    "answer": ""
                },
                "5": {
                    "answer": ""
                },
                "6": {
                    "answer": ""
                },
                "7": {
                    "answer": ""
                }
            }
        ],
        "2": {
            "answer": "Non"
        },
        "3": {
            "answer": "Beaucoup"
        },
        "4": {
            "answer": "Un peu"
        }
    },
    "EC_05": {
        "1": [
            {
                "0": {
                    "answer": ""
                },
                "2": {
                    "answer": ""
                }
            },
            {
                "0": {
                    "answer": ""
                },
                "2": {
                    "answer": ""
                }
            },
            {
                "0": {
                    "answer": ""
                },
                "2": {
                    "answer": ""
                }
            },
            {
                "0": {
                    "answer": ""
                },
                "2": {
                    "answer": ""
                }
            },
            {
                "0": {
                    "answer": ""
                },
                "2": {
                    "answer": ""
                }
            },
            {
                "0": {
                    "answer": ""
                },
                "2": {
                    "answer": ""
                }
            }
        ],
        "2": {
            "answer": "Moyennement"
        },
        "3": {
            "answer": "Beaucoup"
        }
    }
}