{
    "PSP_03": {
        "1": [],
        "2": [
            [
                {
                    "answer": ""
                },
                {
                    "answer": ""
                },
                {
                    "answer": false
                },
                {
                    "answer": ""
                },
                {
                    "answer": ""
                }
            ],
            [
                {
                    "answer": ""
                },
                {
                    "answer": ""
                },
                {
                    "answer": false
                },
                {
                    "answer": ""
                },
                {
                    "answer": ""
                }
            ],
            [
                {
                    "answer": ""
                },
                {
                    "answer": ""
                },
                {
                    "answer": false
                },
                {
                    "answer": ""
                },
                {
                    "answer": ""
                }
            ],
            [
                {
                    "answer": ""
                },
                {
                    "answer": ""
                },
                {
                    "answer": false
                },
                {
                    "answer": ""
                },
                {
                    "answer": ""
                }
            ]
        ],
        "3": [],
        "4": []
    },
    "PSP_08": {
        "1": [
            [
                {
                    "answer": "Pas applicable"
                },
                {
                    "answer": "Pas applicable"
                }
            ],
            [
                {
                    "answer": "Oui"
                },
                {
                    "answer": "Non"
                }
            ],
            [
                {
                    "answer": "Non"
                },
                {
                    "answer": "Non"
                }
            ],
            [
                {
                    "answer": "Non"
                },
                {
                    "answer": "Non"
                }
            ],
            [
                {
                    "answer": "Oui"
                },
                {
                    "answer": "Non"
                }
            ],
            [
                {
                    "answer": "Non"
                },
                {
                    "answer": "Non"
                }
            ],
            [
                {
                    "answer": "Non"
                },
                {
                    "answer": "Oui"
                }
            ],
            [
                {
                    "answer": "Non"
                },
                {
                    "answer": "Non"
                }
            ]
        ],
        "2": {
            "answer": "Complètement"
        },
        "3": {
            "answer": "Elevée"
        },
        "4": {
            "answer": "Complètement"
        },
        "5": {
            "answer": "Elevée"
        }
    },
    "PSP_09": {
        "1": {
            "answer": "Oui"
        },
        "2": {
            "answer": "nara,chaumont,sciala"
        },
        "3": {
            "answer": 100
        },
        "4": {
            "answer": "rendement et résistance "
        },
        "5": {
            "answer": "Oui"
        },
        "6": {
            "answer": "Oui"
        },
        "7": {
            "answer": "probuste un blé"
        },
        "8": {
            "answer": "Oui"
        },
        "9": {
            "answer": ""
        },
        "10": {
            "answer": 100
        },
        "11": {
            "answer": "annuellement ca change, matiere grasse,protéines et taux de cellules toujours regardés"
        },
        "12": {
            "answer": "Oui"
        },
        "13": {
            "answer": "Oui"
        },
        "14": {
            "answer": "Beaucoup"
        },
        "15": {
            "answer": "Faible"
        }
    },
    "PSP_10": {
        "1": {
            "answer": "Non"
        },
        "2": {
            "answer": ""
        },
        "3": [],
        "4": {
            "answer": []
        },
        "5": [],
        "6": {
            "answer": ""
        },
        "7": {
            "answer": []
        },
        "8": [],
        "9": []
    },
    "PSP_11": {
        "1": {
            "answer": "Non"
        },
        "2": {
            "answer": []
        },
        "3": [
            [
                {
                    "answer": false
                },
                {
                    "answer": ""
                }
            ],
            [
                {
                    "answer": false
                },
                {
                    "answer": ""
                }
            ]
        ],
        "4": {
            "answer": "Non"
        },
        "5": {
            "answer": []
        },
        "6": [
            [
                {
                    "answer": false
                },
                {
                    "answer": ""
                }
            ],
            [
                {
                    "answer": false
                },
                {
                    "answer": ""
                }
            ]
        ],
        "7": [],
        "8": []
    },
    "PSP_12": {
        "1": [
            [
                {
                    "answer": "Oui"
                }
            ],
            [
                {
                    "answer": "Non"
                }
            ],
            [
                {
                    "answer": "Non"
                }
            ],
            [
                {
                    "answer": "Oui"
                }
            ],
            [
                {
                    "answer": "Oui"
                }
            ],
            [
                {
                    "answer": "Pas applicable"
                }
            ],
            [
                {
                    "answer": "Oui"
                }
            ],
            [
                {
                    "answer": "Oui"
                }
            ],
            [
                {
                    "answer": "Non"
                }
            ],
            [
                {
                    "answer": "Oui"
                }
            ],
            [
                []
            ]
        ],
        "2": {
            "answer": "Beaucoup"
        },
        "3": {
            "answer": "Moyennement"
        }
    },
    "PSP_13": {
        "1": [
            [
                {
                    "answer": true
                },
                {
                    "answer": false
                }
            ],
            [
                {
                    "answer": true
                },
                {
                    "answer": false
                }
            ],
            [
                {
                    "answer": true
                },
                {
                    "answer": true
                }
            ],
            [
                {
                    "answer": true
                },
                {
                    "answer": true
                }
            ],
            [
                {
                    "answer": false
                },
                {
                    "answer": false
                }
            ],
            [
                {
                    "answer": true
                },
                {
                    "answer": true
                }
            ],
            [
                {
                    "answer": false
                },
                {
                    "answer": true
                }
            ],
            [
                {
                    "answer": true
                },
                {
                    "answer": true
                }
            ],
            [
                {
                    "answer": true
                },
                {
                    "answer": true
                }
            ],
            [
                {
                    "answer": false
                },
                {
                    "answer": false
                }
            ],
            [
                {
                    "answer": false
                },
                {
                    "answer": false
                }
            ]
        ],
        "2": {
            "answer": "Complètement"
        },
        "3": {
            "answer": "Beaucoup"
        }
    },
    "PSP_14": {
        "1": {
            "answer": "Oui"
        },
        "2": {
            "answer": "Oui"
        },
        "3": {
            "answer": [
                null,
                "Plus grande variabilité des précipitations",
                "Pluies tardives",
                "Augmentation de la température",
                "Inondations",
                "Retard à l'arrivée du printemps",
                "Arrivée du printemps précoce",
                "Infestation inhabituelle d'animaux nuisibles",
                "Sécheresse inhabituelle"
            ]
        },
        "4": {
            "answer": "remettre des arbres dans les paturage pour l'ombre ou tente, problème de chaleur pour les animaux : apporter de l'eau plus régulièrement"
        },
        "5": {
            "answer": "Non"
        },
        "6": {
            "answer": "Oui"
        },
        "7": {
            "answer": "fiables"
        },
        "8": {
            "answer": "Oui"
        },
        "9": [
            [
                {
                    "answer": true
                }
            ],
            [
                {
                    "answer": true
                }
            ],
            [
                {
                    "answer": true
                }
            ],
            [
                {
                    "answer": true
                }
            ],
            [
                {
                    "answer": true
                }
            ],
            [
                {
                    "answer": true
                }
            ],
            [
                {
                    "answer": false
                }
            ],
            [
                {
                    "answer": true
                }
            ],
            [
                {
                    "answer": false
                }
            ]
        ],
        "10": {
            "answer": "Non"
        },
        "11": {
            "answer": "Oui"
        },
        "12": {
            "answer": "Deux sources"
        },
        "13": {
            "answer": "Complètement"
        },
        "14": {
            "answer": "Elevée"
        }
    },
    "PSP_15": {
        "1": {
            "answer": "Non"
        },
        "2": {
            "answer": "produits naturels faits nous même sinon chimique vétérinaire"
        },
        "3": {
            "answer": "Complètement"
        },
        "4": {
            "answer": "Elevée"
        }
    },
    "PSP_16": {
        "1": {
            "answer": "Non"
        },
        "2": [
            [
                {
                    "answer": false
                }
            ],
            [
                {
                    "answer": false
                }
            ],
            [
                {
                    "answer": false
                }
            ],
            [
                {
                    "answer": false
                }
            ],
            [
                {
                    "answer": false
                }
            ],
            [
                {
                    "answer": false
                }
            ],
            [
                {
                    "answer": false
                }
            ],
            [
                {
                    "answer": false
                }
            ],
            [
                {
                    "answer": false
                }
            ],
            [
                {
                    "answer": false
                }
            ],
            [
                {
                    "answer": false
                }
            ]
        ],
        "3": [],
        "4": []
    },
    "PSP_17": {
        "1": [
            [
                {
                    "answer": true
                },
                {
                    "answer": true
                }
            ],
            [
                {
                    "answer": true
                },
                {
                    "answer": true
                }
            ],
            [
                {
                    "answer": true
                },
                {
                    "answer": true
                }
            ]
        ],
        "2": {
            "answer": "Jamais"
        },
        "3": {
            "answer": []
        },
        "4": {
            "answer": [
                "Donnés à des collecteurs"
            ]
        },
        "5": {
            "answer": "Complètement"
        },
        "6": {
            "answer": "Elevée"
        }
    },
    "PSP_18": {
        "1": {
            "answer": "Non",
            "comment": ""
        },
        "2": {
            "answer": ""
        },
        "3": [],
        "4": [],
        "5": []
    },
    "GOV_01": {
        "1": {
            "answer": "Non"
        },
        "2": [
            [
                {
                    "answer": false
                }
            ],
            [
                {
                    "answer": false
                }
            ],
            [
                {
                    "answer": false
                }
            ],
            [
                {
                    "answer": false
                }
            ]
        ],
        "3": {
            "answer": "Non, elles ne sont pas flexibles"
        },
        "4": {
            "answer": "donne plus facilement si on veut s'agrandir suivant quel agriculteur : un meilleur accès à la terre pas seulement aux plus gros"
        },
        "5": {
            "answer": "Non"
        },
        "6": {
            "answer": "Moyennement"
        },
        "7": {
            "answer": "Faible"
        }
    },
    "ENV_01": {
        "1": [
            [
                {
                    "answer": "Réseau d'irrigation"
                },
                {
                    "answer": "Changement négatif"
                },
                {
                    "answer": "dépendant des précipitations "
                }
            ],
            [
                [],
                [],
                {
                    "answer": ""
                }
            ],
            [
                [],
                [],
                {
                    "answer": ""
                }
            ],
            [
                [],
                [],
                {
                    "answer": ""
                }
            ],
            [
                [],
                [],
                {
                    "answer": ""
                }
            ]
        ],
        "2": {
            "answer": "Complètement"
        },
        "3": {
            "answer": "Beaucoup"
        }
    },
    "ENV_02": {
        "1": {
            "answer": []
        },
        "2": [],
        "3": []
    },
    "ENV_03": {
        "1": [
            [
                {
                    "answer": false
                },
                {
                    "answer": ""
                }
            ],
            [
                {
                    "answer": false
                },
                {
                    "answer": ""
                }
            ],
            [
                {
                    "answer": false
                },
                {
                    "answer": ""
                }
            ],
            [
                {
                    "answer": false
                },
                {
                    "answer": ""
                }
            ],
            [
                {
                    "answer": false
                },
                {
                    "answer": ""
                }
            ],
            [
                {
                    "answer": false
                },
                {
                    "answer": ""
                }
            ]
        ],
        "2": {
            "answer": "Complètement"
        },
        "3": {
            "answer": "Complètement"
        },
        "4": {
            "answer": "Complètement"
        },
        "5": {
            "answer": "Très élevée"
        }
    },
    "ENV_04": {
        "1": [
            [
                {
                    "answer": 7
                },
                {
                    "answer": ""
                },
                {
                    "answer": ""
                },
                {
                    "answer": ""
                }
            ],
            [
                {
                    "answer": 0
                },
                {
                    "answer": 11
                },
                {
                    "answer": ""
                },
                {
                    "answer": ""
                }
            ],
            [
                {
                    "answer": ""
                },
                {
                    "answer": ""
                },
                {
                    "answer": ""
                },
                {
                    "answer": ""
                }
            ]
        ],
        "2": {
            "answer": "17,93"
        },
        "3": {
            "answer": 20
        },
        "4": {
            "answer": "Moyennement"
        },
        "5": {
            "answer": "Elevée"
        }
    },
    "ENV_05": {
        "1": {
            "answer": 3
        },
        "2": {
            "answer": [
                "Argileux?",
                "Pierreux?"
            ]
        },
        "3": {
            "answer": "Elevée"
        },
        "4": {
            "answer": "Non"
        },
        "5": {
            "answer": "Moyennement"
        },
        "6": {
            "answer": "Très"
        },
        "7": {
            "answer": "Oui"
        },
        "8": {
            "answer": "trop humides au printemps, ou trop sec en été et humide à l'automne maintenant , ce qui limite l'accès aux parcelles pour led récoltes et abime la terre"
        },
        "9": {
            "answer": "Oui"
        },
        "10": {
            "answer": "Oui"
        }
    },
    "ENV_06": {
        "1": [
            [
                {
                    "answer": true
                },
                {
                    "answer": "améliorer les rendements et qualité et moins mettre d'engrais"
                }
            ],
            [
                {
                    "answer": false
                },
                {
                    "answer": ""
                }
            ],
            [
                {
                    "answer": true
                },
                {
                    "answer": ""
                }
            ],
            [
                {
                    "answer": true
                },
                {
                    "answer": ""
                }
            ],
            [
                {
                    "answer": true
                },
                {
                    "answer": ""
                }
            ],
            [
                {
                    "answer": true
                },
                {
                    "answer": ""
                }
            ],
            [
                {
                    "answer": false
                },
                {
                    "answer": ""
                }
            ],
            [
                {
                    "answer": false
                },
                {
                    "answer": ""
                }
            ],
            [
                {
                    "answer": false
                },
                {
                    "answer": ""
                }
            ],
            [
                {
                    "answer": true
                },
                {
                    "answer": ""
                }
            ],
            [
                {
                    "answer": true
                },
                {
                    "answer": ""
                }
            ],
            [
                {
                    "answer": false
                },
                {
                    "answer": ""
                }
            ],
            [
                {
                    "answer": true
                },
                {
                    "answer": "sur réseau ecologique les bordures"
                }
            ],
            [
                {
                    "answer": true
                },
                {
                    "answer": ""
                }
            ],
            [
                {
                    "answer": true
                },
                {
                    "answer": ""
                }
            ],
            [
                {
                    "answer": false
                },
                {
                    "answer": ""
                }
            ]
        ],
        "2": {
            "answer": "Moyennement"
        },
        "3": {
            "answer": "Moyenne"
        }
    },
    "ENV_07": {
        "1": {
            "answer": "Jamais"
        },
        "2": {
            "answer": ""
        },
        "3": [],
        "4": []
    },
    "ENV_08": {
        "1": {
            "answer": "15% ou +"
        },
        "2": {
            "answer": "Un peu"
        },
        "3": {
            "answer": "Moyennement"
        }
    },
    "ENV_09": {
        "1": [
            [
                {
                    "answer": false
                },
                {
                    "answer": false
                },
                {
                    "answer": false
                }
            ],
            [
                {
                    "answer": false
                },
                {
                    "answer": false
                },
                {
                    "answer": false
                }
            ],
            [
                {
                    "answer": false
                },
                {
                    "answer": false
                },
                {
                    "answer": false
                }
            ],
            [
                {
                    "answer": false
                },
                {
                    "answer": false
                },
                {
                    "answer": false
                }
            ],
            [
                {
                    "answer": false
                },
                {
                    "answer": false
                },
                {
                    "answer": false
                }
            ],
            [
                {
                    "answer": false
                },
                {
                    "answer": false
                },
                {
                    "answer": false
                }
            ],
            [
                {
                    "answer": false
                },
                {
                    "answer": false
                },
                {
                    "answer": false
                }
            ],
            [
                {
                    "answer": false
                },
                {
                    "answer": false
                },
                {
                    "answer": false
                }
            ],
            [
                {
                    "answer": false
                },
                {
                    "answer": false
                },
                {
                    "answer": false
                }
            ],
            [
                {
                    "answer": false
                },
                {
                    "answer": false
                },
                {
                    "answer": false
                }
            ],
            [
                {
                    "answer": false
                },
                {
                    "answer": false
                },
                {
                    "answer": false
                }
            ],
            [
                {
                    "answer": true
                },
                {
                    "answer": false
                },
                {
                    "answer": true
                }
            ],
            [
                {
                    "answer": true
                },
                {
                    "answer": false
                },
                {
                    "answer": false
                }
            ],
            [
                {
                    "answer": false
                },
                {
                    "answer": false
                },
                {
                    "answer": false
                }
            ],
            [
                {
                    "answer": true
                },
                {
                    "answer": true
                },
                {
                    "answer": false
                }
            ],
            [
                {
                    "answer": false
                },
                {
                    "answer": false
                },
                {
                    "answer": false
                }
            ]
        ],
        "2": {
            "answer": "Tout ou la plupart de l'énergie dépend d'acteurs externes (0-20% viennent de votre propre exploitation)"
        },
        "3": {
            "answer": "Beaucoup"
        },
        "4": {
            "answer": "Elevée"
        }
    },
    "ENV_10": {
        "1": {
            "answer": "Oui"
        },
        "2": [
            [
                {
                    "answer": true
                }
            ],
            [
                {
                    "answer": false
                }
            ],
            [
                {
                    "answer": true
                }
            ],
            [
                {
                    "answer": false
                }
            ]
        ],
        "3": {
            "answer": "Ouvert"
        },
        "4": {
            "answer": "Ouvert"
        },
        "5": {
            "answer": "Non"
        },
        "6": [],
        "7": {
            "answer": "Moyennement"
        },
        "8": {
            "answer": "Elevée"
        }
    },
    "ENV_11": {
        "1": {
            "answer": "Non"
        },
        "2": [],
        "3": [
            [
                {
                    "answer": false
                }
            ],
            [
                {
                    "answer": true
                }
            ],
            [
                {
                    "answer": false
                }
            ]
        ],
        "4": [],
        "5": {
            "answer": "Pas du tout"
        },
        "6": [
            [
                {
                    "answer": false
                },
                {
                    "answer": ""
                },
                {
                    "answer": false
                }
            ],
            [
                {
                    "answer": true
                },
                {
                    "answer": ""
                },
                {
                    "answer": false
                }
            ],
            [
                {
                    "answer": false
                },
                {
                    "answer": ""
                },
                {
                    "answer": false
                }
            ]
        ],
        "7": {
            "answer": "Oui"
        },
        "8": {
            "answer": "Non"
        },
        "9": [
            [
                {
                    "answer": true
                }
            ],
            [
                {
                    "answer": true
                }
            ],
            [
                {
                    "answer": false
                }
            ],
            [
                {
                    "answer": false
                }
            ],
            [
                {
                    "answer": false
                }
            ],
            [
                {
                    "answer": false
                }
            ]
        ],
        "10": {
            "answer": "Complètement"
        },
        "11": {
            "answer": "Elevée"
        }
    },
    "ENV_12": {
        "1": [
            [
                {
                    "answer": false
                }
            ],
            [
                {
                    "answer": false
                }
            ],
            [
                {
                    "answer": false
                }
            ],
            [
                {
                    "answer": true
                }
            ],
            [
                {
                    "answer": true
                }
            ],
            [
                {
                    "answer": true
                }
            ],
            [
                {
                    "answer": true
                }
            ],
            [
                {
                    "answer": true
                }
            ],
            [
                {
                    "answer": true
                }
            ],
            [
                {
                    "answer": false
                }
            ]
        ],
        "2": {
            "answer": 4
        },
        "3": {
            "answer": "Oui"
        },
        "4": {
            "answer": "Beaucoup"
        },
        "5": {
            "answer": "Moyennement"
        }
    },
    "SOC_01": {
        "1": {
            "answer": "Oui"
        },
        "2": [
            [
                {
                    "answer": false
                },
                [],
                []
            ],
            [
                {
                    "answer": true
                },
                {
                    "answer": "Pas actif"
                },
                []
            ],
            [
                {
                    "answer": false
                },
                [],
                []
            ],
            [
                {
                    "answer": false
                },
                [],
                []
            ],
            [
                {
                    "answer": false
                },
                [],
                []
            ],
            [
                {
                    "answer": false
                },
                [],
                []
            ],
            [
                {
                    "answer": false
                },
                [],
                []
            ],
            [
                {
                    "answer": false
                },
                [],
                []
            ],
            [
                {
                    "answer": false
                },
                [],
                []
            ],
            [
                {
                    "answer": true
                },
                {
                    "answer": "Assez actif"
                },
                {
                    "answer": "Deux fois par année ou moins"
                }
            ],
            [
                {
                    "answer": false
                },
                [],
                []
            ],
            [
                {
                    "answer": false
                },
                [],
                []
            ],
            [
                {
                    "answer": false
                },
                [],
                []
            ],
            [
                {
                    "answer": false
                },
                [],
                []
            ],
            [
                {
                    "answer": false
                },
                [],
                []
            ],
            [
                {
                    "answer": false
                },
                [],
                []
            ],
            [
                {
                    "answer": false
                },
                [],
                []
            ],
            [
                {
                    "answer": false
                },
                [],
                []
            ],
            [
                {
                    "answer": false
                },
                [],
                []
            ],
            [
                {
                    "answer": false
                },
                [],
                []
            ],
            [
                {
                    "answer": false
                },
                [],
                []
            ]
        ],
        "3": [
            [
                {
                    "answer": true
                }
            ],
            [
                {
                    "answer": false
                }
            ],
            [
                {
                    "answer": true
                }
            ],
            [
                {
                    "answer": true
                }
            ],
            [
                {
                    "answer": false
                }
            ],
            [
                {
                    "answer": false
                }
            ],
            [
                {
                    "answer": true
                }
            ],
            [
                {
                    "answer": false
                }
            ]
        ],
        "4": {
            "answer": "Non"
        },
        "5": {
            "answer": ""
        },
        "6": {
            "answer": "Moyennement"
        },
        "7": {
            "answer": "Beaucoup"
        },
        "8": {
            "answer": "Moyennement"
        },
        "9": {
            "answer": "Moyenne"
        }
    },
    "SOC_02": {
        "1": {
            "answer": "Oui"
        },
        "2": {
            "answer": "Complètement"
        },
        "3": {
            "answer": "Très élevée"
        }
    },
    "SOC_03": {
        "1": [
            [
                {
                    "answer": false
                }
            ],
            [
                {
                    "answer": false
                }
            ],
            [
                {
                    "answer": false
                }
            ],
            [
                {
                    "answer": true
                }
            ],
            [
                {
                    "answer": false
                }
            ],
            [
                {
                    "answer": false
                }
            ],
            [
                {
                    "answer": true
                }
            ],
            [
                {
                    "answer": true
                }
            ],
            [
                {
                    "answer": true
                }
            ],
            [
                {
                    "answer": true
                }
            ],
            [
                {
                    "answer": true
                }
            ]
        ],
        "2": {
            "answer": "Non"
        },
        "3": {
            "answer": "peut etre plus de mais si il fait plus sec"
        },
        "4": {
            "answer": "Moyennement"
        },
        "5": {
            "answer": "Non"
        },
        "6": [],
        "7": {
            "answer": "Moyennement"
        }
    },
    "SOC_04": {
        "1": {
            "answer": "Oui et ils sont de bonne qualité"
        },
        "2": {
            "answer": "Complètement"
        },
        "3": {
            "answer": "Elevée"
        }
    },
    "SOC_05": {
        "1": {
            "answer": "Oui"
        },
        "2": {
            "answer": "Oui"
        },
        "3": [
            [
                {
                    "answer": true
                }
            ],
            [
                {
                    "answer": false
                }
            ],
            [
                {
                    "answer": false
                }
            ],
            [
                {
                    "answer": false
                }
            ]
        ],
        "4": [
            [
                {
                    "answer": true
                }
            ],
            [
                {
                    "answer": true
                }
            ],
            [
                {
                    "answer": true
                }
            ],
            [
                {
                    "answer": false
                }
            ],
            [
                {
                    "answer": false
                }
            ]
        ],
        "5": {
            "answer": "Moyennement"
        },
        "6": {
            "answer": "Elevée"
        }
    },
    "SOC_06": {
        "1": {
            "answer": "Pas applicable"
        },
        "2": {
            "answer": "Non"
        },
        "3": {
            "answer": "Non"
        },
        "4": [],
        "5": []
    },
    "EC_09": {
        "1": [
            [
                {
                    "answer": 1
                },
                {
                    "answer": ""
                }
            ],
            [
                {
                    "answer": 2
                },
                {
                    "answer": ""
                }
            ],
            [
                {
                    "answer": 3
                },
                {
                    "answer": ""
                }
            ],
            [
                {
                    "answer": 3
                },
                {
                    "answer": ""
                }
            ],
            [
                {
                    "answer": 4
                },
                {
                    "answer": ""
                }
            ],
            [
                [],
                {
                    "answer": ""
                }
            ]
        ],
        "2": {
            "answer": "Complètement"
        },
        "3": {
            "answer": "Elevée"
        }
    },
    "EC_08": {
        "1": [
            [
                {
                    "answer": "batiment"
                },
                {
                    "answer": true
                },
                {
                    "answer": true
                },
                {
                    "answer": false
                },
                {
                    "answer": ""
                },
                {
                    "answer": false
                }
            ],
            [
                {
                    "answer": "machines"
                },
                {
                    "answer": false
                },
                {
                    "answer": true
                },
                {
                    "answer": true
                },
                {
                    "answer": "vol,casse,rc agricole"
                },
                {
                    "answer": false
                }
            ],
            [
                {
                    "answer": "bétail"
                },
                {
                    "answer": false
                },
                {
                    "answer": false
                },
                {
                    "answer": true
                },
                {
                    "answer": "rc agricole"
                },
                {
                    "answer": false
                }
            ],
            [
                {
                    "answer": ""
                },
                {
                    "answer": false
                },
                {
                    "answer": false
                },
                {
                    "answer": false
                },
                {
                    "answer": ""
                },
                {
                    "answer": false
                }
            ],
            [
                {
                    "answer": ""
                },
                {
                    "answer": false
                },
                {
                    "answer": false
                },
                {
                    "answer": false
                },
                {
                    "answer": ""
                },
                {
                    "answer": false
                }
            ],
            [
                {
                    "answer": ""
                },
                {
                    "answer": false
                },
                {
                    "answer": false
                },
                {
                    "answer": false
                },
                {
                    "answer": ""
                },
                {
                    "answer": false
                }
            ],
            [
                {
                    "answer": ""
                },
                {
                    "answer": false
                },
                {
                    "answer": false
                },
                {
                    "answer": false
                },
                {
                    "answer": ""
                },
                {
                    "answer": false
                }
            ],
            [
                {
                    "answer": ""
                },
                {
                    "answer": false
                },
                {
                    "answer": false
                },
                {
                    "answer": false
                },
                {
                    "answer": ""
                },
                {
                    "answer": false
                }
            ],
            [
                {
                    "answer": ""
                },
                {
                    "answer": false
                },
                {
                    "answer": false
                },
                {
                    "answer": false
                },
                {
                    "answer": ""
                },
                {
                    "answer": false
                }
            ],
            [
                {
                    "answer": ""
                },
                {
                    "answer": false
                },
                {
                    "answer": false
                },
                {
                    "answer": false
                },
                {
                    "answer": ""
                },
                {
                    "answer": false
                }
            ]
        ],
        "2": {
            "answer": "Complètement"
        },
        "3": {
            "answer": "Elevée"
        }
    },
    "EC_11": {
        "1": {
            "answer": 2
        },
        "2": [
            [
                {
                    "answer": "Production agricoles"
                }
            ],
            [
                {
                    "answer": "Revenu externe à l'exploitation"
                }
            ],
            [
                []
            ]
        ],
        "3": {
            "answer": "Profit stable"
        },
        "4": {
            "answer": 30
        },
        "5": {
            "answer": "Non"
        },
        "6": {
            "answer": "Pas du tout"
        },
        "7": {
            "answer": "Faible"
        }
    },
    "EC_12": {
        "1": {
            "answer": "Non"
        },
        "2": {
            "answer": "Oui"
        },
        "3": [],
        "4": []
    },
    "EC_14": {
        "1": {
            "answer": "Non"
        },
        "2": {
            "answer": [
                "Banque"
            ]
        },
        "3": {
            "answer": "Un peu"
        },
        "4": {
            "answer": "Beaucoup"
        }
    },
    "EC_01": {
        "1": {
            "answer": "Moins de 45% de fonds propres"
        },
        "2": {
            "answer": "Pas du tout"
        },
        "3": {
            "answer": "Beaucoup"
        }
    },
    "EC_15": {
        "1": {
            "answer": "Non, je n'ai pas de 'marge de manoeuvre' (par ex. dû à de grosses dettes)"
        },
        "2": {
            "answer": "Oui"
        },
        "3": {
            "answer": "Un peu"
        },
        "4": {
            "answer": "Beaucoup"
        }
    },
    "EC_10": {
        "1": [
            [
                {
                    "answer": "énergie pour chauffage/éclairage/machines"
                }
            ],
            [
                {
                    "answer": "matériel agricole"
                }
            ],
            [
                {
                    "answer": "pesticides"
                }
            ],
            [
                {
                    "answer": "engrais"
                }
            ],
            [
                []
            ]
        ],
        "2": {
            "answer": "Oui"
        },
        "3": {
            "answer": "Non"
        },
        "4": {
            "answer": "Moyennement"
        },
        "5": {
            "answer": "Beaucoup"
        }
    },
    "EC_13": {
        "1": [
            [
                {
                    "answer": "Oui"
                }
            ],
            [
                {
                    "answer": "Oui"
                }
            ],
            [
                {
                    "answer": "Oui"
                }
            ],
            [
                {
                    "answer": "Oui"
                }
            ],
            [
                {
                    "answer": "Oui"
                }
            ],
            [
                {
                    "answer": "Oui"
                }
            ],
            [
                {
                    "answer": "Pas applicable"
                }
            ],
            [
                {
                    "answer": "Oui"
                }
            ],
            [
                []
            ]
        ],
        "2": {
            "answer": 10
        },
        "3": {
            "answer": "Complètement"
        },
        "4": {
            "answer": "Beaucoup"
        }
    },
    "EC_07": {
        "1": [
            [
                {
                    "answer": "Oui"
                }
            ],
            [
                {
                    "answer": "Oui"
                }
            ],
            [
                {
                    "answer": "Oui"
                }
            ],
            [
                {
                    "answer": "Oui"
                }
            ],
            [
                {
                    "answer": "Oui"
                }
            ],
            [
                {
                    "answer": "Oui"
                }
            ],
            [
                {
                    "answer": "Non"
                }
            ],
            [
                {
                    "answer": "Non"
                }
            ],
            [
                {
                    "answer": "Non"
                }
            ],
            [
                []
            ]
        ],
        "2": {
            "answer": "Complètement"
        },
        "3": {
            "answer": "Beaucoup"
        }
    },
    "EC_06": {
        "1": {
            "answer": "Souvent"
        },
        "2": {
            "answer": "Beaucoup"
        },
        "3": {
            "answer": "Beaucoup"
        }
    },
    "EC_03": {
        "1": [
            [
                {
                    "answer": "Non"
                },
                {
                    "answer": ""
                }
            ],
            [
                {
                    "answer": "Non"
                },
                {
                    "answer": ""
                }
            ],
            [
                {
                    "answer": "Non"
                },
                {
                    "answer": "sauf insémination chez swiss genetics"
                }
            ]
        ],
        "2": {
            "answer": [
                "Je suis satisfait"
            ]
        },
        "3": {
            "answer": "Complètement"
        },
        "4": {
            "answer": "Beaucoup"
        }
    },
    "EC_04": {
        "1": [
            [
                {
                    "answer": "lait"
                },
                {
                    "answer": true
                },
                {
                    "answer": "Un mixte des deux"
                },
                {
                    "answer": "Jamais"
                },
                {
                    "answer": true
                }
            ],
            [
                {
                    "answer": "colza"
                },
                {
                    "answer": true
                },
                {
                    "answer": "Je suis satisfait"
                },
                {
                    "answer": "Jamais"
                },
                {
                    "answer": true
                }
            ],
            [
                {
                    "answer": "blé"
                },
                {
                    "answer": true
                },
                {
                    "answer": "Je suis satisfait"
                },
                {
                    "answer": "Jamais"
                },
                {
                    "answer": true
                }
            ],
            [
                {
                    "answer": ""
                },
                {
                    "answer": false
                },
                [],
                [],
                {
                    "answer": false
                }
            ],
            [
                {
                    "answer": ""
                },
                {
                    "answer": false
                },
                [],
                [],
                {
                    "answer": false
                }
            ],
            [
                {
                    "answer": ""
                },
                {
                    "answer": false
                },
                [],
                [],
                {
                    "answer": false
                }
            ]
        ],
        "2": {
            "answer": "Complètement"
        },
        "3": {
            "answer": "Beaucoup"
        }
    },
    "EC_02": {
        "1": {
            "answer": "Non"
        },
        "2": [
            [
                {
                    "answer": ""
                },
                {
                    "answer": false
                },
                [],
                []
            ],
            [
                {
                    "answer": ""
                },
                {
                    "answer": false
                },
                [],
                []
            ],
            [
                {
                    "answer": ""
                },
                {
                    "answer": false
                },
                [],
                []
            ],
            [
                {
                    "answer": ""
                },
                {
                    "answer": false
                },
                [],
                []
            ],
            [
                {
                    "answer": ""
                },
                {
                    "answer": false
                },
                [],
                []
            ],
            [
                {
                    "answer": ""
                },
                {
                    "answer": false
                },
                [],
                []
            ]
        ],
        "3": {
            "answer": ""
        },
        "4": [],
        "5": []
    },
    "EC_16": {
        "1": [
            [
                {
                    "answer": "lait"
                },
                {
                    "answer": "Trop bas"
                },
                {
                    "answer": "true"
                }
            ],
            [
                {
                    "answer": "colza"
                },
                {
                    "answer": "Décroissant"
                },
                {
                    "answer": "false"
                }
            ],
            [
                {
                    "answer": "blé"
                },
                {
                    "answer": "Décroissant"
                },
                {
                    "answer": "false"
                }
            ],
            [
                {
                    "answer": ""
                },
                [],
                {
                    "answer": "false"
                }
            ],
            [
                {
                    "answer": ""
                },
                [],
                {
                    "answer": "false"
                }
            ],
            [
                {
                    "answer": ""
                },
                [],
                {
                    "answer": "false"
                }
            ]
        ],
        "2": {
            "answer": "Moyennement"
        },
        "3": {
            "answer": "Beaucoup"
        }
    },
    "ADM_01": {
        "1": {
            "answer": "helene"
        },
        "2": {
            "answer": "thierrin"
        },
        "3": {
            "answer": "edmond"
        },
        "4": {
            "answer": "helenedomicile4"
        },
        "5": {
            "answer": "Chef de l'exploitation"
        },
        "6": {
            "answer": ""
        },
        "7": {
            "answer": ""
        },
        "8": {
            "answer": ""
        },
        "9": {
            "answer": ""
        },
        "10": {
            "answer": "combremont-le-petit"
        },
        "11": {
            "answer": ""
        },
        "12": {
            "answer": ""
        },
        "13": {
            "answer": 14.12
        },
        "14": {
            "answer": "Homme"
        },
        "15": {
            "answer": "25 mars 55, 63 ans"
        },
        "16": {
            "answer": "Mixte"
        },
        "17": {
            "answer": "Exploitation conventionnelle"
        },
        "18": {
            "answer": "11-30 ha"
        }
    },
    "PSP_02": {
        "1": [
            [
                {
                    "answer": true
                },
                {
                    "answer": false
                },
                {
                    "answer": true
                }
            ],
            [
                {
                    "answer": false
                },
                {
                    "answer": false
                },
                {
                    "answer": false
                }
            ],
            [
                {
                    "answer": true
                },
                {
                    "answer": false
                },
                {
                    "answer": true
                }
            ],
            [
                {
                    "answer": false
                },
                {
                    "answer": false
                },
                {
                    "answer": false
                }
            ],
            [
                {
                    "answer": false
                },
                {
                    "answer": false
                },
                {
                    "answer": false
                }
            ],
            [
                {
                    "answer": false
                },
                {
                    "answer": false
                },
                {
                    "answer": false
                }
            ],
            [
                {
                    "answer": false
                },
                {
                    "answer": false
                },
                {
                    "answer": false
                }
            ],
            [
                {
                    "answer": false
                },
                {
                    "answer": false
                },
                {
                    "answer": false
                }
            ],
            [
                {
                    "answer": false
                },
                {
                    "answer": false
                },
                {
                    "answer": false
                }
            ],
            [
                {
                    "answer": false
                },
                {
                    "answer": false
                },
                {
                    "answer": false
                }
            ],
            [
                {
                    "answer": false
                },
                {
                    "answer": false
                },
                {
                    "answer": false
                }
            ],
            [
                {
                    "answer": false
                },
                {
                    "answer": false
                },
                {
                    "answer": false
                }
            ]
        ],
        "2": [
            [
                {
                    "answer": true
                }
            ],
            [
                {
                    "answer": false
                }
            ],
            [
                {
                    "answer": false
                }
            ]
        ],
        "3": {
            "answer": "Moyennement"
        },
        "4": {
            "answer": "Très"
        }
    },
    "PSP_01": {
        "1": [
            [
                {
                    "answer": 1
                },
                {
                    "answer": true
                },
                {
                    "answer": 1
                },
                {
                    "answer": 1
                },
                {
                    "answer": 0
                },
                {
                    "answer": ""
                },
                {
                    "answer": 1
                }
            ],
            [
                {
                    "answer": ""
                },
                {
                    "answer": false
                },
                {
                    "answer": ""
                },
                {
                    "answer": ""
                },
                {
                    "answer": ""
                },
                {
                    "answer": ""
                },
                {
                    "answer": ""
                }
            ],
            [
                {
                    "answer": ""
                },
                {
                    "answer": false
                },
                {
                    "answer": ""
                },
                {
                    "answer": ""
                },
                {
                    "answer": ""
                },
                {
                    "answer": ""
                },
                {
                    "answer": ""
                }
            ],
            [
                {
                    "answer": ""
                },
                {
                    "answer": false
                },
                {
                    "answer": ""
                },
                {
                    "answer": ""
                },
                {
                    "answer": ""
                },
                {
                    "answer": ""
                },
                {
                    "answer": ""
                }
            ],
            [
                {
                    "answer": ""
                },
                {
                    "answer": false
                },
                {
                    "answer": ""
                },
                {
                    "answer": ""
                },
                {
                    "answer": ""
                },
                {
                    "answer": ""
                },
                {
                    "answer": ""
                }
            ],
            [
                {
                    "answer": ""
                },
                {
                    "answer": false
                },
                {
                    "answer": ""
                },
                {
                    "answer": ""
                },
                {
                    "answer": ""
                },
                {
                    "answer": ""
                },
                {
                    "answer": ""
                }
            ]
        ],
        "2": {
            "answer": "Entre 51h et 70h/semaine"
        },
        "3": {
            "answer": "Non-applicable"
        },
        "4": {
            "answer": "Oui, il a pu choisir librement"
        },
        "5": [
            [
                {
                    "answer": false
                },
                {
                    "answer": ""
                }
            ],
            [
                {
                    "answer": false
                },
                {
                    "answer": ""
                }
            ]
        ],
        "6": {
            "answer": "Complètement"
        },
        "7": {
            "answer": "Elevée"
        }
    },
    "PSP_04": {
        "1": {
            "answer": "Oui"
        },
        "2": [
            [
                {
                    "answer": false
                },
                {
                    "answer": ""
                }
            ],
            [
                {
                    "answer": false
                },
                {
                    "answer": ""
                }
            ],
            [
                {
                    "answer": false
                },
                {
                    "answer": ""
                }
            ],
            [
                {
                    "answer": true
                },
                {
                    "answer": 1
                }
            ],
            [
                {
                    "answer": true
                },
                {
                    "answer": 1
                }
            ],
            [
                {
                    "answer": false
                },
                {
                    "answer": ""
                }
            ],
            [
                {
                    "answer": false
                },
                {
                    "answer": ""
                }
            ],
            [
                {
                    "answer": false
                },
                {
                    "answer": ""
                }
            ],
            [
                {
                    "answer": false
                },
                {
                    "answer": ""
                }
            ],
            [
                {
                    "answer": false
                },
                {
                    "answer": ""
                }
            ],
            [
                {
                    "answer": true
                },
                {
                    "answer": 1
                }
            ],
            [
                {
                    "answer": false
                },
                {
                    "answer": ""
                }
            ],
            [
                {
                    "answer": false
                },
                {
                    "answer": ""
                }
            ],
            [
                {
                    "answer": false
                },
                {
                    "answer": ""
                }
            ],
            [
                {
                    "answer": false
                },
                {
                    "answer": ""
                }
            ],
            [
                {
                    "answer": false
                },
                {
                    "answer": ""
                }
            ],
            [
                {
                    "answer": false
                },
                {
                    "answer": ""
                }
            ],
            [
                {
                    "answer": false
                },
                {
                    "answer": ""
                }
            ],
            [
                {
                    "answer": false
                },
                {
                    "answer": ""
                }
            ],
            [
                {
                    "answer": false
                },
                {
                    "answer": ""
                }
            ],
            [
                {
                    "answer": false
                },
                {
                    "answer": ""
                }
            ],
            [
                {
                    "answer": false
                },
                {
                    "answer": ""
                }
            ],
            [
                {
                    "answer": false
                },
                {
                    "answer": ""
                }
            ],
            [
                {
                    "answer": false
                },
                {
                    "answer": ""
                }
            ],
            [
                {
                    "answer": false
                },
                {
                    "answer": ""
                }
            ],
            [
                {
                    "answer": false
                },
                {
                    "answer": ""
                }
            ],
            [
                {
                    "answer": false
                },
                {
                    "answer": ""
                }
            ],
            [
                {
                    "answer": false
                },
                {
                    "answer": ""
                }
            ],
            [
                {
                    "answer": false
                },
                {
                    "answer": ""
                }
            ],
            [
                {
                    "answer": false
                },
                {
                    "answer": ""
                }
            ],
            [
                {
                    "answer": false
                },
                {
                    "answer": ""
                }
            ],
            [
                {
                    "answer": false
                },
                {
                    "answer": ""
                }
            ],
            [
                {
                    "answer": false
                },
                {
                    "answer": ""
                }
            ]
        ],
        "3": {
            "answer": "Non",
            "comment": ""
        },
        "4": [
            [
                {
                    "answer": false
                }
            ],
            [
                {
                    "answer": false
                }
            ],
            [
                {
                    "answer": false
                }
            ],
            [
                {
                    "answer": false
                }
            ]
        ],
        "5": {
            "answer": "Complètement"
        },
        "6": {
            "answer": "Elevée"
        }
    },
    "PSP_05": {
        "1": {
            "answer": "Oui"
        },
        "2": [
            [
                {
                    "answer": ""
                },
                {
                    "answer": ""
                },
                {
                    "answer": false
                },
                {
                    "answer": false
                }
            ],
            [
                {
                    "answer": 23
                },
                {
                    "answer": 1
                },
                {
                    "answer": true
                },
                {
                    "answer": true
                }
            ],
            [
                {
                    "answer": ""
                },
                {
                    "answer": ""
                },
                {
                    "answer": false
                },
                {
                    "answer": false
                }
            ],
            [
                {
                    "answer": ""
                },
                {
                    "answer": ""
                },
                {
                    "answer": false
                },
                {
                    "answer": false
                }
            ],
            [
                {
                    "answer": ""
                },
                {
                    "answer": ""
                },
                {
                    "answer": false
                },
                {
                    "answer": false
                }
            ],
            [
                {
                    "answer": ""
                },
                {
                    "answer": ""
                },
                {
                    "answer": false
                },
                {
                    "answer": false
                }
            ],
            [
                {
                    "answer": ""
                },
                {
                    "answer": ""
                },
                {
                    "answer": false
                },
                {
                    "answer": false
                }
            ],
            [
                {
                    "answer": ""
                },
                {
                    "answer": ""
                },
                {
                    "answer": false
                },
                {
                    "answer": false
                }
            ]
        ],
        "3": {
            "answer": "Complètement"
        },
        "4": {
            "answer": "Un peu"
        }
    },
    "PSP_07": {
        "1": [
            [
                {
                    "answer": false
                }
            ],
            [
                {
                    "answer": true
                }
            ],
            [
                {
                    "answer": false
                }
            ],
            [
                {
                    "answer": false
                }
            ],
            [
                {
                    "answer": false
                }
            ],
            [
                {
                    "answer": false
                }
            ],
            [
                {
                    "answer": false
                }
            ],
            [
                {
                    "answer": false
                }
            ]
        ],
        "2": {
            "answer": "3, pulpe de betteraves 15 nov 15 mars 6t, mais et blé en mélange 18% pour vache laitière + foin et regain"
        },
        "3": {
            "answer": ""
        },
        "4": {
            "answer": "Non-applicable"
        },
        "5": {
            "answer": "0%"
        },
        "6": {
            "answer": "Non"
        },
        "7": {
            "answer": "Complètement"
        },
        "8": {
            "answer": "Moyenne"
        }
    },
    "meta": {
        "version": "v-1.0.6-FR",
        "filename": "uuid_1058329f-4394-4383-b439-e45386ca991f_answer_8.json"
    }
}